{
  "n_valid": 1977,
  "scopes": {
    "all": {
      "n": 1977,
      "routed_v4_500k": {
        "homo": {
          "mae_eV": 0.09302154330967122,
          "r2": 0.9214894986569758
        },
        "lumo": {
          "mae_eV": 0.0953593451627036,
          "r2": 0.9690569224330617
        },
        "gap": {
          "mae_eV": 0.12258057011659332,
          "r2": 0.9590292439735103
        },
        "average": {
          "mae_eV": 0.10365381952965605,
          "r2": 0.9498585550211827
        }
      },
      "repaired_2m_d_gps7_seed44": {
        "homo": {
          "mae_eV": 0.09278573813508346,
          "r2": 0.9233860521637209
        },
        "lumo": {
          "mae_eV": 0.09062450645919659,
          "r2": 0.9737075131856749
        },
        "gap": {
          "mae_eV": 0.11608659359443348,
          "r2": 0.9646731127310998
        },
        "average": {
          "mae_eV": 0.09983227939623784,
          "r2": 0.9539222260268319
        }
      },
      "candidate_minus_routed_v4_500k": {
        "homo": {
          "mae_delta_eV": -0.00023580517458776117,
          "normal_ci95_eV": [
            -0.0027940237653248192,
            0.0023224134161492966
          ],
          "candidate_win_rate": 0.5007587253414264
        },
        "lumo": {
          "mae_delta_eV": -0.004734838703507005,
          "normal_ci95_eV": [
            -0.007520002920923766,
            -0.001949674486090245
          ],
          "candidate_win_rate": 0.5240263024785028
        },
        "gap": {
          "mae_delta_eV": -0.006493976522159844,
          "normal_ci95_eV": [
            -0.010284066329183274,
            -0.0027038867151364145
          ],
          "candidate_win_rate": 0.5103692463328275
        },
        "average": {
          "mae_delta_eV": -0.0038215401334182036,
          "normal_ci95_eV": [
            -0.006220542117332419,
            -0.0014225381495039887
          ],
          "candidate_win_rate": 0.514921598381386
        }
      }
    },
    "ood1000": {
      "n": 999,
      "routed_v4_500k": {
        "homo": {
          "mae_eV": 0.10327928250488991,
          "r2": 0.911385538291508
        },
        "lumo": {
          "mae_eV": 0.10241736727041041,
          "r2": 0.9745330547455251
        },
        "gap": {
          "mae_eV": 0.13265152289234733,
          "r2": 0.9650824653303471
        },
        "average": {
          "mae_eV": 0.11278272422254923,
          "r2": 0.9503336861224602
        }
      },
      "repaired_2m_d_gps7_seed44": {
        "homo": {
          "mae_eV": 0.10249774057305805,
          "r2": 0.9125041172005444
        },
        "lumo": {
          "mae_eV": 0.09628562322299575,
          "r2": 0.977695146887901
        },
        "gap": {
          "mae_eV": 0.1270271235503854,
          "r2": 0.9678513379266149
        },
        "average": {
          "mae_eV": 0.1086034957821464,
          "r2": 0.9526835340050201
        }
      },
      "candidate_minus_routed_v4_500k": {
        "homo": {
          "mae_delta_eV": -0.0007815419318318462,
          "normal_ci95_eV": [
            -0.004473908398562336,
            0.0029108245348986443
          ],
          "candidate_win_rate": 0.5105105105105106
        },
        "lumo": {
          "mae_delta_eV": -0.006131744047414659,
          "normal_ci95_eV": [
            -0.009862420390831347,
            -0.00240106770399797
          ],
          "candidate_win_rate": 0.5315315315315315
        },
        "gap": {
          "mae_delta_eV": -0.005624399341961961,
          "normal_ci95_eV": [
            -0.01046195089327193,
            -0.0007868477906519912
          ],
          "candidate_win_rate": 0.5105105105105106
        },
        "average": {
          "mae_delta_eV": -0.004179228440402824,
          "normal_ci95_eV": [
            -0.007335929110795041,
            -0.0010225277700106057
          ],
          "candidate_win_rate": 0.5125125125125125
        }
      }
    },
    "p8_targeted_hard": {
      "n": 978,
      "routed_v4_500k": {
        "homo": {
          "mae_eV": 0.08254354591087422,
          "r2": 0.9220835038195533
        },
        "lumo": {
          "mae_eV": 0.08814977043305217,
          "r2": 0.949400170425258
        },
        "gap": {
          "mae_eV": 0.11229336988859918,
          "r2": 0.9233344813106865
        },
        "average": {
          "mae_eV": 0.09432889541084184,
          "r2": 0.9316060518518325
        }
      },
      "repaired_2m_d_gps7_seed44": {
        "homo": {
          "mae_eV": 0.0828651957674591,
          "r2": 0.9250746120314363
        },
        "lumo": {
          "mae_eV": 0.08484183197347536,
          "r2": 0.9582661781692846
        },
        "gap": {
          "mae_eV": 0.10491114428359917,
          "r2": 0.9381869647886024
        },
        "average": {
          "mae_eV": 0.09087272400817786,
          "r2": 0.9405092516631077
        }
      },
      "candidate_minus_routed_v4_500k": {
        "homo": {
          "mae_delta_eV": 0.00032164985658487787,
          "normal_ci95_eV": [
            -0.0032179560986266,
            0.003861255811796356
          ],
          "candidate_win_rate": 0.49079754601226994
        },
        "lumo": {
          "mae_delta_eV": -0.0033079384595767923,
          "normal_ci95_eV": [
            -0.007452400478251668,
            0.0008365235590980834
          ],
          "candidate_win_rate": 0.516359918200409
        },
        "gap": {
          "mae_delta_eV": -0.0073822256050000154,
          "normal_ci95_eV": [
            -0.013239318855127549,
            -0.0015251323548724823
          ],
          "candidate_win_rate": 0.5102249488752556
        },
        "average": {
          "mae_delta_eV": -0.0034561714026639756,
          "normal_ci95_eV": [
            -0.007079901703232973,
            0.00016755889790502198
          ],
          "candidate_win_rate": 0.5173824130879345
        }
      }
    }
  }
}