{
  "n_valid": 4981,
  "routed_v4_500k_gap_mae_eV": 0.2916908393741398,
  "repaired_2m_d_gps7_seed44_gap_mae_eV": 0.3111289422831199,
  "candidate_minus_routed_v4_500k_gap": {
    "mae_delta_eV": 0.01943810290898011,
    "normal_ci95_eV": [
      0.014516911136843426,
      0.02435929468111679
    ],
    "candidate_win_rate": 0.4651676370206786
  }
}