{
  "kind": "gps",
  "graph_path": "/work1/share/acf9jvb3sm/molgap-results/phase8/repaired_2m_d/pyg_2d_graphs_repaired_2m.pt",
  "n_graphs": 2000000,
  "n_params": 2918787,
  "training_time_s": 16453.772076368332,
  "best_val_mae": 0.10446554127693176,
  "best_epoch": 36,
  "seed": 44,
  "split_seed": 42,
  "init_from": "models/scnet/phase8_repair_v3_1p5m_gps7.pt",
  "init_compatible": false,
  "init_report": null,
  "model_params": {
    "hidden_channels": 192,
    "num_layers": 7,
    "num_heads": 4,
    "dropout": 0.05
  },
  "params": {
    "hidden_channels": 192,
    "num_layers": 7,
    "num_heads": 4,
    "dropout": 0.05,
    "lr": 8e-05,
    "weight_decay": 1.3094136884618282e-05,
    "batch_size": 256,
    "scheduler": "cosine"
  },
  "replay_sampling": {
    "source_idx_lt": 500000,
    "old_train_rows": 399985,
    "new_train_rows": 1200015,
    "old_weight": 3.0,
    "expected_old_draw_fraction": 0.4999874998437481
  },
  "retention_distillation": null,
  "test_metrics": {
    "HOMO": {
      "mae": 0.09732617437839508,
      "r2": 0.9074191400741419
    },
    "LUMO": {
      "mae": 0.09429973363876343,
      "r2": 0.9707025240086318
    },
    "Gap": {
      "mae": 0.127131849527359,
      "r2": 0.950605898896518
    },
    "average": {
      "mae": 0.1062525858481725,
      "r2": 0.942909187659764
    }
  },
  "log": [
    {
      "epoch": 0,
      "train_loss": 0.10756894218683243,
      "train_label_mae": 0.10756894218683243,
      "train_retention_mae": 0.0,
      "retained_draw_rows": 0,
      "val_mae": 0.10761537929534912,
      "lr": 7.987823468245856e-05,
      "time_s": 417.18118262290955
    },
    {
      "epoch": 1,
      "train_loss": 0.10692351919531823,
      "train_label_mae": 0.10692351919531823,
      "train_retention_mae": 0.0,
      "retained_draw_rows": 0,
      "val_mae": 0.10719575069904327,
      "lr": 7.951368945350794e-05,
      "time_s": 410.86045241355896
    },
    {
      "epoch": 2,
      "train_loss": 0.10647420486569405,
      "train_label_mae": 0.10647420486569405,
      "train_retention_mae": 0.0,
      "retained_draw_rows": 0,
      "val_mae": 0.1075555191230774,
      "lr": 7.890861185570823e-05,
      "time_s": 410.4631052017212
    },
    {
      "epoch": 3,
      "train_loss": 0.10582549973845481,
      "train_label_mae": 0.10582549973845481,
      "train_retention_mae": 0.0,
      "retained_draw_rows": 0,
      "val_mae": 0.10748895878791809,
      "lr": 7.806673239365857e-05,
      "time_s": 410.9547212123871
    },
    {
      "epoch": 4,
      "train_loss": 0.10557642478346825,
      "train_label_mae": 0.10557642478346825,
      "train_retention_mae": 0.0,
      "retained_draw_rows": 0,
      "val_mae": 0.1069057934999466,
      "lr": 7.699324153419583e-05,
      "time_s": 410.68961215019226
    },
    {
      "epoch": 5,
      "train_loss": 0.10504204941987991,
      "train_label_mae": 0.10504204941987991,
      "train_retention_mae": 0.0,
      "retained_draw_rows": 0,
      "val_mae": 0.1068946993970871,
      "lr": 7.569475770544053e-05,
      "time_s": 410.865620136261
    },
    {
      "epoch": 6,
      "train_loss": 0.10466256828784942,
      "train_label_mae": 0.10466256828784942,
      "train_retention_mae": 0.0,
      "retained_draw_rows": 0,
      "val_mae": 0.10680414483070373,
      "lr": 7.417928649198665e-05,
      "time_s": 410.30467534065247
    },
    {
      "epoch": 7,
      "train_loss": 0.10442034148097039,
      "train_label_mae": 0.10442034148097039,
      "train_retention_mae": 0.0,
      "retained_draw_rows": 0,
      "val_mae": 0.10704343185424804,
      "lr": 7.245617127781044e-05,
      "time_s": 411.3565728664398
    },
    {
      "epoch": 8,
      "train_loss": 0.10389612841010094,
      "train_label_mae": 0.10389612841010094,
      "train_retention_mae": 0.0,
      "retained_draw_rows": 0,
      "val_mae": 0.10698489399433136,
      "lr": 7.053603564120124e-05,
      "time_s": 412.2108829021454
    },
    {
      "epoch": 9,
      "train_loss": 0.1034963266813755,
      "train_label_mae": 0.1034963266813755,
      "train_retention_mae": 0.0,
      "retained_draw_rows": 0,
      "val_mae": 0.10724055352687836,
      "lr": 6.843071785686864e-05,
      "time_s": 411.0058114528656
    },
    {
      "epoch": 10,
      "train_loss": 0.10328189498186112,
      "train_label_mae": 0.10328189498186112,
      "train_retention_mae": 0.0,
      "retained_draw_rows": 0,
      "val_mae": 0.10710549115180969,
      "lr": 6.615319790904228e-05,
      "time_s": 411.1875147819519
    },
    {
      "epoch": 11,
      "train_loss": 0.1028501711833477,
      "train_label_mae": 0.1028501711833477,
      "train_retention_mae": 0.0,
      "retained_draw_rows": 0,
      "val_mae": 0.1066433036327362,
      "lr": 6.371751746555271e-05,
      "time_s": 411.59623503685
    },
    {
      "epoch": 12,
      "train_loss": 0.10249629897832871,
      "train_label_mae": 0.10249629897832871,
      "train_retention_mae": 0.0,
      "retained_draw_rows": 0,
      "val_mae": 0.10667235018730163,
      "lr": 6.113869330627999e-05,
      "time_s": 410.5034008026123
    },
    {
      "epoch": 13,
      "train_loss": 0.10230673236370087,
      "train_label_mae": 0.10230673236370087,
      "train_retention_mae": 0.0,
      "retained_draw_rows": 0,
      "val_mae": 0.10636179326057434,
      "lr": 5.843262473971211e-05,
      "time_s": 410.58686804771423
    },
    {
      "epoch": 14,
      "train_loss": 0.1019609490954876,
      "train_label_mae": 0.1019609490954876,
      "train_retention_mae": 0.0,
      "retained_draw_rows": 0,
      "val_mae": 0.10640915050506591,
      "lr": 5.561599557842106e-05,
      "time_s": 410.60148453712463
    },
    {
      "epoch": 15,
      "train_loss": 0.10154864337682724,
      "train_label_mae": 0.10154864337682724,
      "train_retention_mae": 0.0,
      "retained_draw_rows": 0,
      "val_mae": 0.1061243047618866,
      "lr": 5.270617127781044e-05,
      "time_s": 410.4822041988373
    },
    {
      "epoch": 16,
      "train_loss": 0.10126296414494515,
      "train_label_mae": 0.10126296414494515,
      "train_retention_mae": 0.0,
      "retained_draw_rows": 0,
      "val_mae": 0.10618037482023239,
      "lr": 4.9721091872308284e-05,
      "time_s": 410.82593846321106
    },
    {
      "epoch": 17,
      "train_loss": 0.10081558153271675,
      "train_label_mae": 0.10081558153271675,
      "train_retention_mae": 0.0,
      "retained_draw_rows": 0,
      "val_mae": 0.10608601546287537,
      "lr": 4.667916136908914e-05,
      "time_s": 410.263952255249
    },
    {
      "epoch": 18,
      "train_loss": 0.10066657422542571,
      "train_label_mae": 0.10066657422542571,
      "train_retention_mae": 0.0,
      "retained_draw_rows": 0,
      "val_mae": 0.10575439507246018,
      "lr": 4.359913428124989e-05,
      "time_s": 410.48546838760376
    },
    {
      "epoch": 19,
      "train_loss": 0.10038572652339935,
      "train_label_mae": 0.10038572652339935,
      "train_retention_mae": 0.0,
      "retained_draw_rows": 0,
      "val_mae": 0.10586343571662903,
      "lr": 4.050000000000001e-05,
      "time_s": 411.7814266681671
    },
    {
      "epoch": 20,
      "train_loss": 0.10011662022352219,
      "train_label_mae": 0.10011662022352219,
      "train_retention_mae": 0.0,
      "retained_draw_rows": 0,
      "val_mae": 0.10572595176458359,
      "lr": 3.740086571875014e-05,
      "time_s": 409.86546301841736
    },
    {
      "epoch": 21,
      "train_loss": 0.09987183531284333,
      "train_label_mae": 0.09987183531284333,
      "train_retention_mae": 0.0,
      "retained_draw_rows": 0,
      "val_mae": 0.10549483648777008,
      "lr": 3.43208386309109e-05,
      "time_s": 410.66903495788574
    },
    {
      "epoch": 22,
      "train_loss": 0.09964381635546685,
      "train_label_mae": 0.09964381635546685,
      "train_retention_mae": 0.0,
      "retained_draw_rows": 0,
      "val_mae": 0.10557715324163437,
      "lr": 3.1278908127691746e-05,