{
  "n_compared": 10,
  "homo_mae": 0.21576451645963682,
  "lumo_mae": 0.19622153512076979,
  "gap_mae": 0.3518124285257075,
  "avg_mae": 0.2545994933687047
}