{
  "homo": {
    "mae": 0.16935224801321946,
    "rmse": 0.21699001813259414,
    "r2": 0.8748616898073253
  },
  "lumo": {
    "mae": 0.1932127746640068,
    "rmse": 0.25368718278603297,
    "r2": 0.9333297880337024
  },
  "gap": {
    "mae": 0.23699252998416911,
    "rmse": 0.3081205843359247,
    "r2": 0.8026656839396529
  },
  "average": {
    "mae": 0.19985251755379843,
    "rmse": 0.25959926175151726,
    "r2": 0.8702857205935602
  }
}