{
  "n": 65,
  "n_boot": 2000,
  "raw": {
    "2d": {
      "homo": {
        "mae": 0.364037303076923,
        "mae_lo": 0.2981803186538461,
        "mae_hi": 0.4314615351923076,
        "r2": -0.35373354543153757,
        "r2_lo": -1.4344245810524276,
        "r2_hi": 0.1609000096183981
      },
      "lumo": {
        "mae": 0.849759114923077,
        "mae_lo": 0.7464748123923076,
        "mae_hi": 0.9502430290884615,
        "r2": -3.6938893294417436,
        "r2_lo": -5.5509408562068865,
        "r2_hi": -2.6640183866906226
      },
      "gap": {
        "mae": 0.775927133846154,
        "mae_lo": 0.6889931953461538,
        "mae_hi": 0.8708505286153845,
        "r2": -0.6945958125352338,
        "r2_lo": -1.5996860039160123,
        "r2_hi": -0.2353923091606066
      }
    },
    "3d": {
      "homo": {
        "mae": 0.3949170892307693,
        "mae_lo": 0.32630013849999995,
        "mae_hi": 0.4626002198846154,
        "r2": -0.5324479179533848,
        "r2_lo": -1.7738739882627963,
        "r2_hi": 0.060131321948949615
      },
      "lumo": {
        "mae": 0.8461167916923076,
        "mae_lo": 0.7536588688615384,
        "mae_hi": 0.9359135422153845,
        "r2": -3.4736658561158613,
        "r2_lo": -5.204208246645786,
        "r2_hi": -2.5244092465899883
      },
      "gap": {
        "mae": 0.7115100046153845,
        "mae_lo": 0.6255149389999999,
        "mae_hi": 0.8066572379615383,
        "r2": -0.4601148946588889,
        "r2_lo": -1.2615591440917557,
        "r2_hi": -0.06026993696882696
      }
    },
    "hybrid": {
      "homo": {
        "mae": 0.36140509692307693,
        "mae_lo": 0.29427158607692305,
        "mae_hi": 0.43074311492307693,
        "r2": -0.36104991782713336,
        "r2_lo": -1.4377134683716455,
        "r2_hi": 0.1446246084685685
      },
      "lumo": {
        "mae": 0.8599487353846155,
        "mae_lo": 0.7640562209615385,
        "mae_hi": 0.9550510024615384,
        "r2": -3.6719327125181946,
        "r2_lo": -5.551164664723067,
        "r2_hi": -2.6581553492262806
      },
      "gap": {
        "mae": 0.7445645830769231,
        "mae_lo": 0.6623317819615384,
        "mae_hi": 0.8364407825384615,
        "r2": -0.5571078841873345,
        "r2_lo": -1.4034785019294338,
        "r2_hi": -0.1398301353964736
      }
    }
  },
  "bias_corrected": {
    "2d": {
      "homo": {
        "mae": 0.36108596686390526,
        "mae_lo": 0.29897227697692297,
        "mae_hi": 0.42981284090295857,
        "r2": -0.31859044583484075,
        "r2_lo": -1.4406328271383868,
        "r2_hi": 0.20300915929795552
      },
      "lumo": {
        "mae": 0.3593360757822485,
        "mae_lo": 0.3066152723028402,
        "mae_hi": 0.41729412305065083,
        "r2": 0.05647345463410569,
        "r2_lo": -0.4186348675424233,
        "r2_hi": 0.32997230499883967
      },
      "gap": {
        "mae": 0.29173689505325445,
        "mae_lo": 0.23518540567692306,
        "mae_hi": 0.3554786185852071,
        "r2": 0.6709161887635762,
        "r2_lo": 0.4659578453807246,
        "r2_hi": 0.7846715159746186
      }
    },
    "3d": {
      "homo": {
        "mae": 0.3684819430059171,
        "mae_lo": 0.3017260353325444,
        "mae_hi": 0.4379093928236686,
        "r2": -0.3995861193756036,
        "r2_lo": -1.7448389183425037,
        "r2_hi": 0.2247990871586026
      },
      "lumo": {
        "mae": 0.32179366772071005,
        "mae_lo": 0.275717148909349,
        "mae_hi": 0.3716500307418935,
        "r2": 0.25641385545659245,
        "r2_lo": -0.07590224456090025,
        "r2_hi": 0.45952694346412176
      },
      "gap": {
        "mae": 0.2798729898224852,
        "mae_lo": 0.22439580442248522,
        "mae_hi": 0.34210606102130187,
        "r2": 0.6774710871434635,
        "r2_lo": 0.4598707481577169,
        "r2_hi": 0.8045861853026511
      }
    },
    "hybrid": {
      "homo": {
        "mae": 0.351605682556213,
        "mae_lo": 0.2884767814402366,
        "mae_hi": 0.4190599612485206,
        "r2": -0.2686370579780004,
        "r2_lo": -1.4183791590249295,
        "r2_hi": 0.26579952482480984
      },
      "lumo": {
        "mae": 0.3347475479763314,
        "mae_lo": 0.28452995615443794,
        "mae_hi": 0.3876448452715976,
        "r2": 0.18109922758363406,
        "r2_lo": -0.225172135210871,
        "r2_hi": 0.42055132287045977
      },
      "gap": {
        "mae": 0.27753567682840236,
        "mae_lo": 0.22273772214615392,
        "mae_hi": 0.3391920894579881,
        "r2": 0.697674606262823,
        "r2_lo": 0.4935653075260059,
        "r2_hi": 0.812059248881862
      }
    }
  }
}