{
  "ood": {
    "n": 999,
    "2d": {
      "homo": {
        "mae": 0.11785031855106354,
        "r2": 0.8852282762527466
      },
      "lumo": {
        "mae": 0.11567423492670059,
        "r2": 0.9680433869361877
      },
      "gap": {
        "mae": 0.15614768862724304,
        "r2": 0.9516589641571045
      },
      "average": {
        "mae": 0.12989074736833572,
        "r2": 0.9349768757820129
      }
    },
    "3d": {
      "homo": {
        "mae": 0.13414500653743744,
        "r2": 0.8607650995254517
      },
      "lumo": {
        "mae": 0.1328718066215515,
        "r2": 0.9597947597503662
      },
      "gap": {
        "mae": 0.17577412724494934,
        "r2": 0.9443044662475586
      },
      "average": {
        "mae": 0.1475969801346461,
        "r2": 0.9216214418411255
      }
    },
    "hybrid": {
      "homo": {
        "mae": 0.11275862902402878,
        "r2": 0.8955515027046204
      },
      "lumo": {
        "mae": 0.11152483522891998,
        "r2": 0.9706025719642639
      },
      "gap": {
        "mae": 0.14849920570850372,
        "r2": 0.9567112922668457
      },
      "average": {
        "mae": 0.12426088998715083,
        "r2": 0.94095512231191
      }
    }
  },
  "experimental_raw": {
    "n": 65,
    "2d": {
      "homo": {
        "mae": 0.36403730511665344,
        "r2": -0.3537333011627197
      },
      "lumo": {
        "mae": 0.8497591018676758,
        "r2": -3.6938891410827637
      },
      "gap": {
        "mae": 0.7759270668029785,
        "r2": -0.6945958137512207
      },
      "average": {
        "mae": 0.6632411579291025,
        "r2": -1.580739418665568
      }
    },
    "3d": {
      "homo": {
        "mae": 0.3949170708656311,
        "r2": -0.5324479341506958
      },
      "lumo": {
        "mae": 0.846116840839386,
        "r2": -3.473666191101074
      },
      "gap": {
        "mae": 0.7115100026130676,
        "r2": -0.46011483669281006
      },
      "average": {
        "mae": 0.6508479714393616,
        "r2": -1.48874298731486
      }
    },
    "hybrid": {
      "homo": {
        "mae": 0.36140507459640503,
        "r2": -0.3610495328903198
      },
      "lumo": {
        "mae": 0.8599488139152527,
        "r2": -3.6719326972961426
      },
      "gap": {
        "mae": 0.7445645928382874,
        "r2": -0.5571078062057495
      },
      "average": {
        "mae": 0.6553061604499817,
        "r2": -1.5300300121307373
      }
    }
  },
  "experimental_corrected": {
    "n": 65,
    "2d": {
      "homo": {
        "mae": 0.3610859513282776,
        "r2": -0.3185901641845703
      },
      "lumo": {
        "mae": 0.3593360483646393,
        "r2": 0.056473493576049805
      },
      "gap": {
        "mae": 0.2917368710041046,
        "r2": 0.6709161996841431
      },
      "average": {
        "mae": 0.3373862902323405,
        "r2": 0.13626650969187418
      }
    },
    "3d": {
      "homo": {
        "mae": 0.36848193407058716,
        "r2": -0.3995859622955322
      },
      "lumo": {
        "mae": 0.32179364562034607,
        "r2": 0.25641393661499023
      },
      "gap": {
        "mae": 0.2798730134963989,
        "r2": 0.6774710416793823
      },
      "average": {
        "mae": 0.3233828643957774,
        "r2": 0.17809967199961343
      }
    },
    "hybrid": {
      "homo": {
        "mae": 0.35160568356513977,
        "r2": -0.26863670349121094
      },
      "lumo": {
        "mae": 0.3347475826740265,
        "r2": 0.18109917640686035
      },
      "gap": {
        "mae": 0.27753567695617676,
        "r2": 0.6976746320724487
      },
      "average": {
        "mae": 0.3212963143984477,
        "r2": 0.20337903499603271
      }
    }
  }
}