{
  "blend": "equal_prediction_average",
  "weight_a": 0.5,
  "weight_b": 0.5,
  "metrics": {
    "validation": {
      "HOMO": {
        "mae": 0.7631231546401978
      },
      "LUMO": {
        "mae": 1.0720787048339844
      },
      "Gap": {
        "mae": 6.039061546325684
      },
      "average": {
        "mae": 2.6247544288635254
      }
    },
    "test": {
      "HOMO": {
        "mae": 0.7988784313201904
      },
      "LUMO": {
        "mae": 1.0083999633789062
      },
      "Gap": {
        "mae": 5.871010780334473
      },
      "average": {
        "mae": 2.55942964553833
      }
    }
  }
}