{
  "n_valid": 5000,
  "metrics": {
    "control_a": {
      "homo": {
        "mae_eV": 0.14203140707327294,
        "r2": 0.7968671207781303
      },
      "lumo": {
        "mae_eV": 0.13876126263443922,
        "r2": 0.9291871285448474
      },
      "gap": {
        "mae_eV": 0.19479746556598135,
        "r2": 0.8698317874202347
      },
      "average": {
        "mae_eV": 0.15853004509123117,
        "r2": 0.8652953455810709
      }
    },
    "control_b": {
      "homo": {
        "mae_eV": 0.14187615475828833,
        "r2": 0.7989086946231707
      },
      "lumo": {
        "mae_eV": 0.13874254348380546,
        "r2": 0.9294036936196206
      },
      "gap": {
        "mae_eV": 0.19437371893087282,
        "r2": 0.8713894115561731
      },
      "average": {
        "mae_eV": 0.1583308057243222,
        "r2": 0.8665672665996548
      }
    },
    "repair_v2": {
      "homo": {
        "mae_eV": 0.13435483630109393,
        "r2": 0.8218594211076923
      },
      "lumo": {
        "mae_eV": 0.13247288167825513,
        "r2": 0.9356400220744314
      },
      "gap": {
        "mae_eV": 0.18195171504378171,
        "r2": 0.8905587281345236
      },
      "average": {
        "mae_eV": 0.14959314434104357,
        "r2": 0.8826860571055491
      }
    },
    "broad98k": {
      "homo": {
        "mae_eV": 0.13650257518535963,
        "r2": 0.8130293051572575
      },
      "lumo": {
        "mae_eV": 0.13250074855786206,
        "r2": 0.934224324280915
      },
      "gap": {
        "mae_eV": 0.18486361361467565,
        "r2": 0.8825486534776424
      },
      "average": {
        "mae_eV": 0.15128897911929914,
        "r2": 0.8766007609719383
      }
    },
    "mean_control_repair": {
      "homo": {
        "mae_eV": 0.13599670393835453,
        "r2": 0.8165806341492153
      },
      "lumo": {
        "mae_eV": 0.13314833774453924,
        "r2": 0.9345002529984229
      },
      "gap": {
        "mae_eV": 0.1851505308189597,
        "r2": 0.8853630130725261
      },
      "average": {
        "mae_eV": 0.15143185750061786,
        "r2": 0.8788146334067214
      }
    },
    "mean_controls_repair": {
      "homo": {
        "mae_eV": 0.13752576064226704,
        "r2": 0.8122340824518745
      },
      "lumo": {
        "mae_eV": 0.1344481542466661,
        "r2": 0.9332635984371646
      },
      "gap": {
        "mae_eV": 0.18742258766889658,
        "r2": 0.8817853129042887
      },
      "average": {
        "mae_eV": 0.15313216751927658,
        "r2": 0.8757609979311093
      }
    },
    "mean_control_broad_repair": {
      "homo": {
        "mae_eV": 0.13555502670233904,
        "r2": 0.8171439198428845
      },
      "lumo": {
        "mae_eV": 0.13215373833668542,
        "r2": 0.9350640749233345
      },
      "gap": {
        "mae_eV": 0.18378895683504967,
        "r2": 0.8858574295106242
      },
      "average": {
        "mae_eV": 0.1504992406246914,
        "r2": 0.8793551414256143
      }
    },
    "mean_all4": {
      "homo": {
        "mae_eV": 0.13694530754909356,
        "r2": 0.8134006827218333
      },
      "lumo": {
        "mae_eV": 0.13349536294764658,
        "r2": 0.9339034748054177
      },
      "gap": {
        "mae_eV": 0.18607656806912837,
        "r2": 0.882827563727869
      },
      "average": {
        "mae_eV": 0.1521724128552895,
        "r2": 0.8767105737517067
      }
    },
    "targetwise_oracle": {
      "homo": {
        "mae_eV": 0.1098510554888313,
        "r2": 0.8582424368649927
      },
      "lumo": {
        "mae_eV": 0.10717847779258241,
        "r2": 0.9489406830677813
      },
      "gap": {
        "mae_eV": 0.14683152751898151,
        "r2": 0.9135486951644434
      },
      "average": {
        "mae_eV": 0.12128702026679843,
        "r2": 0.9069106050324058
      }
    }
  },
  "delta_vs_baseline": {
    "control_b": {
      "homo": {
        "delta": -0.00015525231498462376,
        "ci95": [
          -0.0004276370529605616,
          0.00011260216224847078
        ],
        "probability_better": 0.8733,
        "n_bootstrap": 10000,
        "seed": 42
      },
      "lumo": {
        "delta": -1.87191506337838e-05,
        "ci95": [
          -0.0002996294118159197,
          0.00024482652670595914
        ],
        "probability_better": 0.5505,
        "n_bootstrap": 10000,
        "seed": 43
      },
      "gap": {
        "delta": -0.00042374663510850617,
        "ci95": [
          -0.000826991718948701,
          -2.30682958638188e-05
        ],
        "probability_better": 0.9812,
        "n_bootstrap": 10000,
        "seed": 44
      },
      "average": {
        "delta": -0.00019923936690897129,
        "ci95": [
          -0.00043949063775220316,
          2.997442557707178e-05
        ],
        "probability_better": 0.9553,
        "n_bootstrap": 10000,
        "seed": 45
      }
    },
    "repair_v2": {
      "homo": {
        "delta": -0.007676570772179013,
        "ci95": [
          -0.009761260979866506,
          -0.005715535941969111
        ],
        "probability_better": 1.0,
        "n_bootstrap": 10000,
        "seed": 42
      },
      "lumo": {
        "delta": -0.006288380956184104,
        "ci95": [
          -0.008092043170829111,
          -0.0045670548219517715
        ],
        "probability_better": 1.0,
        "n_bootstrap": 10000,
        "seed": 43
      },
      "gap": {
        "delta": -0.01284575052219962,
        "ci95": [
          -0.015956144478179595,
          -0.009857234252462342
        ],
        "probability_better": 1.0,
        "n_bootstrap": 10000,
        "seed": 44
      },
      "average": {
        "delta": -0.008936900750187578,
        "ci95": [
          -0.010917109473394684,
          -0.007080726451749776
        ],
        "probability_better": 1.0,
        "n_bootstrap": 10000,
        "seed": 45
      }
    },
    "broad98k": {
      "homo": {
        "delta": -0.005528831887913291,
        "ci95": [
          -0.006420501599784582,
          -0.004665553233412423
        ],
        "probability_better": 1.0,
        "n_bootstrap": 10000,
        "seed": 42
      },
      "lumo": {
        "delta": -0.00626051407657718,
        "ci95": [
          -0.007130360684972826,
          -0.005423873052096568
        ],
        "probability_better": 1.0,
        "n_bootstrap": 10000,
        "seed": 43
      },
      "gap": {
        "delta": -0.009933851951305658,
        "ci95": [
          -0.011431556947980221,
          -0.008535165679260546
        ],
        "probability_better": 1.0,
        "n_bootstrap": 10000,
        "seed": 44
      },
      "average": {
        "delta": -0.007241065971932045,
        "ci95": [
          -0.00814403903567268,
          -0.00638686159406902
        ],
        "probability_better": 1.0,
        "n_bootstrap": 10000,
        "seed": 45
      }
    },
    "mean_control_repair": {
      "homo": {
        "delta": -0.006034703134918418,
        "ci95": [
          -0.007169914127104501,
          -0.004991124876328134
        ],
        "probability_better": 1.0,
        "n_bootstrap": 10000,
        "seed": 42
      },
      "lumo": {
        "delta": -0.005612924889899979,
        "ci95": [
          -0.006555520681714868,
          -0.004721243690200241
        ],
        "probability_better": 1.0,
        "n_bootstrap": 10000,
        "seed": 43
      },
      "gap": {
        "delta": -0.009646934747021592,
        "ci95": [
          -0.011287143320563088,
          -0.008080307698648044
        ],
        "probability_better": 1.0,
        "n_bootstrap": 10000,
        "seed": 44
      },
      "average": {
        "delta": -0.00709818759061333,
        "ci95": [
          -0.008166297112803853,
          -0.006121420903995799
        ],
        "probability_better": 1.0,
        "n_bootstrap": 10000,
        "seed": 45
      }
    },
    "mean_controls_repair": {
      "homo": {
        "delta": -0.004505646431005889,