{
  "step": "step3_chonsf_mw200_500",
  "n_molecules": 10000,
  "n_features": 5830,
  "n_train": 9000,
  "n_test": 1000,
  "metrics": {
    "homo": {
      "mae": 0.15198265799172186,
      "rmse": 0.22372602426929336,
      "r2": 0.8172306651059229
    },
    "lumo": {
      "mae": 0.15589559067116765,
      "rmse": 0.22323068650612182,
      "r2": 0.9311648094842143
    },
    "gap": {
      "mae": 0.2118475689394539,
      "rmse": 0.31160790929894355,
      "r2": 0.8842323502091074
    },
    "average": {
      "mae": 0.17324193920078113,
      "rmse": 0.25285487335811957,
      "r2": 0.877542608266415
    }
  },
  "elements": [
    "C",
    "F",
    "H",
    "N",
    "O",
    "S"
  ],
  "mw_range": "200-500"
}