{
  "step": "step2_chons_mw200_500",
  "n_molecules": 10000,
  "n_features": 5771,
  "n_train": 9000,
  "n_test": 1000,
  "metrics": {
    "homo": {
      "mae": 0.14769696641855312,
      "rmse": 0.20941284161855925,
      "r2": 0.8237981779037438
    },
    "lumo": {
      "mae": 0.1539750831266764,
      "rmse": 0.22893206155895038,
      "r2": 0.9241138260296826
    },
    "gap": {
      "mae": 0.19948649483036457,
      "rmse": 0.29009817596151466,
      "r2": 0.8886526651787151
    },
    "average": {
      "mae": 0.16705284812519805,
      "rmse": 0.2428143597130081,
      "r2": 0.8788548897040472
    }
  },
  "elements": [
    "C",
    "H",
    "N",
    "O",
    "S"
  ],
  "mw_range": "200-500"
}