{
  "step": "step0_chon_mw200_300",
  "n_molecules": 10000,
  "n_features": 5429,
  "n_train": 9000,
  "n_test": 1000,
  "metrics": {
    "homo": {
      "mae": 0.13709179358791437,
      "rmse": 0.19503935534200495,
      "r2": 0.8771892566651658
    },
    "lumo": {
      "mae": 0.1536623167538558,
      "rmse": 0.22372861218628012,
      "r2": 0.9369364161643129
    },
    "gap": {
      "mae": 0.19445722022617287,
      "rmse": 0.2904100191623943,
      "r2": 0.8896028921584033
    },
    "average": {
      "mae": 0.16173711018931436,
      "rmse": 0.23639266223022645,
      "r2": 0.9012428549959606
    }
  },
  "elements": [
    "C",
    "H",
    "N",
    "O"
  ],
  "mw_range": "200-300"
}