{
  "blend_weights": {
    "lgbm": 0.6735018601486561,
    "xgb": 0.3415128396968307,
    "hgbt": -0.015014699845486793
  },
  "blend_mae": 0.15825927754283547,
  "blend_r2": 0.886692074537498,
  "stack_mae": 0.15548325261435658,
  "stack_r2": 0.8905962563538545
}