{
  "n_estimators": 1500,
  "learning_rate": 0.03716965936666687,
  "num_leaves": 179,
  "max_depth": 13,
  "min_child_samples": 11,
  "subsample": 0.9781536346501111,
  "colsample_bytree": 0.4959981390588721,
  "reg_alpha": 0.15397154309171382,
  "reg_lambda": 0.009256623663038477
}