{
  "best_model": "P4_GNN_SchNet_3D",
  "best_mae": 0.1491643190383911,
  "best_r2": 0.894249419371287,
  "improvement_r2": 0.008949419371287015,
  "n_models_compared": 15
}