{
  "model": "SchNet_3D",
  "hidden": 256,
  "num_filters": 256,
  "num_interactions": 5,
  "num_gaussians": 50,
  "cutoff": 10.0,
  "n_params": 1537540,
  "best_epoch": 84,
  "epochs_trained": 114,
  "metrics": {
    "homo": {
      "mae": 0.1308957040309906,
      "rmse": 0.18953436653172537,
      "r2": 0.8537026643753052
    },
    "lumo": {
      "mae": 0.13829803466796875,
      "rmse": 0.19966046599544576,
      "r2": 0.9332408905029297
    },
    "gap": {
      "mae": 0.178299218416214,
      "rmse": 0.2642423604097278,
      "r2": 0.8958047032356262
    },
    "average": {
      "mae": 0.1491643190383911,
      "rmse": 0.21781239764563298,
      "r2": 0.894249419371287
    }
  }
}