{
  "n_aligned": 29825,
  "split_seed": 42,
  "test_n": 2983,
  "metrics": {
    "HOMO": {
      "mae": 0.08679335564374924,
      "r2": 0.9219865798950195
    },
    "LUMO": {
      "mae": 0.08301839232444763,
      "r2": 0.9781769514083862
    },
    "Gap": {
      "mae": 0.10963443666696548,
      "r2": 0.963310182094574
    },
    "average": {
      "mae": 0.09314872821172078,
      "r2": 0.9544912377993265
    }
  }
}