{
  "experiment": "schnet_arch_repaired_2m_30k",
  "decision": "lightweight_candidate_only_for_bounded_residual_fusion",
  "sealed_opened": false,
  "graphs": {
    "input_rows": 30000,
    "2d_rows": 30000,
    "3d_rows": 29825,
    "3d_success_rate": 0.9941666666666666,
    "2d_sha256": "ba40ce79b981ffedf2edf066646d8f11c6e53778f261ff07389888794f3c05ee",
    "3d_sha256": "20f7294192c451a55b830d66d97484372a42aca16881cc41ad5ee0eddbd8de52"
  },
  "arms": {
    "h192_f192_i6": {
      "encoder": {
        "params": 1041028,
        "training_time_s": 1575.4281289577484,
        "best_val_mae": 0.24063353889105227,
        "best_epoch": 28,
        "test_metrics": {
          "HOMO": {
            "mae": 0.21235069632530212,
            "r2": 0.6486380100250244
          },
          "LUMO": {
            "mae": 0.2198956161737442,
            "r2": 0.8790025115013123
          },
          "Gap": {
            "mae": 0.30085495114326477,
            "r2": 0.8036418557167053
          },
          "average": {
            "mae": 0.24436708788077036,
            "r2": 0.7770941257476807
          }
        }
      },
      "fusion": {
        "best_val_mae": 0.09698956645650403,
        "best_epoch": 105,
        "test_metrics": {
          "HOMO": {
            "mae": 0.08885787427425385,
            "r2": 0.9197659492492676
          },
          "LUMO": {
            "mae": 0.0846535861492157,
            "r2": 0.9779024124145508
          },
          "Gap": {
            "mae": 0.1121339201927185,
            "r2": 0.9623379707336426
          },
          "average": {
            "mae": 0.09521512687206268,
            "r2": 0.9533354441324869
          }
        }
      },
      "model_sha256": "13d7c2c6c54b979f4d2d333bd0591d7d2b78eb6e974ae1063218779336b33fa6",
      "fusion_model_sha256": "8ba0155738451ae5c9362b9835b8f59057636b83fdd5f2052bacd270755ae8ed"
    },
    "h176_f160_i6": {
      "encoder": {
        "params": 810020,
        "training_time_s": 759.0654640197754,
        "best_val_mae": 0.24702915661211863,
        "best_epoch": 29,
        "test_metrics": {
          "HOMO": {
            "mae": 0.21146541833877563,
            "r2": 0.6586814522743225
          },
          "LUMO": {
            "mae": 0.23424667119979858,
            "r2": 0.8621821999549866
          },
          "Gap": {
            "mae": 0.3122313916683197,
            "r2": 0.7927973866462708
          },
          "average": {
            "mae": 0.25264782706896466,
            "r2": 0.77122034629186
          }
        }
      },
      "fusion": {
        "best_val_mae": 0.09810173630934287,
        "best_epoch": 192,
        "test_metrics": {
          "HOMO": {
            "mae": 0.08901970088481903,
            "r2": 0.9200836420059204
          },
          "LUMO": {
            "mae": 0.08475672453641891,
            "r2": 0.9778315424919128
          },
          "Gap": {
            "mae": 0.11232949793338776,
            "r2": 0.9617588520050049
          },
          "average": {
            "mae": 0.09536864111820857,
            "r2": 0.9532246788342794
          }
        }
      },
      "model_sha256": "51dc93a5dafdc30b27ebbe4fe4b07992562464461ab7ad9ee5ad4a504494931f",
      "fusion_model_sha256": "4767a223dd0cf2e5338c6681522d5264f1015fe93fb6a57aa69b5a296e330b07"
    }
  },
  "d_only_aligned": {
    "n_aligned": 29825,
    "split_seed": 42,
    "test_n": 2983,
    "metrics": {
      "HOMO": {
        "mae": 0.08679335564374924,
        "r2": 0.9219865798950195
      },
      "LUMO": {
        "mae": 0.08301839232444763,
        "r2": 0.9781769514083862
      },
      "Gap": {
        "mae": 0.10963443666696548,
        "r2": 0.963310182094574
      },
      "average": {
        "mae": 0.09314872821172078,
        "r2": 0.9544912377993265
      }
    }
  },
  "light_minus_original": {
    "encoder_average_mae_eV": 0.008280739188194303,
    "encoder_gap_mae_eV": 0.011376440525054932,
    "fusion_average_mae_eV": 0.00015351424614588882,
    "fusion_gap_mae_eV": 0.0001955777406692505,
    "parameter_ratio": 0.7780962663828447,
    "training_time_ratio": 0.4818153555008239
  },
  "fusion_minus_d": {
    "original_average_mae_eV": 0.0020663986603419032,
    "original_gap_mae_eV": 0.0024994835257530212,
    "light_average_mae_eV": 0.002219912906487792,
    "light_gap_mae_eV": 0.0026950612664222717
  }
}