{
  "homo": {
    "scale": 5.2202140633612055,
    "sigma_mean_raw": 0.0457004874621491
  },
  "lumo": {
    "scale": 5.467208763244643,
    "sigma_mean_raw": 0.05316365323173606
  },
  "gap": {
    "scale": 5.072313555785461,
    "sigma_mean_raw": 0.07515956944838935
  }
}