{
  "k": 5,
  "feature_mode": "embedding_desc_pred",
  "feature_dim": 400,
  "n_fit": 2621,
  "n_test": 695,
  "homo": {
    "euclidean": {
      "spearman_dist_err": 0.18995994300654076,
      "spearman_dist_sigma": 0.4422003964948879,
      "threshold_p95": 19.67969665527344,
      "ood_fraction": 0.03597122302158273,
      "binned_mae_deciles": [
        0.16323610968071545,
        0.15672824690847736,
        0.1259671981974805,
        0.15496893508761767,
        0.1404566125169782,
        0.1702139914105691,
        0.17175577609040457,
        0.1775590317779434,
        0.22776094076824252,
        0.3517927176825302
      ]
    },
    "cosine": {
      "spearman_dist_err": 0.03258886282606628,
      "spearman_dist_sigma": -0.1413304455312824,
      "threshold_p95": 0.4495614171028137,
      "ood_fraction": 0.05467625899280575,
      "binned_mae_deciles": [
        0.182750896326706,
        0.14275742539192943,
        0.18501279662193995,
        0.19701166841200138,
        0.17035962230221963,
        0.18360484053924556,
        0.19867010955754622,
        0.16464097768583502,
        0.16662549000250546,
        0.24702696072068941
      ]
    }
  },
  "lumo": {
    "euclidean": {
      "spearman_dist_err": 0.14792093980584187,
      "spearman_dist_sigma": 0.46910778641322254,
      "threshold_p95": 19.67969665527344,
      "ood_fraction": 0.03597122302158273,
      "binned_mae_deciles": [
        0.1486522328365125,
        0.20723105910342085,
        0.17936438557340847,
        0.21214452307805942,
        0.1780473021236643,
        0.16465187071373763,
        0.17708358464816865,
        0.2665805068726989,
        0.2677586398103512,
        0.33610888735242705
      ]
    },
    "cosine": {
      "spearman_dist_err": 0.061611523659935205,
      "spearman_dist_sigma": -0.024978999211442726,
      "threshold_p95": 0.4495614171028137,
      "ood_fraction": 0.05467625899280575,
      "binned_mae_deciles": [
        0.1617520190816942,
        0.18556377975027133,
        0.23378004878023248,
        0.1884881776931004,
        0.18739597607613565,
        0.2122022530625675,
        0.23970314439448928,
        0.24651987145099535,
        0.2028320595705139,
        0.27892855357612484
      ]
    }
  },
  "gap": {
    "euclidean": {
      "spearman_dist_err": 0.1950388094572538,
      "spearman_dist_sigma": 0.46539620534517423,
      "threshold_p95": 19.67969665527344,
      "ood_fraction": 0.03597122302158273,
      "binned_mae_deciles": [
        0.2284775732297556,
        0.2405701851544056,
        0.21258435254865082,
        0.26472567496536004,
        0.26281893058249484,
        0.25748960618046923,
        0.2414224277210708,
        0.3200673498186861,
        0.3859836868835866,
        0.4999734778024161
      ]
    },
    "cosine": {
      "spearman_dist_err": 0.0311145181042883,
      "spearman_dist_sigma": -0.015251898650015692,
      "threshold_p95": 0.4495614171028137,
      "ood_fraction": 0.05467625899280575,
      "binned_mae_deciles": [
        0.26223853822383825,
        0.2527110285637354,
        0.3069674489292291,
        0.25585216373262115,
        0.2682434300885981,
        0.31117250725008966,
        0.33478058670698746,
        0.2912462411864528,
        0.2702377310997754,
        0.3586804602206789
      ]
    }
  }
}