{
  "n": 3736,
  "n_members": 10,
  "feature_mode": "embedding_desc_pred",
  "feature_dim": 400,
  "n_fit": 2621,
  "n_calib": 420,
  "n_test": 695,
  "homo": {
    "mae": 0.18378659964134886,
    "r2": 0.887891908689372,
    "scale": 5.2202140633612055,
    "ence_pre": 4.824287365941479,
    "ence_post": 0.2321269449272972,
    "sigma_mean": 0.23856632735237318,
    "coverage_1sigma": 0.6992805755395683,
    "coverage_2sigma": 0.9136690647482014
  },
  "lumo": {
    "mae": 0.21355600857334398,
    "r2": 0.8741889531505971,
    "scale": 5.467208763244643,
    "ence_pre": 4.970969647872447,
    "ence_post": 0.15857584481152642,
    "sigma_mean": 0.29065679083464674,
    "coverage_1sigma": 0.7496402877697842,
    "coverage_2sigma": 0.9510791366906475
  },
  "gap": {
    "mae": 0.2910546647391028,
    "r2": 0.8990620518142303,
    "scale": 5.072313555785461,
    "ence_pre": 4.3729143099764975,
    "ence_post": 0.16737626434941932,
    "sigma_mean": 0.3812329029600641,
    "coverage_1sigma": 0.7223021582733813,
    "coverage_2sigma": 0.935251798561151
  }
}