{
  "tuned_lgbm": {
    "homo": {
      "mae": 0.13390180270428859,
      "rmse": 0.18320482174311056,
      "r2": 0.8920413701206203
    },
    "lumo": {
      "mae": 0.14863605454265796,
      "rmse": 0.2087015942177504,
      "r2": 0.9461326157868344
    },
    "gap": {
      "mae": 0.1856437553876853,
      "rmse": 0.26923501835749597,
      "r2": 0.9145353313884977
    },
    "average": {
      "mae": 0.15606053754487728,
      "rmse": 0.22038047810611897,
      "r2": 0.9175697724319841
    }
  },
  "per_target_lgbm": {
    "homo": {
      "mae": 0.13448524475097656,
      "rmse": 0.18365955188126923,
      "r2": 0.8915047645568848
    },
    "lumo": {
      "mae": 0.14720989763736725,
      "rmse": 0.20804695871418075,
      "r2": 0.9464700222015381
    },
    "gap": {
      "mae": 0.17972354590892792,
      "rmse": 0.2640955452867577,
      "r2": 0.9177671074867249
    },
    "average": {
      "mae": 0.15380622943242392,
      "rmse": 0.21860068529406926,
      "r2": 0.9185806314150492
    }
  },
  "stacking": {
    "homo": {
      "mae": 0.13530698418617249,
      "rmse": 0.1844568559817803,
      "r2": 0.8905607461929321
    },
    "lumo": {
      "mae": 0.1493537724018097,
      "rmse": 0.2055454198132588,
      "r2": 0.9477495551109314
    },
    "gap": {
      "mae": 0.18692052364349365,
      "rmse": 0.2708169155768909,
      "r2": 0.9135280847549438
    },
    "average": {
      "mae": 0.1571937600771586,
      "rmse": 0.22027306379064335,
      "r2": 0.9172794620196024
    }
  },
  "dart_lgbm": {
    "homo": {
      "mae": 0.35050181583180134,
      "rmse": 0.40206864495872263,
      "r2": 0.48002318738668637
    },
    "lumo": {
      "mae": 0.20386077913072498,
      "rmse": 0.2746745644640874,
      "r2": 0.9066936409735267
    },
    "gap": {
      "mae": 0.36889540815346894,
      "rmse": 0.44494488325795456,
      "r2": 0.7665811342989369
    },
    "average": {
      "mae": 0.3077526677053318,
      "rmse": 0.3738960308935882,
      "r2": 0.71776598755305
    }
  },
  "xgboost": {
    "homo": {
      "mae": 0.13173040747642517,
      "rmse": 0.18450354322078297,
      "r2": 0.890505313873291
    },
    "lumo": {
      "mae": 0.14329460263252258,
      "rmse": 0.20736349185768707,
      "r2": 0.9468211531639099
    },
    "gap": {
      "mae": 0.18124613165855408,
      "rmse": 0.26676694051386574,
      "r2": 0.9160950183868408
    },
    "average": {
      "mae": 0.15209038058916727,
      "rmse": 0.21954465853077862,
      "r2": 0.9178071618080139
    }
  },
  "catboost": {
    "homo": {
      "mae": 0.1469107010855029,
      "rmse": 0.1960973041686708,
      "r2": 0.8763122152017523
    },
    "lumo": {
      "mae": 0.1662339183485653,
      "rmse": 0.22794672592654347,
      "r2": 0.9357399482326361
    },
    "gap": {
      "mae": 0.20892030068665635,
      "rmse": 0.29331653930772367,
      "r2": 0.8985629465739813
    },
    "average": {
      "mae": 0.17402164004024154,
      "rmse": 0.2391201898009793,
      "r2": 0.9035383700027898
    }
  }
}