{
  "run_mode": "full",
  "candidate": "1M replay-weighted FusionHead",
  "n_valid": 4981,
  "route_n": 385,
  "baseline_routed_v4": {
    "gap": {
      "mae_eV": 0.29168997410558234,
      "r2": 0.828430658005739
    },
    "average": {
      "mae_eV": 0.29168997410558234,
      "r2": 0.828430658005739
    }
  },
  "candidate_1m": {
    "gap": {
      "mae_eV": 0.3045086706836659,
      "r2": 0.8078778645457636
    },
    "average": {
      "mae_eV": 0.3045086706836659,
      "r2": 0.8078778645457636
    }
  },
  "components_gap": {
    "base_gps7": {
      "gap": {
        "mae_eV": 0.3109751050165105,
        "r2": 0.8002915071219467
      },
      "average": {
        "mae_eV": 0.3109751050165105,
        "r2": 0.8002915071219467
      }
    },
    "candidate_gps7": {
      "gap": {
        "mae_eV": 0.3087768614936702,
        "r2": 0.799753789641233
      },
      "average": {
        "mae_eV": 0.3087768614936702,
        "r2": 0.799753789641233
      }
    },
    "base_gps9": {
      "gap": {
        "mae_eV": 0.3120238762614793,
        "r2": 0.7971920584480601
      },
      "average": {
        "mae_eV": 0.3120238762614793,
        "r2": 0.7971920584480601
      }
    },
    "candidate_gps9": {
      "gap": {
        "mae_eV": 0.3121539308483791,
        "r2": 0.7954822327985327
      },
      "average": {
        "mae_eV": 0.3121539308483791,
        "r2": 0.7954822327985327
      }
    },
    "base_schnet": {
      "gap": {
        "mae_eV": 0.2945535592765428,
        "r2": 0.8304974687351548
      },
      "average": {
        "mae_eV": 0.2945535592765428,
        "r2": 0.8304974687351548
      }
    },
    "candidate_schnet": {
      "gap": {
        "mae_eV": 0.2976576900754224,
        "r2": 0.8290708696597993
      },
      "average": {
        "mae_eV": 0.2976576900754224,
        "r2": 0.8290708696597993
      }
    },
    "base_fusion_single": {
      "gap": {
        "mae_eV": 0.29142915947640247,
        "r2": 0.8285790444905808
      },
      "average": {
        "mae_eV": 0.29142915947640247,
        "r2": 0.8285790444905808
      }
    },
    "base_fusion_dualgps": {
      "gap": {
        "mae_eV": 0.2959796251589995,
        "r2": 0.8246024259701318
      },
      "average": {
        "mae_eV": 0.2959796251589995,
        "r2": 0.8246024259701318
      }
    },
    "candidate_fusion_dualgps": {
      "gap": {
        "mae_eV": 0.3045086706836659,
        "r2": 0.8078778645457636
      },
      "average": {
        "mae_eV": 0.3045086706836659,
        "r2": 0.8078778645457636
      }
    }
  },
  "continuation_minus_base_gap": {
    "gps7": {
      "gap": {
        "mae_delta_eV": -0.0021982435228403486,
        "ci95_eV": [
          -0.0050808821631099345,
          0.000749331705153118
        ],
        "p_candidate_better": 0.9262
      },
      "average": {
        "mae_delta_eV": -0.0021982435228403486,
        "ci95_eV": [
          -0.005097919671042556,
          0.0007696124842290533
        ],
        "p_candidate_better": 0.9311
      }
    },
    "gps9": {
      "gap": {
        "mae_delta_eV": 0.00013005458689976988,
        "ci95_eV": [
          -0.002950318054490277,
          0.003199313295454564
        ],
        "p_candidate_better": 0.4696
      },
      "average": {
        "mae_delta_eV": 0.00013005458689976988,
        "ci95_eV": [
          -0.0028947726317162872,
          0.003222056686025032
        ],
        "p_candidate_better": 0.4709
      }
    },
    "schnet": {
      "gap": {
        "mae_delta_eV": 0.003104130798879592,
        "ci95_eV": [
          -0.0024866984065139664,
          0.008651289611212087
        ],
        "p_candidate_better": 0.1341
      },
      "average": {
        "mae_delta_eV": 0.003104130798879592,
        "ci95_eV": [
          -0.0024948015377134545,
          0.008526864278631868
        ],
        "p_candidate_better": 0.1406
      }
    }
  },
  "candidate_minus_routed_v4": {
    "all": {
      "n": 4981,
      "gap": {
        "mae_delta_eV": 0.012818696578083487,
        "ci95_eV": [
          0.009166784261691367,
          0.016464063635760078
        ],
        "p_candidate_better": 0.0
      },
      "average": {
        "mae_delta_eV": 0.012818696578083487,
        "ci95_eV": [
          0.009094523504789318,
          0.016591384804429867
        ],
        "p_candidate_better": 0.0
      }
    }
  }
}