{
  "experiment": "routed_v4_exact2m_encoder_transplant",
  "device": "cuda",
  "n_aligned": 497578,
  "source_idx_min": 0,
  "source_idx_max": 499999,
  "split_seed": 42,
  "split": {
    "train": 398062,
    "val": 49757,
    "test": 49759
  },
  "threshold_eV": 4.0,
  "fixed_route_n": 12693,
  "production_reference": {
    "HOMO": {
      "mae": 0.07702887058258057
    },
    "LUMO": {
      "mae": 0.0780540406703949
    },
    "Gap": {
      "mae": 0.09776564687490463
    },
    "average": {
      "mae": 0.08428285270929337
    }
  },
  "seeds": {
    "42": {
      "control": {
        "base_training": {
          "best_val_mae": 0.08503510424667782,
          "best_epoch": 13,
          "epochs_completed": 35,
          "best_checkpoint": "results\\phase8\\archive\\archive-r07-exact2m-encoder-transplant\\seed42\\control_base_best.pt",
          "last_checkpoint": "results\\phase8\\archive\\archive-r07-exact2m-encoder-transplant\\seed42\\control_base_last.pt",
          "n_params": 203907
        },
        "dual_training": {
          "best_val_mae": 0.0794128211492568,
          "best_epoch": 17,
          "epochs_completed": 38,
          "best_checkpoint": "results\\phase8\\archive\\archive-r07-exact2m-encoder-transplant\\seed42\\control_dual_best.pt",
          "last_checkpoint": "results\\phase8\\archive\\archive-r07-exact2m-encoder-transplant\\seed42\\control_dual_last.pt",
          "n_params": 240771
        },
        "base": {
          "HOMO": {
            "mae": 0.07869099825620651
          },
          "LUMO": {
            "mae": 0.07943133264780045
          },
          "Gap": {
            "mae": 0.10015342384576797
          },
          "average": {
            "mae": 0.08609191328287125
          }
        },
        "dual": {
          "HOMO": {
            "mae": 0.07431662082672119
          },
          "LUMO": {
            "mae": 0.074287049472332
          },
          "Gap": {
            "mae": 0.09276270866394043
          },
          "average": {
            "mae": 0.08045545965433121
          }
        },
        "fixed_route": {
          "HOMO": {
            "mae": 0.07725892961025238
          },
          "LUMO": {
            "mae": 0.07793059200048447
          },
          "Gap": {
            "mae": 0.09784329682588577
          },
          "average": {
            "mae": 0.08434426784515381
          }
        },
        "self_route": {
          "HOMO": {
            "mae": 0.07726337760686874
          },
          "LUMO": {
            "mae": 0.07794591039419174
          },
          "Gap": {
            "mae": 0.09786630421876907
          },
          "average": {
            "mae": 0.08435854315757751
          }
        },
        "self_route_n": 12562
      },
      "candidate": {
        "base_training": {
          "best_val_mae": 0.08977905369040681,
          "best_epoch": 11,
          "epochs_completed": 32,
          "best_checkpoint": "results\\phase8\\archive\\archive-r07-exact2m-encoder-transplant\\seed42\\candidate_base_best.pt",
          "last_checkpoint": "results\\phase8\\archive\\archive-r07-exact2m-encoder-transplant\\seed42\\candidate_base_last.pt",
          "n_params": 203907
        },
        "dual_training": {
          "best_val_mae": 0.08707529400837374,
          "best_epoch": 11,
          "epochs_completed": 32,
          "best_checkpoint": "results\\phase8\\archive\\archive-r07-exact2m-encoder-transplant\\seed42\\candidate_dual_best.pt",
          "last_checkpoint": "results\\phase8\\archive\\archive-r07-exact2m-encoder-transplant\\seed42\\candidate_dual_last.pt",
          "n_params": 240771
        },
        "base": {
          "HOMO": {
            "mae": 0.08300668746232986
          },
          "LUMO": {
            "mae": 0.08214705437421799
          },
          "Gap": {
            "mae": 0.10630876570940018
          },
          "average": {
            "mae": 0.09048750251531601
          }
        },
        "dual": {
          "HOMO": {
            "mae": 0.08027748763561249
          },
          "LUMO": {
            "mae": 0.08003856241703033
          },
          "Gap": {
            "mae": 0.10299209505319595
          },
          "average": {
            "mae": 0.08776938170194626
          }
        },
        "fixed_route": {
          "HOMO": {
            "mae": 0.08236154168844223
          },
          "LUMO": {
            "mae": 0.08150439709424973
          },
          "Gap": {
            "mae": 0.10511759668588638
          },
          "average": {
            "mae": 0.08966118097305298
          }
        },
        "self_route": {
          "HOMO": {
            "mae": 0.08234473317861557
          },
          "LUMO": {
            "mae": 0.08148574829101562
          },
          "Gap": {
            "mae": 0.1051517203450203
          },
          "average": {
            "mae": 0.08966074883937836
          }
        },
        "self_route_n": 12543
      },
      "paired_delta_candidate_minus_control": {
        "fixed_route": {
          "HOMO": 0.00510261207818985,
          "LUMO": 0.003573805093765259,
          "Gap": 0.00727429986000061,
          "average": 0.00531691312789917
        },
        "self_route": {
          "HOMO": 0.005081355571746826,
          "LUMO": 0.003539837896823883,
          "Gap": 0.007285416126251221,
          "average": 0.005302205681800842
        }
      }
    },
    "43": {
      "control": {
        "base_training": {
          "best_val_mae": 0.0849155721975623,
          "best_epoch": 9,
          "epochs_completed": 30,
          "best_checkpoint": "results\\phase8\\archive\\archive-r07-exact2m-encoder-transplant\\seed43\\control_base_best.pt",
          "last_checkpoint": "results\\phase8\\archive\\archive-r07-exact2m-encoder-transplant\\seed43\\control_base_last.pt",
          "n_params": 203907
        },
        "dual_training": {
          "best_val_mae": 0.07897443737323556,
          "best_epoch": 11,
          "epochs_completed": 32,
          "best_checkpoint": "results\\phase8\\archive\\archive-r07-exact2m-encoder-transplant\\seed43\\control_dual_best.pt",
          "last_checkpoint": "results\\phase8\\archive\\archive-r07-exact2m-encoder-transplant\\seed43\\control_dual_last.pt",
          "n_params": 240771
        },
        "base": {
          "HOMO": {
            "mae": 0.07861287891864777
          },
          "LUMO": {
            "mae": 0.07925767451524734
          },
          "Gap": {
            "mae": 0.09987612068653107
          },
          "average": {
            "mae": 0.08591556549072266
          }
        },
        "dual": {
          "HOMO": {
            "mae": 0.07407236099243164
          },
          "LUMO": {
            "mae": 0.07411709427833557
          },
          "Gap": {
            "mae": 0.09182742238044739
          },
          "average": {
            "mae": 0.08000562340021133
          }
        },
        "fixed_route": {
          "HOMO": {
            "mae": 0.07714089006185532
          },
          "LUMO": {
            "mae": 0.07778522372245789
          },
          "Gap": {
            "mae": 0.0974680483341217
          },
          "average": {
            "mae": 0.0841313898563385
          }
        },
        "self_route": {
          "HOMO": {
            "mae": 0.07712743431329727
          },
          "LUMO": {
            "mae": 0.07780148833990097
          },
          "Gap": {
            "mae": 0.09748584777116776
          },
          "average": {
            "mae": 0.08413826674222946
          }
        },
        "self_route_n": 12347
      },
      "candidate": {
        "base_training": {
          "best_val_mae": 0.08993950247468703,
          "best_epoch": 7,
          "epochs_completed": 28,
          "best_checkpoint": "results\\phase8\\archive\\archive-r07-exact2m-encoder-transplant\\seed43\\candidate_base_best.pt",