{
  "n": 49879,
  "geometry_rerun": false,
  "max_recomputed_base_embedding_abs_difference": 3.5762786865234375e-06,
  "gps_difference_pca_explained_variance": 0.9386153221130371,
  "fusion_difference_pca_explained_variance": 0.8599823713302612,
  "artifacts_sha256": {
    "late_blend_features.parquet": "402ad557c8df933b9f5802268636de77656cba0c0448fcca731e32e463873c0e",
    "late_blend_embeddings.npz": "5c2209006a5b47927780e546b484a11831cb08e45817c00066df5fa4a73c0824"
  }
}