{
  "n_estimators": 1500,
  "learning_rate": 0.03461374632976265,
  "num_leaves": 96,
  "max_depth": 18,
  "min_child_samples": 35,
  "subsample": 0.8112694649538272,
  "colsample_bytree": 0.6994804054231338,
  "reg_alpha": 0.003761108826919606,
  "reg_lambda": 1.0600894842942717e-07
}