{
  "n_estimators": 1400,
  "learning_rate": 0.038404503397935635,
  "num_leaves": 165,
  "max_depth": 17,
  "min_child_samples": 55,
  "subsample": 0.6443241422958452,
  "colsample_bytree": 0.4064446857063585,
  "reg_alpha": 1.9922545089511825e-06,
  "reg_lambda": 8.231954679871986e-07
}