{
  "run_mode": "full",
  "n_valid": 1977,
  "route_n": 540,
  "baseline_routed_v4": {
    "homo": {
      "mae_eV": 0.09302154160008329,
      "r2": 0.9214895018939216
    },
    "lumo": {
      "mae_eV": 0.09535934609262689,
      "r2": 0.9690569219501373
    },
    "gap": {
      "mae_eV": 0.12258056789933382,
      "r2": 0.9590292449179296
    },
    "average": {
      "mae_eV": 0.10365381853068133,
      "r2": 0.9498585562539962
    }
  },
  "candidate_1m": {
    "homo": {
      "mae_eV": 0.09324776198630662,
      "r2": 0.921154560320823
    },
    "lumo": {
      "mae_eV": 0.0937104468245291,
      "r2": 0.9710079075431446
    },
    "gap": {
      "mae_eV": 0.11870207599999831,
      "r2": 0.962376886705253
    },
    "average": {
      "mae_eV": 0.10188676160361133,
      "r2": 0.9515131181897402
    }
  },
  "candidate_minus_routed_v4": {
    "all": {
      "n": 1977,
      "homo": {
        "mae_delta_eV": 0.00022622038622333265,
        "ci95_eV": [
          -0.0017579201457641439,
          0.0022260449828907657
        ],
        "p_candidate_better": 0.4098
      },
      "lumo": {
        "mae_delta_eV": -0.0016488992680978038,
        "ci95_eV": [
          -0.003797265863107637,
          0.0004544452545097045
        ],
        "p_candidate_better": 0.9354
      },
      "gap": {
        "mae_delta_eV": -0.0038784918993355084,
        "ci95_eV": [
          -0.006982435935138857,
          -0.0008344412825308072
        ],
        "p_candidate_better": 0.9941
      },
      "average": {
        "mae_delta_eV": -0.0017670569270699936,
        "ci95_eV": [
          -0.003606301838135126,
          7.353840855423558e-05
        ],
        "p_candidate_better": 0.9705
      }
    },
    "ood1000": {
      "n": 999,
      "homo": {
        "mae_delta_eV": 0.0022822739017818506,
        "ci95_eV": [
          -0.0008072481753381566,
          0.005346751676979943
        ],
        "p_candidate_better": 0.0789
      },
      "lumo": {
        "mae_delta_eV": 0.0016967177751406046,
        "ci95_eV": [
          -0.0011961343600649349,
          0.004559616699593493
        ],
        "p_candidate_better": 0.125
      },
      "gap": {
        "mae_delta_eV": 0.0006101548011119155,
        "ci95_eV": [
          -0.003322102382088892,
          0.004618061134827528
        ],
        "p_candidate_better": 0.3763
      },
      "average": {
        "mae_delta_eV": 0.0015297154926781236,
        "ci95_eV": [
          -0.000881061711331161,
          0.003996851656761056
        ],
        "p_candidate_better": 0.1071
      }
    },
    "p8_targeted_hard": {
      "n": 978,
      "homo": {
        "mae_delta_eV": -0.0018739815177060736,
        "ci95_eV": [
          -0.00455198639057349,
          0.0008779188429761157
        ],
        "p_candidate_better": 0.9129
      },
      "lumo": {
        "mae_delta_eV": -0.005066354714105135,
        "ci95_eV": [
          -0.008275704917658727,
          -0.0019184694512479105
        ],
        "p_candidate_better": 0.9994
      },
      "gap": {
        "mae_delta_eV": -0.008463520584148367,
        "ci95_eV": [
          -0.013450997508705511,
          -0.003912675726688959
        ],
        "p_candidate_better": 0.9999
      },
      "average": {
        "mae_delta_eV": -0.005134618938653192,
        "ci95_eV": [
          -0.007994949390962567,
          -0.0024269783706236054
        ],
        "p_candidate_better": 1.0
      }
    }
  }
}