{
  "base_csv": "data\\raw\\phase8_expansion_500k.csv",
  "candidate_csvs": [
    "data\\raw\\phase8_v4_general_topup_500k.csv"
  ],
  "out_csv": "data\\raw\\phase8_expansion_1m.csv",
  "target_size": 1000000,
  "base": {
    "n": 500000,
    "mw": {
      "mean": 425.2073038649812,
      "p1": 206.28412,
      "p50": 403.3761496,
      "p99": 864.00358
    },
    "homo": {
      "mean": -5.779017562572576,
      "p1": -7.072238974495001,
      "p50": -5.7606502150850005,
      "p99": -4.666752536075
    },
    "lumo": {
      "mean": -1.1867029240645761,
      "p1": -3.023184879055,
      "p50": -1.21907005024,
      "p99": 1.2299546042599996
    },
    "gap": {
      "mean": 4.592314638507999,
      "p1": 2.566033610215,
      "p50": 4.547022441855,
      "p99": 7.287208916389999
    }
  },
  "candidate_pool": {
    "n": 500000,
    "mw": {
      "mean": 331.1906483065436,
      "p1": 206.24106,
      "p50": 311.71843,
      "p99": 598.69334
    },
    "homo": {
      "mean": -5.79930663793743,
      "p1": -6.996047096355,
      "p50": -5.776977046114999,
      "p99": -4.79464604581
    },
    "lumo": {
      "mean": -0.8407937129904838,
      "p1": -2.6667157349000004,
      "p50": -0.8598797675799998,
      "p99": 1.8857489839650008
    },
    "gap": {
      "mean": 4.958512924946947,
      "p1": 3.1891743278600004,
      "p50": 4.922539555545,
      "p99": 7.523947966325
    },
    "bucket_counts": {
      "general_indomain": 500000
    }
  },
  "appended": {
    "n": 500000,
    "mw": {
      "mean": 331.1906483065436,
      "p1": 206.24106,
      "p50": 311.71843,
      "p99": 598.69334
    },
    "homo": {
      "mean": -5.79930663793743,
      "p1": -6.996047096355,
      "p50": -5.776977046114999,
      "p99": -4.79464604581
    },
    "lumo": {
      "mean": -0.8407937129904838,
      "p1": -2.6667157349000004,
      "p50": -0.8598797675799998,
      "p99": 1.8857489839650008
    },
    "gap": {
      "mean": 4.958512924946947,
      "p1": 3.1891743278600004,
      "p50": 4.922539555545,
      "p99": 7.523947966325
    },
    "bucket_counts": {
      "general_indomain": 500000
    }
  },
  "expanded": {
    "n": 1000000,
    "mw": {
      "mean": 378.19897608576247,
      "p1": 206.2609,
      "p50": 348.3687432,
      "p99": 800.93954
    },
    "homo": {
      "mean": -5.789162100255004,
      "p1": -7.03142189692,
      "p50": -5.7688136306,
      "p99": -4.7347809987
    },
    "lumo": {
      "mean": -1.01374831852753,
      "p1": -2.87896453829,
      "p50": -1.0449171859200002,
      "p99": 1.7551343357249998
    },
    "gap": {
      "mean": 4.7754137817274716,
      "p1": 2.7646767210800003,
      "p50": 4.742944414215001,
      "p99": 7.439592672670001
    }
  },
  "complete": true,
  "missing_rows": 0
}