{
  "baseline": {
    "name": "h192_f192_i6",
    "homo_mae": 0.07618118822574615,
    "lumo_mae": 0.07510548084974289,
    "gap_mae": 0.09333634376525879,
    "average_mae": 0.08154100428024928
  },
  "candidates": {
    "h176_f160_i6": {
      "homo_mae": 0.07587610185146332,
      "lumo_mae": 0.07500568777322769,
      "gap_mae": 0.09323575347661972,
      "average_mae": 0.08137251436710358
    },
    "h176_f144_i6": {
      "homo_mae": 0.07587509602308273,
      "lumo_mae": 0.07499489188194275,
      "gap_mae": 0.09333210438489914,
      "average_mae": 0.08140069742997487
    },
    "h192_f160_i6": {
      "homo_mae": 0.0760674849152565,
      "lumo_mae": 0.07494205981492996,
      "gap_mae": 0.09376315772533417,
      "average_mae": 0.08159090081850688
    },
    "h176_f176_i6": {
      "homo_mae": 0.07674872130155563,
      "lumo_mae": 0.07528715580701828,
      "gap_mae": 0.09420738369226456,
      "average_mae": 0.08208108693361282
    }
  },
  "selected": "h176_f160_i6"
}
