{
  "n_valid": 5000,
  "v1_gap": {
    "gap": {
      "mae_eV": 0.31301983573817127,
      "r2": 0.7982987999518465
    },
    "average": {
      "mae_eV": 0.31301983573817127,
      "r2": 0.7982987999518465
    }
  },
  "v2_gap": {
    "gap": {
      "mae_eV": 0.3172581802909093,
      "r2": 0.794194599663936
    },
    "average": {
      "mae_eV": 0.3172581802909093,
      "r2": 0.794194599663936
    }
  },
  "v2_minus_v1_gap": {
    "gap": {
      "mae_delta_eV": 0.004238344552737992,
      "ci95_eV": [
        0.0010929684796826499,
        0.007424424462465461
      ],
      "p_v2_better": 0.0038
    },
    "average": {
      "mae_delta_eV": 0.004238344552737992,
      "ci95_eV": [
        0.001107554438137457,
        0.007507173592794217
      ],
      "p_v2_better": 0.0033
    }
  }
}