{
  "n_valid": 1980,
  "v1": {
    "homo": {
      "mae_eV": 0.09417319142235187,
      "r2": 0.9191209346143623
    },
    "lumo": {
      "mae_eV": 0.09457030477934587,
      "r2": 0.9704751054367842
    },
    "gap": {
      "mae_eV": 0.11935383192259941,
      "r2": 0.9620181638236608
    },
    "average": {
      "mae_eV": 0.10269910937476573,
      "r2": 0.9505380679582691
    }
  },
  "v2": {
    "homo": {
      "mae_eV": 0.09383725358364782,
      "r2": 0.920544519737015
    },
    "lumo": {
      "mae_eV": 0.09389192129131285,
      "r2": 0.9711937282249872
    },
    "gap": {
      "mae_eV": 0.12054889537471265,
      "r2": 0.9616721885383884
    },
    "average": {
      "mae_eV": 0.1027593567498911,
      "r2": 0.9511368121667969
    }
  },
  "v2_minus_v1": {
    "all": {
      "n": 1980,
      "homo": {
        "mae_delta_eV": -0.0003359378387040506,
        "ci95_eV": [
          -0.0022421933514356566,
          0.00161982934116744
        ],
        "p_v2_better": 0.6316
      },
      "lumo": {
        "mae_delta_eV": -0.0006783834880330305,
        "ci95_eV": [
          -0.0026464498163960228,
          0.0012570040872832975
        ],
        "p_v2_better": 0.7476
      },
      "gap": {
        "mae_delta_eV": 0.0011950634521132274,
        "ci95_eV": [
          -0.0015163050956095688,
          0.0038708409844682404
        ],
        "p_v2_better": 0.1901
      },
      "average": {
        "mae_delta_eV": 6.024737512538208e-05,
        "ci95_eV": [
          -0.001580549087118009,
          0.0016715753538501543
        ],
        "p_v2_better": 0.4726
      }
    },
    "ood1000": {
      "n": 999,
      "homo": {
        "mae_delta_eV": -0.00099028690884401,
        "ci95_eV": [
          -0.0037538184047579922,
          0.0017655809966584128
        ],
        "p_v2_better": 0.7549
      },
      "lumo": {
        "mae_delta_eV": -0.004225813903437066,
        "ci95_eV": [
          -0.007325016631448655,
          -0.0011790791373103148
        ],
        "p_v2_better": 0.997
      },
      "gap": {
        "mae_delta_eV": -0.00203355111690281,
        "ci95_eV": [
          -0.005911640086095919,
          0.0020069489285972283
        ],
        "p_v2_better": 0.8333
      },
      "average": {
        "mae_delta_eV": -0.0024165506430612956,
        "ci95_eV": [
          -0.004856227441867643,
          -4.8798430785792586e-05
        ],
        "p_v2_better": 0.977
      }
    },
    "p8_targeted_hard": {
      "n": 981,
      "homo": {
        "mae_delta_eV": 0.0003304176363926053,
        "ci95_eV": [
          -0.002322190955453608,
          0.002989873037393404
        ],
        "p_v2_better": 0.4035
      },
      "lumo": {
        "mae_delta_eV": 0.002934137393708695,
        "ci95_eV": [
          0.0005704856778672024,
          0.0052829683973816665
        ],
        "p_v2_better": 0.0082
      },
      "gap": {
        "mae_delta_eV": 0.0044829186554231374,
        "ci95_eV": [
          0.0007746396679599135,
          0.008032342269798619
        ],
        "p_v2_better": 0.0086
      },
      "average": {
        "mae_delta_eV": 0.0025824912285081453,
        "ci95_eV": [
          0.0004256165986380969,
          0.004688333178031415
        ],
        "p_v2_better": 0.0098
      }
    }
  }
}