{
  "model": "SchNet_3D_ETKDG_Gasteiger",
  "hidden": 256,
  "num_filters": 256,
  "num_interactions": 5,
  "num_gaussians": 50,
  "cutoff": 10.0,
  "use_charges": true,
  "n_params": 1538052,
  "best_epoch": 75,
  "epochs_trained": 105,
  "metrics": {
    "homo": {
      "mae": 0.13528753817081451,
      "rmse": 0.18956673548601702,
      "r2": 0.8474780321121216
    },
    "lumo": {
      "mae": 0.14123313128948212,
      "rmse": 0.20467936485081925,
      "r2": 0.9265933036804199
    },
    "gap": {
      "mae": 0.18718542158603668,
      "rmse": 0.2745694029626504,
      "r2": 0.8798553943634033
    },
    "average": {
      "mae": 0.15456869701544443,
      "rmse": 0.2229385010998289,
      "r2": 0.8846422433853149
    }
  }
}