cid,mw,formula,smiles,canonical_smiles,homo_true,homo_pred,homo_residual,homo_abs_error,lumo_true,lumo_pred,lumo_residual,lumo_abs_error,gap_true,gap_pred,gap_residual,gap_abs_error,average_abs_error,rank_homo_error,rank_lumo_error,rank_gap_error,rank_average_error
10657,204.35106,C15H24,CC1=CC[C@@H]2[C@@H](C1)[C@@H](CC=C2C)C(C)C,CC1=CC[C@H]2C(C)=CC[C@@H](C(C)C)[C@@H]2C1,-3.4259133,-5.774593076938344,2.3486797430455217,2.3486797430455217,-1.7632978,0.2881455801479846,-2.051443376397374,2.051443376397374,1.6626157,6.108130900745866,-4.445515243893144,4.445515243893144,2.948546121112013,1.0,1.0,1.0,1.0
806868,226.19094,C11H6N4O2,C1=COC(=C1)C2=NC3=CC=C4C(=NON4)C3=N2,c1coc(-c2nc3ccc4[nH]onc4c3n2)c1,-5.5320745,-5.999467296328463,0.46739284488193,0.46739284488193,-3.2844143,-2.158344004284556,-1.12607028709728,1.12607028709728,2.2476604,3.769887466517102,-1.5222270680338257,1.5222270680338257,1.0385634000043453,31.0,5.0,2.0,2.0
4550,261.23344,C12H11N3O4,C1CCC2=C(C1)C(=CC3=C(C(=O)N=C23)N=O)N(O)O,O=NC1=c2cc(N(O)O)c3c(c2=NC1=O)CCCC3,-5.559286,-5.627320232205513,0.0680341146518017,0.0680341146518017,-4.0027947,-2.5780745561177545,-1.424720186466474,1.424720186466474,1.5564913,2.9768976223562023,-1.4204063665960094,1.4204063665960094,0.9710535559047617,650.0,2.0,3.0,3.0
2828,299.36424,C18H21NO3,CN1CCC23C4C1CC5=C2C(=C(C=C5)OC)OC3C(C=C4)O,COc1ccc2c3c1OC1C(O)C=CC4C(C2)N(C)CCC341,-5.1619997,-5.202831707410931,0.040832004957318,0.040832004957318,0.14966261,-1.012642215298503,1.1623048291672164,1.1623048291672164,5.311662,4.210438469371391,1.1012237277416457,1.1012237277416457,0.7681201872887268,768.0,4.0,5.0,4.0
823690,211.21782,C9H13N3O3,C[C@H]1C[C@]2([C@@H](N1O)CCC3=NON=C32)O,C[C@H]1C[C@]2(O)c3nonc3CC[C@@H]2N1O,-6.225965,-6.645773769790531,0.4198087467497595,0.4198087467497595,-1.5809815,-0.9476268224210184,-0.6333546705751975,0.6333546705751975,4.6449833,5.8788213502843405,-1.233838058658364,1.233838058658364,0.7623338253277736,45.0,21.0,4.0,5.0
