tree
version=v4
num_class=1
num_tree_per_iteration=1
label_index=0
max_feature_idx=37
objective=binary sigmoid:1
feature_names=Column_0 Column_1 Column_2 Column_3 Column_4 Column_5 Column_6 Column_7 Column_8 Column_9 Column_10 Column_11 Column_12 Column_13 Column_14 Column_15 Column_16 Column_17 Column_18 Column_19 Column_20 Column_21 Column_22 Column_23 Column_24 Column_25 Column_26 Column_27 Column_28 Column_29 Column_30 Column_31 Column_32 Column_33 Column_34 Column_35 Column_36 Column_37
feature_infos=[-9.8662471771240234:-2.825068473815918] [-5.7732772827148438:2.3123266696929932] [0.40953189134597778:9.8690023422241211] [-0.087202787399291992:0.07667851448059082] [0:0.087202787399291992] [0:1] [-5.8690023422241211:3.590468168258667] [200.14599609375:999.31597900390625] [10:78] [0:16] [0:16] [0:51] [0:506.1300048828125] [-14.098799705505371:23.219699859619141] [0:1] [0:23] [0:31] none [0:90] [0:1] [0:20] [0:31] [0:14] [0:32] [0:10] none none none none [-10.232488632202148:-3.0533092021942139] [-9.8462705612182617:-3.7526729106903076] [0:2.1525182723999023] [-5.3456020355224609:2.379694938659668] [-5.6888055801391602:2.2449395656585693] [6.7949295043945312e-06:2.230104923248291] [0.22810754179954529:10.269994735717773] [1.4622870683670044:9.6290626525878906] [1.0013580322265625e-05:3.5471277236938477]
tree_sizes=3376 3491 3502 3508 3488 3490 3505 3502 3494 3518 3520 3500 3507 3484 3501 3526 3497 3493 3504 3481 3490 3492 3492 3486 3519 3505 3525 3498 3502 3468 3510 3520 3520 3478 3474 3465 3507 3477 3515 3500 3489 3495 3510 3499 3501 3490

Tree=0
num_leaves=31
num_cat=0
split_feature=37 12 31 34 34 14 16 3 11 12 31 34 3 19 18 37 0 12 37 19 31 32 21 16 34 34 34 4 37 23
split_gain=113.26 30.7825 17.0953 16.8596 15.5751 15.3746 11.6909 11.3406 11.2106 10.6503 10.3361 10.2781 10.2737 9.86549 9.79417 16.2159 11.9061 10.2943 10.2935 9.59231 9.988 9.46268 9.12193 8.88439 8.85244 8.60248 8.58576 10.1537 8.48301 9.66439
threshold=0.16229414939880374 66.509998321533217 0.073582887649536147 0.12256875634193422 0.37053740024566656 0.89181286096572887 4.5000000000000009 0.001729249954223633 10.500000000000002 109.5550003051758 0.13461232185363772 0.25435924530029302 -0.013366490602493284 0.65751880407333385 10.500000000000002 0.11164212226867677 -5.3291554450988761 40.854999542236335 0.036913871765136726 0.41897973418235784 0.010807752609252931 -2.818767666816711 1.0000000180025095e-35 2.5000000000000004 0.0801733434200287 0.11712685227394105 0.034683406352996833 0.0003309547901153565 0.27173995971679693 1.0000000180025095e-35
decision_type=2 2 2 2 2 2 2 2 2 2 2 2 2 2 2 2 2 2 2 2 2 2 2 2 2 2 2 2 2 2
left_child=1 2 14 5 21 6 9 8 25 13 -9 22 -10 -3 15 16 17 18 -1 -16 -21 -2 -4 -19 26 -8 27 -22 -23 -30
right_child=4 3 11 -5 -6 -7 7 10 12 -11 -12 -13 -14 -15 19 -17 -18 23 -20 20 24 28 -24 -25 -26 -27 -28 -29 29 -31
leaf_value=0.29908479627427853 0.30149282750440842 0.3026266162553311 0.30196232887489993 0.31390913138162246 0.32439641689480814 0.32577057606150778 0.30707918419579783 0.31100086405751715 0.33153505895729746 0.32784889883829627 0.32459564035205851 0.32833982128070693 0.31079735102926853 0.31055595226889254 0.31123475272435702 0.31333552632926004 0.28838180041776978 0.28566982718040496 0.31168791019100334 0.29891540869040206 0.2802062696752996 0.31321117823448863 0.30933394779156548 0.29944158206615384 0.30000037354520787 0.29239245940200925 0.30950173083240362 0.30465152419083763 0.31938205243665185 0.30932945028032444
leaf_weight=78.612479954957962 33.935200974345207 466.303840726614 130.61390303075314 341.79339110851288 103.75870801508427 29.296576380729675 1478.9888309538364 444.8196847140789 14.648288190364836 11.230354279279707 37.108996748924255 14.648288190364836 353.51202166080475 123.04562079906464 128.17252166569233 54.44280444085598 57.372462078928947 35.400029793381691 81.297999456524849 195.06637106835842 10.009663596749304 826.89586834609509 514.64319175481796 179.44153033196926 165.52565655112267 24.413813650608063 312.74095286428928 375.48445394635201 341.06097669899464 73.241440951824188
leaf_count=322 139 1910 535 1400 425 120 6058 1822 60 46 152 60 1448 504 525 223 235 145 333 799 41 3387 2108 735 678 100 1281 1538 1397 300
internal_value=0.308679 0.307113 0.304913 0.308659 0.315101 0.308055 0.307873 0.308669 0.307787 0.304763 0.312084 0.308326 0.311689 0.304287 0.30357 0.300578 0.298958 0.300634 0.305487 0.304804 0.304021 0.314331 0.307838 0.297065 0.305187 0.306828 0.306431 0.303938 0.31469 0.317617
internal_weight=7037.53 5658.63 2333.47 3325.16 1378.89 2983.37 2954.07 2353.49 1871.56 600.58 481.929 659.905 368.16 589.349 1673.57 486.567 432.125 374.752 159.91 1187 1058.83 1275.13 645.257 214.842 863.761 1503.4 698.235 385.494 1241.2 414.302
internal_count=28826 23178 9558 13620 5648 12220 12100 9640 7666 2460 1974 2703 1508 2414 6855 1993 1770 1535 655 4862 4337 5223 2643 880 3538 6158 2860 1579 5084 1697
is_linear=0
shrinkage=1


Tree=1
num_leaves=31
num_cat=0
split_feature=37 7 21 37 37 29 14 29 7 12 30 13 3 14 37 0 2 3 36 4 4 3 36 1 33 4 37 3 3 29
split_gain=107.767 40.5154 14.2374 12.8787 12.8385 11.9541 13.4005 10.1353 9.62145 9.76596 7.3977 9.93115 8.36951 7.94391 9.05303 7.02795 8.25158 7.23431 6.77153 10.3624 8.81424 6.76309 6.76229 9.64038 6.63463 6.62026 9.27565 6.45919 14.097 10.1951
threshold=0.16229414939880374 367.49800109863287 2.5000000000000004 0.09804940223693849 0.27173995971679693 -5.6251361370086661 0.15470086038112643 -6.4213135242462149 220.27400207519534 37.835000991821296 -6.0121684074401847 2.0876499414443974 -0.011954694986343382 0.45346321165561682 0.037531852722167976 -6.4545204639434806 4.7484941482543954 0.0050364434719085702 5.9805223941802987 0.0092264115810394304 0.014345020055770876 -0.016031324863433834 4.9799098968505868 0.27308185398578649 -3.2385551929473873 0.004809439182281495 0.027367353439331058 -0.0039293020963668815 -0.005151420831680297 -6.1938812732696524
decision_type=2 2 2 2 2 2 2 2 2 2 2 2 2 2 2 2 2 2 2 2 2 2 2 2 2 2 2 2 2 2
left_child=1 2 5 -4 -2 8 -7 15 9 -1 11 12 -10 14 -14 16 17 -3 20 -20 -5 -9 -11 -24 -23 -15 -27 28 -13 -30
right_child=4 7 3 18 -6 6 -8 21 10 22 -12 27 13 25 -16 -17 -18 -19 19 -21 -22 24 23 -25 -26 26 -28 -29 29 -31
leaf_value=0.013788316062997134 0.0043666618005905053 -0.0097100669780362855 -0.0028978479937846104 0.0054054623318305246 0.0093578108014133656 -0.0011085381486366805 -0.010194004165041758 0.016394321864047608 -0.026846018792404926 0.0090904783439952324 -0.0023646640134486752 -0.0047363836191544008 0.015843284124332772 -0.027588454933278352 -0.009267374940151436 0.019187348259836378 0.010094063328714292 0.013205863670894658 0.0084578102194250004 -0.01999968703671191 0.028455230656425856 -0.019463329127372041 -0.017733453334925074 0.009772200375368599 -1.7057977212772168e-05 -0.027562531392720371 0.00056907222187885102 0.00045977903489062089 -0.0094153558927946787 -0.04128488898885177
leaf_weight=36.871997654438019 854.63684347271919 33.206689581274986 545.13772130012512 125.9840252995491 522.883514970541 131.88721440732479 452.24332116544247 14.640314698219298 21.98808553814888 18.559036523103714 526.8486914485693 226.68244388699532 12.455848231911657 18.57240529358387 25.886036485433578 23.675792798399925 61.271730735898018 10.492146044969557 15.374821975827219 14.644721701741217 10.49389962852001 10.005183935165403 24.186701312661171 10.751354396343229 3121.9736361205578 9.7775448858737928 22.230949476361275 107.71916218101978 15.388410523533823 10.992401897907255
leaf_count=151 3503 136 2232 516 2145 540 1851 60 90 76 2157 928 51 76 106 97 251 43 63 60 43 41 99 44 12787 40 91 441 63 45
internal_value=0 -0.00152631 -0.00400451 -0.00103636 0.00626845 -0.00526416 -0.00815233 0.000277937 -0.00370649 0.00405697 -0.00441494 -0.00668983 -0.0132197 -0.00956139 -0.000850955 0.00712825 0.00422937 -0.00397965 0.0050244 -0.00554149 0.00739005 -3.51274e-06 -0.00273427 -0.00916328 -8.61701e-05 -0.0159712 -0.00852315 -0.00464454 -0.00682035 -0.0238089
internal_weight=7037.46 5659.94 2384.68 711.635 1377.52 1673.04 584.131 3275.27 1088.91 90.3691 998.542 471.693 110.911 88.9228 38.3419 128.646 104.971 43.6988 166.497 30.0195 136.478 3146.62 53.4971 34.9381 3131.98 50.5809 32.0085 360.782 253.063 26.3808
internal_count=28826 23178 9763 2914 5648 6849 2391 13415 4458 370 4088 1931 454 364 157 527 430 179 682 123 559 12888 219 143 12828 207 131 1477 1036 108
is_linear=0
shrinkage=0.025


Tree=2
num_leaves=31
num_cat=0
split_feature=37 7 31 21 37 37 29 14 14 7 12 0 36 32 2 12 12 12 6 32 20 3 1 12 0 36 18 9 14 37
split_gain=102.543 38.5106 15.8669 13.5322 12.258 12.2453 11.3217 12.701 11.0282 9.16076 9.31305 7.35679 9.21786 11.7657 8.85018 10.7079 9.40261 9.28952 10.0061 8.56366 8.45165 7.54639 7.07412 14.9004 10.6685 9.51832 8.41155 7.57736 11.0246 11.1727
threshold=0.16229414939880374 367.49800109863287 0.13461232185363772 2.5000000000000004 0.09804940223693849 0.27173995971679693 -5.6251361370086661 0.15470086038112643 0.86754387617111217 220.27400207519534 37.835000991821296 -5.749945640563964 3.9632902145385747 -1.5513602495193479 3.5572221279144292 125.63999938964845 110.85499954223634 78.520000457763686 0.56998705863952648 -1.7757591009140012 1.0000000180025095e-35 0.0016221106052398684 -1.6469054818153379 76.384998321533217 -6.3863601684570304 5.3822147846221933 23.500000000000004 4.5000000000000009 0.1742581129074097 0.027855396270751957
decision_type=2 2 2 2 2 2 2 2 2 2 2 2 2 2 2 2 2 2 2 2 2 2 2 2 2 2 2 2 2 2
left_child=1 3 8 6 -5 -2 9 -8 11 10 -1 20 14 -14 15 16 17 18 -13 -19 -3 -18 27 24 -24 -25 -27 28 -22 -30
right_child=5 2 -4 4 -6 -7 7 -9 -10 -11 -12 12 13 -15 -16 -17 21 19 -20 -21 22 -23 23 25 -26 26 -28 -29 29 -31
leaf_value=0.013481241671363796 0.0042605645315730344 -0.008344674820353299 0.0061070743150845597 -0.0028242840496750959 0.0049065142850628733 0.0091381440492101888 -0.0010808508204558328 -0.0099245574601205117 0.015633688443338092 -0.0043052896867310352 -0.002661732756281131 -0.018004423251321826 -0.013214092110237861 -0.0022329208824293455 0.0038653106622872505 0.0086221271873000282 -0.029992577430542178 0.00036371516195192097 -0.0022636256401958282 0.020521725491543269 0.0067081395328445941 -0.0065054202161489343 0.016194456805701963 0.0067508214474453244 -0.0036601182463530759 0.00066896823521404066 -0.023317642929729411 -0.0052314993744708091 0.0078634235590459879 -0.0056321560178086236
leaf_weight=36.792851224541664 854.05362012982368 56.384534001350403 266.44682417809963 545.37644922733307 166.36784368753433 522.10055224597454 131.90937347710133 452.9267885684967 26.07880412042141 999.17055843770504 53.517922297120094 34.679128244519234 64.217908307909966 985.45954655110836 315.23209846019745 49.302608013153076 13.185812860727308 103.0141164213419 89.13800710439682 14.157363772392271 139.39973418414593 24.405352577567101 17.318466946482658 436.72476270794868 217.118807554245 43.443346500396729 10.49354265630245 162.37013643980026 49.566987693309784 156.98530566692352
leaf_count=151 3503 231 1092 2232 682 2145 540 1851 107 4088 219 142 263 4036 1291 202 54 422 365 58 571 100 71 1789 889 178 43 665 203 643
internal_value=0 -0.00148814 0.000271243 -0.00390323 -0.00100938 0.00611818 -0.00513056 -0.00793938 -0.000246601 -0.00361459 0.0039632 -0.000391484 -0.00147551 -0.00291905 0.0008776 -0.00199026 -0.00390148 -0.00204569 -0.00680132 0.00297353 0.00102934 -0.0153725 0.0014663 0.00305061 -0.00212024 0.00552561 -0.00429167 -0.000790301 0.00129601 -0.00235925
internal_weight=7037.34 5661.18 3275.12 2386.06 711.744 1376.15 1674.32 584.836 3008.68 1089.48 90.3108 2982.6 1692.79 1049.68 643.114 327.882 278.58 240.989 123.817 117.171 1289.81 37.5912 1233.42 725.099 234.437 490.662 53.9369 508.322 345.952 206.552
internal_count=28826 23178 13415 9763 2914 5648 6849 2391 12323 4458 370 12216 6933 4299 2634 1343 1141 987 507 480 5283 154 5052 2970 960 2010 221 2082 1417 846
is_linear=0
shrinkage=0.025


Tree=3
num_leaves=31
num_cat=0
split_feature=37 8 34 34 34 14 29 0 14 37 34 12 31 34 36 8 37 31 4 19 29 32 35 31 34 31 4 18 8 29
split_gain=97.565 35.3659 20.9689 15.3556 14.5309 14.4835 14.3042 14.1024 10.1067 13.0592 9.8351 10.1165 9.38179 11.1064 9.66547 11.839 9.73476 9.29413 9.25351 9.21904 9.37947 9.05173 8.92941 8.02268 7.82701 7.33219 7.41846 9.29145 8.91819 8.10334
threshold=0.16229414939880374 24.500000000000004 0.070640563964843764 0.27935034036636358 0.37053740024566656 0.3483316451311112 -5.6078197956085196 -5.2391507625579825 0.27681992948055273 0.015078306198120119 0.031075000762939457 56.225000381469734 0.045610427856445319 0.078630149364471449 5.5525860786437997 20.500000000000004 0.09804940223693849 0.010807752609252931 0.015000283718109133 0.26138716936111456 -5.6906111240386954 -2.818767666816711 6.3237056732177743 0.14820122718811038 0.15502387285232547 0.10126948356628419 0.0065269768238067636 33.500000000000007 32.500000000000007 -5.7366769313812247
decision_type=2 2 2 2 2 2 2 2 2 2 2 2 2 2 2 2 2 2 2 2 2 2 2 2 2 2 2 2 2 2
left_child=1 2 5 22 21 8 19 12 17 -10 11 -8 13 -4 16 -16 -15 -1 23 -7 -21 -2 25 -19 -9 -3 -27 28 29 -28
right_child=4 3 7 -5 -6 6 10 24 9 -11 -12 -13 -14 14 15 -17 -18 18 -20 20 -22 -23 -24 -25 -26 26 27 -29 -30 -31
leaf_value=-0.012355221844949235 -0.0073309708437353932 -0.00065658475982341208 0.0084699470871466495 0.023400632626899991 0.014973143179811292 -0.00089837124861714274 -0.022195432630506884 -0.017405674995591768 0.019191991548642998 -0.00044840670806062699 -0.0073636190095670686 -0.006060259598749688 0.0040692643006584248 -0.01673936329565312 -0.0031307503549530963 0.022296375768712028 -0.0030214168503439175 -0.0046831550382353702 0.0088292008210104495 -0.0090151788627720452 0.0030253620332639074 0.0055794707357296287 0.013961992335271504 0.015646478019150846 0.0067554681259282719 0.0045928692616796227 -0.0051791519494551195 0.0107236056005761 -0.0089581068437853857 0.010106369360693274
leaf_weight=78.779451265931129 33.905134052038193 2920.0691121816635 45.228000521659851 16.560905367136002 103.20195676386356 177.21796345710754 90.445887416601181 40.155618652701378 24.458395093679428 123.74039639532566 108.28143285214901 35.002794340252876 305.22985279560089 56.019366249442101 45.455072104930878 14.169862523674963 77.23983907699585 429.26325939595699 36.408088639378548 373.42819230258465 44.513114750385284 1237.6858820766211 27.254873856902122 11.474895626306532 9.7763387709856016 363.10369229316711 43.676275566220284 32.68395708501339 91.711444184184074 41.005240395665169
leaf_count=322 139 11958 185 68 425 725 369 164 100 506 442 143 1249 229 186 58 316 1756 149 1527 182 5084 112 47 40 1488 179 134 376 168
internal_value=0 -0.00145071 -0.00399782 8.08895e-05 0.0059715 -0.00554139 -0.00778179 -2.41053e-06 -0.00289317 0.00288315 -0.0130259 -0.0177967 0.00117042 -0.00253655 -0.00516066 0.00313887 -0.0088885 -0.00443993 -0.00310474 -0.00569973 -0.00772267 0.00522778 -3.47464e-05 -0.00411398 -0.0125862 -0.000148664 0.00243573 -0.00130271 -0.00359306 0.00222493
internal_weight=7037.15 5662.35 2126.29 3536.07 1374.79 1533.01 828.889 593.274 704.124 148.199 233.73 125.449 543.342 238.112 192.884 59.6249 133.259 555.926 477.146 595.159 417.941 1271.59 3519.5 440.738 49.932 3492.25 572.181 209.077 176.393 84.6815
internal_count=28826 23178 8695 14483 5648 6268 3388 2427 2880 606 954 512 2223 974 789 244 545 2274 1952 2434 1709 5223 14415 1803 204 14303 2345 857 723 347
is_linear=0
shrinkage=0.025


Tree=4
num_leaves=31
num_cat=0
split_feature=31 7 34 34 34 14 30 4 14 35 15 32 7 34 18 12 32 19 2 34 34 31 13 33 2 20 4 4 0 12
split_gain=71.3457 39.5216 24.6874 24.6157 15.1784 13.3243 12.0157 11.6141 13.5769 11.57 10.2736 10.1436 10.0569 9.66883 9.26738 8.85774 8.85014 9.66171 8.65282 8.33458 10.2648 7.64245 8.39478 7.45899 11.4484 18.2619 11.8843 7.33553 13.0061 7.32713
threshold=0.12488842010498048 332.38301086425787 0.18438059091567996 0.070640563964843764 0.21385571360588077 0.36266924440860754 -5.5890340805053702 0.013418078422546388 0.85880398750305187 5.4481339454650888 3.5000000000000004 -0.98538514971733082 327.37249755859381 0.0028898417949676518 17.500000000000004 59.645000457763679 -0.84311741590499867 0.27386364340782171 5.1386003494262704 0.0801733434200287 0.097142249345779433 0.3619599342346192 5.5280699729919442 -0.10607697069644927 4.6452894210815439 2.5000000000000004 0.0056239068508148202 0.010772645473480226 -6.5089962482452384 57.364999771118171
decision_type=2 2 2 2 2 2 2 2 2 2 2 2 2 2 2 2 2 2 2 2 2 2 2 2 2 2 2 2 2 2
left_child=1 3 7 5 27 13 23 8 -3 11 -9 12 15 -1 -15 29 -13 -18 -16 -19 -21 -6 -23 24 25 -7 -27 -2 -29 -5
right_child=4 2 -4 9 21 6 -8 10 -10 -11 -12 16 -14 14 18 -17 17 19 -20 20 -22 22 -24 -25 -26 26 -28 28 -30 -31
leaf_value=-0.016276799619653139 0.0051311201792136191 -0.00068282127223967396 0.0079333915380399387 -0.0035462740877755857 0.014364632359160637 0.020016330354128215 -0.013673693368694491 0.0030573480656633117 0.017353447329915502 0.0045972128847843827 0.018869024428957423 -0.020927415027044944 0.02139131849237285 8.1508010680547964e-05 -0.004967028323364109 0.0038284094698691818 0.01710866034312979 0.0078985688859958322 -0.023415323511912625 -0.025310281766418915 -0.0049086220666441326 0.0094080037856718798 -0.014811081395881304 -0.0013938574075142316 -0.01012769582161574 -0.019739911717220837 0.0079084201186100933 0.014500849839658273 -0.0034008982748828277 -0.023955313918867942
leaf_weight=33.042392298579216 891.90465939044952 3437.8001098334789 245.37425823509693 103.08077242970467 152.7677509188652 21.045082733035088 194.61473654210567 122.49465252459049 25.276635363698006 221.76978674530983 31.894746109843254 26.399548530578613 12.452354863286017 341.74750201404095 216.00105409324169 122.27706463634968 10.254898726940153 17.115405231714249 16.392642050981522 21.307816818356514 53.526996210217476 28.148284375667572 11.883912310004233 140.41825012862682 308.48820443451405 22.516141295433044 15.664734065532683 29.465000063180923 150.31601615250111 11.479518771171568
leaf_count=135 3662 14079 1009 422 629 86 793 502 104 909 131 108 51 1397 883 501 42 70 67 87 219 116 49 574 1260 92 64 121 617 47
internal_value=0 -0.00117819 0.000275825 -0.00411938 0.00537618 -0.00603862 -0.00838362 -0.000244948 -0.000545483 7.202e-05 0.00644032 -0.00258215 0.000356263 -0.00331112 -0.00253358 -0.000824491 -0.0082561 -0.00478782 -0.0063738 -0.00741455 -0.0110077 0.0118278 0.00197168 -0.00632973 -0.00819891 0.00180731 -0.0084203 0.00420324 -0.000389101 -0.0058026
internal_weight=7036.92 5772.44 3862.84 1909.59 1264.49 1309.93 702.747 3617.47 3463.08 599.664 154.389 377.894 249.29 607.184 574.141 236.837 128.605 102.205 232.394 91.9502 74.8348 192.8 40.0322 508.132 367.714 59.226 38.1809 1071.69 179.781 114.56
internal_count=28826 23632 15825 7807 5194 5351 2869 14816 14183 2456 633 1547 1021 2482 2347 970 526 418 950 376 306 794 165 2076 1502 242 156 4400 738 469
is_linear=0
shrinkage=0.025


Tree=5
num_leaves=31
num_cat=0
split_feature=31 34 7 34 0 14 34 13 15 3 29 2 8 21 31 14 36 7 31 13 31 6 1 2 21 36 13 20 36 13
split_gain=67.8868 38.0013 36.9404 14.4864 11.8843 9.5035 9.68035 11.7175 8.92382 11.256 8.98788 12.252 9.49255 8.92011 8.37087 9.33019 10.6765 8.76576 10.5711 8.93453 8.31811 10.6481 10.4288 10.1198 11.038 9.98041 9.38494 13.1134 8.28331 8.23894
threshold=0.12488842010498048 0.1199467182159424 332.38301086425787 0.21385571360588077 -5.6210732460021964 0.38165266811847692 0.031075000762939457 1.4592000246047976 1.0000000180025095e-35 -0.0010434091091156004 -5.6784975528717032 4.4289820194244394 16.500000000000004 3.5000000000000004 0.11263585090637208 0.55086207389831554 4.3713612556457528 450.76550292968756 0.10663604736328126 5.2263898849487314 0.020823717117309574 -0.72572302818298329 -0.87119677662849415 4.755775213241578 3.5000000000000004 4.8742191791534433 2.6916899681091313 3.5000000000000004 5.2059984207153329 2.1663500070571904
decision_type=2 2 2 2 2 2 2 2 2 2 2 2 2 2 2 2 2 2 2 2 2 2 2 2 2 2 2 2 2 2
left_child=1 2 4 -2 8 -6 7 -7 -1 13 11 -11 -13 29 15 17 -17 18 19 -3 21 -4 23 -22 25 -25 27 -24 -26 -10
right_child=3 14 20 -5 5 6 -8 -9 9 10 -12 12 -14 -15 -16 16 -18 -19 -20 -21 22 -23 26 24 28 -27 -28 -29 -30 -31
leaf_value=0.00044462924537558659 0.0041013845638462245 0.000354337523672468 0.0018178074238039161 0.011557086425686629 -0.0047673901123673314 0.00080733811831147227 -0.0073187420761962529 -0.021149568898536072 -0.011219723734140249 0.0083024660393653301 0.013244162863230817 0.0055006526876717303 -0.0089665852023045455 0.001330682671217053 -0.0055446396021040754 0.02499035131305926 0.0068110997232303022 0.0057707299726273541 0.02145350143156529 -0.013871108785322252 0.0004808043066394901 -0.0043888346288042338 0.014762784409834426 0.0105492559829859 0.01369192126626489 -0.0054876454408789282 -0.0043739146895914001 -0.0038826896086950405 -0.0042044029020732645 -0.0051601900260553335
leaf_weight=255.91006287932396 1070.9573708772659 286.64244988560677 241.76868605613708 192.40656985342503 241.46568787097931 17.93390779197216 137.94494566321373 88.8305294662714 229.26128624379635 53.534402817487717 26.89890693128109 36.408933684229851 116.21566686034203 80.666996002197266 57.454111352562904 22.382153823971748 170.30498489737511 311.38625733554363 12.66302342712879 29.498143598437309 1630.5570534318686 596.12233664095402 40.968373313546181 36.147911578416824 107.08122737705708 68.868008211255074 430.53202387690544 52.745406910777092 18.293511778116226 374.79770945012569
leaf_count=1046 4400 1176 990 794 986 73 562 361 936 219 110 149 475 330 236 92 700 1279 52 121 6677 2440 168 148 439 282 1763 216 75 1531
internal_value=0 -0.00114867 -0.00201516 0.00524709 -0.00504414 -0.0083336 -0.0118086 -0.0174649 -0.0036735 -0.00482373 -6.61504e-05 -0.00187045 -0.00548578 -0.00643695 0.00359764 0.00423719 0.00905379 0.00277172 -6.97411e-05 -0.00100467 -0.000453401 -0.00259493 0.000298619 0.00117708 0.00607066 5.63309e-05 -0.00281124 0.00431187 0.0110483 -0.00747887
internal_weight=7036.65 5773.28 4882.95 1263.36 1659.87 486.175 244.709 106.764 1173.69 917.784 233.058 206.159 152.625 684.726 890.331 832.877 192.687 640.19 328.804 316.141 3223.08 837.891 2385.19 1860.95 230.391 105.016 524.246 93.7138 125.375 604.059
internal_count=28826 23632 19976 5194 6778 1982 996 434 4796 3750 953 843 624 2797 3656 3420 792 2628 1349 1297 13198 3430 9768 7621 944 430 2147 384 514 2467
is_linear=0
shrinkage=0.025


Tree=6
num_leaves=31
num_cat=0
split_feature=37 7 34 34 34 14 19 29 14 1 7 33 32 29 31 1 37 19 37 23 36 12 13 18 33 31 31 33 4 13
split_gain=86.419 32.1613 17.4182 16.8358 13.2515 11.0779 14.1293 10.6889 11.6775 11.2699 13.0734 9.5432 8.67607 8.4444 8.46986 10.4966 7.45347 6.93302 6.76448 9.27897 6.94698 9.34043 8.10868 11.8435 6.75055 7.63536 12.7352 9.29773 6.70294 7.19085
threshold=0.16229414939880374 367.49800109863287 0.27935034036636358 0.070640563964843764 0.37053740024566656 0.38165266811847692 0.26138716936111456 -5.306304693222045 0.1012820526957512 -0.46618223190307612 278.29449462890631 -2.8483685255050655 -2.818767666816711 -6.4213135242462149 0.020823717117309574 -0.75368061661720265 0.026861667633056644 0.40967366099357611 0.27173995971679693 1.0000000180025095e-35 4.789048671722413 73.360000610351577 4.3054001331329355 29.500000000000004 -0.69362494349479664 0.027219057083129886 0.035725116729736335 -0.26300546526908869 0.011596500873565676 2.5129500627517705
decision_type=2 2 2 2 2 2 2 2 2 2 2 2 2 2 2 2 2 2 2 2 2 2 2 2 2 2 2 2 2 2
left_child=1 3 13 5 12 11 24 9 -9 -5 -11 -1 17 -3 -15 -16 -17 -2 -14 -20 22 -22 -21 -24 -7 27 -27 -26 29 -28
right_child=4 2 -4 7 -6 6 -8 8 -10 10 -12 -13 18 14 15 16 -18 -19 19 20 21 -23 23 -25 25 26 28 -29 -30 -31
leaf_value=0.019674514474397525 0.0063980371957382586 0.0064075593477177437 0.025894855323083135 -0.0011581716899286927 0.01425103237953663 0.0065022774095223126 -0.009133402594701941 0.014124488847055309 -0.012977488889742742 9.7700376914694879e-05 0.014449378876279662 -0.003247897047629662 0.0039424835802844031 -0.0024335305376555808 0.0012971741071929395 -0.010538675347891635 -0.0015203515721892429 -0.016125884477979351 0.0096264442277854221 -0.0081872766320709028 0.0026712179999904611 -0.028724110003153388 0.024953436620857215 -0.0047423146007407498 -0.013749973081711046 -0.027527940495495246 0.0039351183363488685 0.0099897007410574348 -0.013295547702729097 -0.010883252663035971
leaf_weight=10.485868468880652 13.160994902253149 127.0902054309845 15.465689584612845 434.78358316421509 102.6060898154974 46.720550000667572 572.70329205691814 10.757306292653082 65.204275891184807 88.393214300274849 71.516664445400238 891.94723398983479 823.69861808419228 761.5381935685873 2013.1587865948677 71.085490226745605 286.13974049687386 20.734168991446495 338.47033125162125 17.961723297834396 12.619940742850305 9.709956228733061 18.445415392518044 14.075728371739386 12.741686955094336 15.685412675142286 65.062397018074989 40.195603713393211 35.547473564743996 28.628033801913261
leaf_count=43 54 522 64 1779 425 191 2333 44 266 362 293 3644 3387 3117 8249 291 1172 85 1397 74 52 40 76 58 52 64 266 164 145 117
internal_value=1.21937e-07 -0.00136295 0.000245899 -0.00356707 0.00562893 -0.0048767 -0.00698682 -0.000202868 -0.0089733 0.000926386 0.00658166 -0.0029573 0.00491907 0.000115509 -0.000140982 0.000595212 -0.00334633 -0.00737581 0.00526423 0.00788932 -0.000172882 -0.0115196 0.0049238 0.012268 -0.00193355 -0.00396074 -0.00692295 0.00408037 -0.00421079 -0.000633496
internal_weight=7036.33 5664.85 3274.48 2390.37 1371.48 1719.72 817.284 670.655 75.9616 594.693 159.91 902.433 1268.88 3259.01 3131.92 2370.38 357.225 33.8952 1234.98 411.283 72.8128 22.3299 50.4829 32.5211 244.581 197.861 144.923 52.9373 129.238 93.6904
internal_count=28826 23178 13415 9763 5648 7019 3332 2744 310 2434 655 3687 5223 13351 12829 9712 1463 139 5084 1697 300 92 208 134 999 808 592 216 528 383
is_linear=0
shrinkage=0.025


Tree=7
num_leaves=31
num_cat=0
split_feature=37 8 34 34 34 14 29 29 3 34 12 36 36 32 35 19 29 1 3 8 3 29 36 13 2 30 36 34 3 29
split_gain=82.2207 29.1512 17.3431 13.5042 12.6669 12.1221 12.1967 11.8686 9.58614 8.91956 9.34461 8.53365 10.7967 8.25958 8.07109 7.8717 8.69716 7.66752 10.9588 10.9105 7.44142 7.43621 7.31 9.5724 9.15774 7.82382 7.21556 7.85355 9.58381 6.91034
threshold=0.16229414939880374 24.500000000000004 0.070640563964843764 0.27935034036636358 0.37053740024566656 0.3483316451311112 -5.6078197956085196 -5.2588965892791739 0.0020518302917480473 0.031075000762939457 56.225000381469734 4.47823190689087 4.0188729763031015 -2.818767666816711 6.3237056732177743 0.26138716936111456 -5.6906111240386954 -0.46618223190307612 0.0056089162826538095 19.500000000000004 -0.016031324863433834 -6.2417478561401358 4.670642852783204 4.4697599411010751 4.755775213241578 -5.3964383602142325 4.9987432956695566 0.037861973047256477 0.0066397190093994149 -4.9544973373413077
decision_type=2 2 2 2 2 2 2 2 2 2 2 2 2 2 2 2 2 2 2 2 2 2 2 2 2 2 2 2 2 2
left_child=1 2 5 14 13 8 15 17 11 10 -8 12 -1 -2 29 -7 -17 18 20 -19 -4 -10 23 -13 -24 -26 27 28 -23 -3
right_child=4 3 7 -5 -6 6 9 -9 21 -11 -12 22 -14 -15 -16 16 -18 19 -20 -21 -22 26 24 -25 25 -27 -28 -29 -30 -31
leaf_value=0.00021522065189164189 -0.0071885704427319874 -0.00036012178929757031 0.012327475502884594 0.02205729394807128 0.013935703032611286 -0.00072512143279288401 -0.020640794215373817 -0.01123449227007124 0.016805336604409967 -0.0065349296331733394 -0.0052010982435003105 0.0012647535942632382 -0.011188566510653914 0.0051373977133105731 0.013296288929920347 -0.0082671869818763243 0.0033107625273338993 0.00039528693413322071 0.014422532437616736 0.014053238625527945 -0.0028172258495961968 0.002482009021626836 -0.014431012655621828 0.024077458598298702 -0.00053838124891664044 -0.022315184716696843 0.017647360194932082 0.0087179515323940922 -0.020518701442473079 0.0058330187148869428
leaf_weight=75.900562554597855 33.932524785399437 3376.5922946035862 20.526101633906364 16.361908093094826 102.33074042201042 177.38351693749428 91.087986469268799 52.547791182994843 22.441709160804749 108.74465325474739 35.162689849734306 72.993877500295639 159.91477477550507 1233.8585685193539 27.110887587070465 374.91542164981365 44.586374133825302 92.53130179643631 26.586288943886757 59.922280073165894 341.07752749323845 22.530445218086243 39.199546635150909 12.740661710500715 232.41504956781864 9.810493275523184 12.247580185532568 23.969810873270035 21.051548615098 115.46781799197197
leaf_count=310 139 13830 84 68 425 725 369 214 92 442 143 298 653 5084 112 1527 182 379 109 246 1395 92 160 52 949 40 50 98 86 473
internal_value=1.86639e-07 -0.00132861 -0.00363806 6.28417e-05 0.00549392 -0.00503858 -0.00708351 -2.42047e-06 -0.0026162 -0.0119114 -0.0164349 -0.00381879 -0.00752213 0.00480012 -4.49453e-05 -0.00516184 -0.00702574 0.00110339 -0.000759226 0.00583647 -0.00191903 0.00442023 -0.00141949 0.00492219 -0.00337089 -0.00151877 0.000741392 -0.00250002 -0.00878306 -0.000153014
internal_weight=7035.94 5665.82 2130.29 3535.53 1370.12 1537.1 831.881 593.191 705.216 234.995 126.251 602.975 235.815 1267.79 3519.17 596.885 419.502 540.643 388.19 152.454 361.604 102.241 367.16 85.7345 281.425 242.226 79.7994 67.5518 43.582 3492.06
internal_count=28826 23178 8695 14483 5648 6268 3388 2427 2880 954 512 2462 963 5223 14415 2434 1709 2213 1588 625 1479 418 1499 350 1149 989 326 276 178 14303
is_linear=0
shrinkage=0.025


Tree=8
num_leaves=31
num_cat=0
split_feature=37 7 31 19 14 37 33 14 37 37 31 14 4 15 1 31 20 37 29 15 30 2 13 4 30 13 32 9 19 3
split_gain=78.2216 29.2218 13.0148 11.5215 14.537 10.1077 9.67759 9.53471 7.91477 7.05946 11.2876 14.7936 6.84374 14.333 6.73673 11.8279 8.07222 6.53589 6.40465 7.77043 6.12054 9.41891 6.55866 7.88069 13.0939 8.40881 8.57938 7.80041 7.44105 7.26765
threshold=0.16229414939880374 367.49800109863287 0.13461232185363772 0.26138716936111456 0.61651584506034862 0.27173995971679693 -2.7776539325714107 0.86754387617111217 0.015078306198120119 0.084194898605346694 0.17356920242309573 0.33615820109844213 0.013418078422546388 3.5000000000000004 -1.3913930654525755 0.09438419342041017 2.5000000000000004 0.012707948684692385 -5.7798054218292227 6.5000000000000009 -5.7807123661041251 4.9921834468841562 5.5953500270843515 0.0087097287178039568 -5.9019639492034903 7.4624099731445321 -1.1840222477912901 4.5000000000000009 0.67669683694839489 -0.0064467191696166984
decision_type=2 2 2 2 2 2 2 2 2 2 2 2 2 2 2 2 2 2 2 2 2 2 2 2 2 2 2 2 2 2
left_child=1 3 7 14 6 -2 -5 12 -6 -4 -11 -12 18 17 15 16 -1 -14 20 -20 22 -22 -3 25 -25 26 27 28 -24 -29
right_child=5 2 9 4 8 -7 -8 -9 -10 10 11 -13 13 -15 -16 -17 -18 -19 19 -21 21 -23 23 24 -26 -27 -28 29 -30 -31
leaf_value=0.013081850124035716 0.00367295927480273 0.0013948701733076056 0.00085721211958396176 0.011957774976961462 -0.02392065076832715 0.0081180425052375729 -0.003747254542030275 0.014596715197585337 -0.0087902064256855424 0.015168890809977496 0.013177147685398414 -0.010085832852214833 -0.016893088451060825 0.021563561686181718 -0.00065783450604700393 0.029815961900511785 -0.011737241744638156 0.0032855145176196796 -0.0013513906582286578 -0.015424810780481499 0.011260752372761902 -0.010237301345020943 -0.0047505590573880116 -0.020361202237038481 0.0064775041315602274 0.009029814227551133 0.0083230490553593411 0.0024702290639809985 0.017630714123408078 -0.01858686683270868
leaf_weight=16.12884791195393 850.66193364560604 814.08049076795578 115.63723170757294 23.838363438844681 25.863651737570763 518.12874849140644 1807.067596629262 25.86201611161232 134.4322250187397 83.430503025650978 32.556506499648094 33.770439431071281 10.486594602465628 25.967486053705215 358.50352573394775 11.92378409206867 14.667834579944609 77.778960958123207 1716.5128074586391 23.928356721997261 68.320185467600822 14.66021406650543 47.121911808848381 34.923906162381172 15.859941124916075 40.303873300552368 28.088152468204498 12.944470643997191 10.497758477926252 41.545757487416267
leaf_count=66 3503 3335 476 98 105 2145 7372 107 547 343 134 139 43 107 1466 49 60 319 7027 98 280 60 193 143 65 165 115 53 43 170
internal_value=4.17447e-07 -0.00129497 0.000239014 -0.00339464 -0.0041732 0.00536208 -0.00353499 -0.000229029 -0.0113802 0.00553573 0.00910209 0.00132176 -0.000363251 0.00560864 0.000463724 0.00973263 0.00118502 0.000697754 -0.00060379 -0.00155506 0.00086138 0.00735623 0.000336897 -0.00336617 -0.0119679 -0.000879716 -0.00378997 -0.00689364 -0.000399052 -0.0135852
internal_weight=7035.49 5666.7 3274.28 2392.43 1991.2 1368.79 1830.91 3008.88 160.296 265.395 149.757 66.3269 2983.02 114.233 401.224 42.7205 30.7967 88.2656 2868.79 1740.44 1128.35 82.9804 1045.37 231.286 50.7838 180.502 140.198 112.11 57.6197 54.4902
internal_count=28826 23178 13415 9763 8122 5648 7470 12323 652 1092 616 273 12216 469 1641 175 126 362 11747 7125 4622 340 4282 947 208 739 574 459 236 223
is_linear=0
shrinkage=0.025


Tree=9
num_leaves=31
num_cat=0
split_feature=37 7 34 34 34 0 1 3 7 14 33 29 34 35 32 32 7 30 37 31 1 36 12 10 37 31 37 34 34 12
split_gain=74.4165 27.7668 16.0575 15.0456 11.9698 10.3083 10.5044 12.4309 10.6149 9.94401 8.71582 8.69633 10.8139 8.51732 7.88056 7.49533 9.31511 7.29092 8.80517 7.20315 10.4862 7.83747 8.78185 7.21252 7.08953 9.35242 6.89249 7.79628 8.49585 6.70433
threshold=0.16229414939880374 367.49800109863287 0.27935034036636358 0.070640563964843764 0.37053740024566656 -5.2391507625579825 -0.46618223190307612 0.0020518302917480473 278.29449462890631 0.38165266811847692 -2.8483685255050655 -5.6078197956085196 0.031075000762939457 6.3237056732177743 -2.818767666816711 -0.14883381128311154 275.31300354003912 -5.3820803165435782 0.068314433097839369 0.020823717117309574 -0.75368061661720265 4.7812860012054452 55.135000228881843 3.5000000000000004 0.024798393249511722 0.022835254669189457 0.026861667633056644 0.074223756790161147 0.041113197803497321 53.340000152587898
decision_type=2 2 2 2 2 2 2 2 2 2 2 2 2 2 2 2 2 2 2 2 2 2 2 2 2 2 2 2 2 2
left_child=1 3 13 9 14 6 7 -5 -8 10 -1 15 29 19 -2 16 -11 18 24 21 -21 -3 -23 -24 -14 -26 27 28 -22 -13
right_child=4 2 -4 5 -6 -7 8 -9 -10 11 -12 12 17 -15 -16 -17 -18 -19 -20 20 26 22 23 -25 25 -27 -28 -29 -30 -31
leaf_value=0.018960955895294423 -0.0071480852235265629 -0.0035031639819073225 0.02497153953050818 -0.0027091349711632286 0.013457258463971958 -0.0098270947707689016 0.00049311889010620767 0.0098705456041183141 0.013283976130381306 -0.010892529759254407 -0.0030035445900331754 -0.019601477389222813 0.0087016942950357938 0.014551652777859234 0.0048893620560420481 -0.00035610288386461774 -0.0033218651146260077 -0.010946295164503414 0.015279433970022164 0.0013371131834534443 -0.0045064725029735821 0.01502080498159919 -0.0023640383049434938 0.011406911845054794 0.0024662758213220958 -0.02911987100760919 -0.0015389651629028063 0.0058951078396280174 -0.024040898732118249 -0.0071803286079733606
leaf_weight=10.422574624419211 33.940570592880249 593.89846640825272 15.318418622016905 390.7610309869051 101.89433206617832 61.193125978112221 90.867211446166039 55.093742668628693 72.973732084035873 182.18680097162724 893.14065060019493 84.613010078668594 12.814513623714445 24.321392506361008 1231.645272180438 165.63567225635052 233.93687945604324 55.935276076197624 18.685823917388916 2095.6200563460588 28.888737693428993 27.854539513587952 134.47785246372223 27.827065855264664 10.829562202095987 11.089680969715117 284.04835194349289 14.176742702722548 27.659437760710716 43.321050882339478
leaf_count=43 139 2429 64 1597 425 249 372 226 300 741 3644 342 52 101 5084 676 953 227 76 8590 118 114 551 114 44 45 1163 58 113 176
internal_value=6.6652e-07 -0.00126214 0.000233406 -0.00330821 0.00523337 -0.000127802 0.000856088 -0.00113047 0.00625128 -0.0045446 -0.00272674 -0.00654123 -0.0105816 0.000108728 0.00455918 -0.0048736 -0.00666061 -0.00471304 0.00184902 -3.5666e-06 0.000663099 -0.00208845 0.00231206 3.70654e-05 -0.00553161 -0.0139784 -0.0033038 -0.0102366 -0.0143565 -0.0155031
internal_weight=7035.07 5667.59 3274.09 2393.5 1367.48 670.889 609.696 445.855 163.841 1722.61 903.563 819.048 237.289 3258.77 1265.59 581.759 416.124 109.355 53.4196 3234.45 2450.39 784.058 190.159 162.305 34.7338 21.9192 354.773 70.7249 56.5482 127.934
internal_count=28826 23178 13415 9763 5648 2744 2495 1823 672 7019 3687 3332 962 13351 5223 2370 1694 444 217 13250 10042 3208 779 665 141 89 1452 289 231 518
is_linear=0
shrinkage=0.025


Tree=10
num_leaves=31
num_cat=0
split_feature=37 8 0 34 34 34 21 36 3 15 1 37 14 0 37 21 13 31 18 34 31 0 32 32 12 37 37 35 8 31
split_gain=70.7996 25.1482 15.6353 14.8084 12.3081 11.4435 11.403 9.88122 9.43357 8.91526 10.7479 10.0607 8.81405 8.69172 8.55383 9.44663 7.91798 11.8318 7.96821 8.89484 7.86043 7.72668 7.90015 7.50233 7.45046 7.37849 9.25802 8.24397 7.3775 8.66318
threshold=0.16229414939880374 24.500000000000004 -5.6291861534118643 0.11548835039138795 0.27935034036636358 0.37053740024566656 5.5000000000000009 4.0464227199554452 -0.0010434091091156004 1.0000000180025095e-35 -0.080908030271530137 0.15294921398162845 0.63762626051902782 -5.1597487926483145 0.048618555068969734 2.5000000000000004 2.2736099958419804 0.017160415649414066 13.500000000000002 0.0044350326061248788 0.10663604736328126 -5.834794044494628 -1.9740556478500364 -2.818767666816711 17.180000305175785 0.069674730300903334 0.067558288574218764 6.2368090152740487 50.500000000000007 0.022444248199462894
decision_type=2 2 2 2 2 2 2 2 2 2 2 2 2 2 2 2 2 2 2 2 2 2 2 2 2 2 2 2 2 2
left_child=1 2 3 6 25 23 8 20 9 10 12 16 21 14 -9 -16 17 -11 19 -18 -4 22 -1 -2 -24 26 28 -27 -3 -30
right_child=5 4 7 -5 -6 -7 -8 13 -10 11 -12 -13 -14 -15 15 -17 18 -19 -20 -21 -22 -23 24 -25 -26 27 -28 -29 29 -31
leaf_value=-0.0099375332535505574 -0.0069671137071414205 -0.0011737016887591856 -0.0031766392532849214 0.0052286414448116337 0.021156106787332804 0.013160567881342865 0.022781508062779135 -0.010349052047576218 0.0007395001222024434 0.00062398477225917833 0.022335704383100639 0.015945511526613568 -0.019644518547880675 -0.015761563142903542 -0.0052807407454693901 0.010167351541296442 -0.017244100907754311 -0.011105062341391692 -0.0069638730672286278 0.0012181007617594448 0.013795982829230783 -0.010019162037948944 -0.0088328237617463761 0.0047714024077287667 0.0067023571317099996 0.0011261443292352549 -0.011540436679530551 0.019095964734748474 -0.0047835842820475706 0.008045847251611676
leaf_weight=27.198248729109764 33.977129906415939 1863.4420727491379 112.43896786868572 157.47377626597881 16.205407276749611 101.61276185512543 9.7576144486665708 207.57389736175537 313.72610792517662 66.575266256928444 11.738817647099493 12.460620909929274 14.213324233889578 82.419706881046295 169.42198447883129 27.907840445637703 16.723080366849899 267.62006981670856 222.69050772488117 202.99467657506466 19.05854295194149 38.244792148470879 21.578111693263054 1230.5802304595709 131.17900788784027 1431.1542835831642 49.808819800615311 15.162575304508207 44.946312740445137 114.6191883534193
leaf_count=111 139 7629 458 646 68 425 40 843 1282 271 48 51 58 334 689 114 68 1090 908 827 78 156 88 5084 535 5865 204 63 184 470
internal_value=7.63824e-07 -0.00123035 -0.00337349 -0.00200041 6.25685e-05 0.00510772 -0.00284457 -0.00672054 -0.00304883 -0.00420114 -1.53639e-05 -0.00549148 -0.00124584 -0.00835902 -0.00681093 -0.0030431 -0.00585872 -0.00876616 -0.00364198 -0.000247522 -0.000612293 2.53716e-05 0.00221746 0.00444877 0.00444846 -3.98383e-05 -0.000996563 0.00132932 -0.000730152 0.00440921
internal_weight=7034.5 5668.33 2132.99 1514.17 3535.34 1366.17 1356.7 618.821 1346.94 1033.22 244.152 789.064 232.413 487.323 404.904 197.33 776.604 334.195 442.408 219.718 131.498 218.2 179.955 1264.56 152.757 3519.13 2072.82 1446.32 2023.01 159.566
internal_count=28826 23178 8695 6179 14483 5648 5533 2516 5493 4211 996 3215 948 1980 1646 803 3164 1361 1803 895 536 890 734 5223 623 14415 8487 5928 8283 654
is_linear=0
shrinkage=0.025


Tree=11
num_leaves=31
num_cat=0
split_feature=37 7 34 34 34 0 1 3 7 14 19 33 0 1 30 14 19 32 31 3 16 34 20 12 31 37 2 14 13 24
split_gain=67.3573 25.2199 14.8521 13.8267 10.9408 9.53538 9.96062 11.7192 10.0891 9.39892 11.807 8.25995 7.33407 8.09847 7.65171 11.3225 7.27056 7.14229 6.94472 10.0848 9.14057 9.06911 11.3867 7.89479 7.81573 11.4935 7.42925 7.24166 7.02497 6.87161
threshold=0.16229414939880374 367.49800109863287 0.27935034036636358 0.070640563964843764 0.37053740024566656 -5.2391507625579825 -0.46618223190307612 0.0020518302917480473 278.29449462890631 0.38165266811847692 0.26138716936111456 -2.8483685255050655 -6.3863601684570304 -0.80917918682098378 -6.3376147747039786 0.46247655153274542 0.63944444060325634 -2.818767666816711 0.080612182617187514 -0.013366490602493284 1.5000000000000002 0.044896192848682411 3.5000000000000004 137.09500122070315 0.13622093200683597 0.088623285293579115 4.6133062839508066 0.27681992948055273 4.6884000301361093 2.5000000000000004
decision_type=2 2 2 2 2 2 2 2 2 2 2 2 2 2 2 2 2 2 2 2 2 2 2 2 2 2 2 2 2 2
left_child=1 3 12 9 17 6 7 -5 -8 11 -11 -1 13 -3 15 -14 -9 -2 19 23 -20 24 -23 -16 25 26 27 -22 -28 -21
right_child=4 2 -4 5 -6 -7 8 16 -10 10 -12 -13 14 -15 18 -17 -18 -19 20 29 21 22 -24 -25 -26 -27 28 -29 -30 -31
leaf_value=0.01858018696823991 -0.0067910616508472304 0.0029454706724450809 0.024129414757611128 -0.0026162185358901825 0.012870720831729432 -0.0094184176130408404 0.00049424848326708789 0.003828113648666075 0.012973373330229077 -0.0016537062288820787 -0.008228459251082473 -0.0028348002789666616 -0.019481774111956427 0.01900552766603758 0.0025628427322102595 0.010850855510936976 0.024152247244214577 0.0046562428616103574 -0.018237036456055618 -0.0010922712512695923 0.012425073349685069 -0.0043193846052213374 0.0037858977774477189 0.024726292975653579 0.013685971283891041 -6.1913208009243092e-05 0.0070360521139957409 -0.0037961055418251049 0.030946871793551364 0.011673685214651553
leaf_weight=10.386413052678106 34.011983782052994 122.93920859694481 15.167309686541556 390.95395494997501 101.32966341078281 61.306600540876389 90.863346040248871 40.381039962172508 72.801989853382111 244.91015745699406 575.09875519573689 893.93707257509232 27.09784334897995 22.636507987976074 26.573462173342705 9.7342238426208478 14.609865397214888 1229.5280454158783 12.678690850734709 2220.2265870273113 39.29801706969738 204.19617193937302 228.45875346660614 15.71811221539974 58.252900749444962 183.94187732040882 15.385475337505339 29.044104695320129 16.838504031300545 25.645508036017418
leaf_count=43 139 505 64 1597 425 249 372 166 300 999 2333 3644 111 94 109 40 60 5084 52 9088 161 838 938 65 240 754 63 119 69 105
internal_value=8.89469e-07 -0.00119931 0.000226358 -0.00314823 0.00498505 -9.89379e-05 0.000848089 -0.00108517 0.0061055 -0.00433248 -0.00627224 -0.00256583 0.000106967 0.00557243 -0.000149516 -0.0113243 0.00960736 0.004341 -1.12719e-05 -0.000709249 0.00201041 0.00236775 -3.48521e-05 0.0112388 0.00539902 0.00365153 0.010402 0.00554 0.0201612 -0.000940254
internal_weight=7033.95 5669.08 3273.83 2395.25 1364.87 670.917 609.61 445.945 163.665 1724.33 820.009 904.323 3258.67 145.576 3113.09 36.8321 54.9909 1263.54 3076.26 2288.16 788.094 775.416 432.655 42.2916 342.761 284.508 100.566 68.3421 32.224 2245.87
internal_count=28826 23178 13415 9763 5648 2744 2495 1823 672 7019 3332 3687 13351 599 12752 151 226 5223 12601 9367 3234 3182 1776 174 1406 1166 412 280 132 9193
is_linear=0
shrinkage=0.025


Tree=12
num_leaves=31
num_cat=0
split_feature=37 7 34 34 34 32 0 1 3 7 35 14 19 19 32 34 31 1 36 12 10 19 9 37 29 30 19 32 31 12
split_gain=64.0676 23.972 14.2408 13.1393 10.4607 9.07399 9.06546 9.48071 11.1775 9.62945 7.64218 7.56064 11.3883 6.97728 6.79957 6.77439 6.58736 10.0709 7.40137 8.38435 6.88294 7.00715 6.67709 6.58743 6.60523 7.58309 6.57157 6.44536 6.40778 13.0955
threshold=0.16229414939880374 367.49800109863287 0.27935034036636358 0.070640563964843764 0.37053740024566656 -2.670190572738647 -5.2391507625579825 -0.46618223190307612 0.0020518302917480473 278.29449462890631 6.3237056732177743 0.38165266811847692 0.26138716936111456 0.63944444060325634 -2.818767666816711 0.066022992134094252 0.020823717117309574 -0.75368061661720265 4.7812860012054452 55.135000228881843 3.5000000000000004 0.58434957265853893 3.5000000000000004 0.01158726215362549 -5.5652172565460196 -5.4239730834960929 0.40967366099357611 -0.74220386147499073 0.010807752609252931 63.23500061035157
decision_type=2 2 2 2 2 2 2 2 2 2 2 2 2 2 2 2 2 2 2 2 2 2 2 2 2 2 2 2 2 2
left_child=1 3 10 5 14 -1 7 8 -5 -9 16 28 15 -10 26 -13 18 27 23 -20 -21 -22 -19 24 -3 -26 -2 -18 29 -7
right_child=4 2 -4 6 -6 11 -8 9 13 -11 -12 12 -14 -15 -16 -17 17 22 19 20 21 -23 -24 -25 25 -27 -28 -29 -30 -31
leaf_value=0.010087956458933895 0.0067558916046597285 -0.016505765877939126 0.023690025899771459 -0.0025500170635889673 0.012587497458920405 -0.014306675253809076 -0.0091765125008562379 0.00048206288061940905 0.0037370449435917639 0.012681960994486326 0.013831519292946334 -0.0005312543221230678 -0.0081042658954039361 0.023677153609444817 0.0045438168013989906 -0.017518623619596604 0.0011825050811941572 0.00074705457113088166 0.014716023963354136 -0.0022809802423044128 0.025319533207248602 0.00024619453010937895 -0.0061710706195686419 -0.00233637182378709 0.015242798169671924 -0.0095515173874509401 -0.015119292360065449 0.018274350005227237 -0.0019455741021903205 0.0020228039823169861
leaf_weight=26.246663942933083 13.19356422126293 43.31426115334034 15.08203314244747 391.10009101033211 101.04549418389797 78.181702420115471 61.375132858753204 90.856562539935112 40.355656430125237 72.638059660792351 24.154808387160301 229.02754014730453 574.17236295342445 14.551248520612715 1228.489084392786 14.714517176151274 2082.1483879834414 149.7925691306591 27.794624865055084 134.54263497889042 11.441010504961016 16.340939179062843 205.07510009407997 517.50893679261208 10.282615244388579 23.253230959177017 20.851649016141891 12.909740045666693 753.53286184370518 49.363116174936295
leaf_count=108 54 177 64 1597 425 318 249 372 166 300 101 934 2327 60 5084 60 8537 613 114 551 47 67 839 2115 42 95 85 53 3071 201
internal_value=1.56166e-06 -0.00116838 0.000221758 -0.00306797 0.00486529 -0.00422186 -9.50103e-05 0.00082891 -0.00105615 0.00596163 0.000105136 -0.0044502 -0.00618361 0.00939521 0.0042358 -0.00163437 -8.44898e-07 0.00063689 -0.00199395 0.00228309 6.18385e-05 0.0111796 -0.00324995 -0.00336779 -0.0101621 -0.00165557 -0.00661977 0.00129769 -0.00283303 -0.00800073
internal_weight=7033.34 5669.76 3273.64 2396.12 1363.58 1725.24 670.877 609.502 446.007 163.495 3258.56 1698.99 817.914 54.9069 1262.53 243.742 3234.4 2449.93 784.478 190.119 162.325 27.7819 354.868 594.359 76.8501 33.5358 34.0452 2095.06 881.078 127.545
internal_count=28826 23178 13415 9763 5648 7019 2744 2495 1823 672 13351 6911 3321 226 5223 994 13250 10042 3208 779 665 114 1452 2429 314 137 139 8590 3590 519
is_linear=0
shrinkage=0.025


Tree=13
num_leaves=31
num_cat=0
split_feature=34 7 0 34 35 35 14 4 34 33 19 33 34 12 33 29 32 35 19 0 35 12 34 9 16 13 29 2 8 3
split_gain=46.0401 24.5274 13.0429 11.1057 10.0172 9.78542 9.43835 10.686 9.21756 8.97594 9.56695 8.71489 8.40699 9.37485 8.02922 8.37015 8.00817 9.43786 9.32765 8.04691 7.97586 7.94633 12.6905 9.83286 7.43817 7.35455 7.33281 7.29965 7.14028 6.99644
threshold=0.19227182865142825 327.37249755859381 -5.6210732460021964 0.069265425205230727 2.5482275485992436 6.3237056732177743 0.080540537834167494 0.001997768878936768 0.024109244346618656 -1.5144160985946653 0.65419578552246105 -2.7776539325714107 0.035177022218704231 55.135000228881843 0.088457696139812483 -5.0602624416351309 -1.8066171407699583 3.5685923099517827 0.40709352493286138 -5.8569655418395987 4.8710711002349862 59.07500076293946 0.0801733434200287 2.5000000000000004 1.5000000000000002 3.312330007553101 -5.119600534439086 6.9280521869659433 21.500000000000004 0.0061910301446914682
decision_type=2 2 2 2 2 2 2 2 2 2 2 2 2 2 2 2 2 2 2 2 2 2 2 2 2 2 2 2 2 2
left_child=1 2 3 11 -2 14 -4 20 -7 16 -11 -1 13 -9 15 24 17 19 -19 -6 -8 22 25 27 -3 -5 -18 -23 -25 -26
right_child=4 5 6 21 9 8 7 12 -10 10 -12 -13 -14 -15 -16 -17 26 18 -20 -21 -22 23 -24 28 29 -27 -28 -29 -30 -31
leaf_value=0.018673452446048858 -0.0096952940495946827 -0.0094080596589860687 0.0023805053277984873 0.0013659419545821241 0.027992818662599991 -0.0077689740777521447 -0.020213747924044571 -0.013414572382298829 0.019107649869524554 0.0065036360632575443 -0.008916132967771398 -0.0033095920279645231 -0.0023254181442105819 -0.0010899153645529149 -0.013663558875235291 0.0050910408137164742 0.021576653235425295 0.012740727534265096 -0.008081825621579497 0.0086577892975896586 -0.0052900893976609983 0.00066329688312501643 -0.0045074875670330344 0.021468795991049616 1.3607056008730089e-05 0.020478214178089219 -0.00059914968482652382 0.020054886651717077 0.0021375787001443949 0.0039845195649716916
leaf_weight=10.388979792594908 20.156243771314621 48.881966829299927 73.531485617160797 31.001963943243027 18.059252202510834 9.8583151996135694 59.806315630674362 120.95319850742817 30.923299759626389 268.05762182176113 26.742187947034836 984.06844532489777 243.19994284212589 57.366641268134117 24.353454142808914 228.56678259372711 64.340278908610344 21.145874634385109 33.21987384557724 53.831040233373642 37.706292182207108 168.6431036144495 193.53124211728573 32.159207254648209 3811.0555994361639 20.729029536247253 10.553428351879118 12.112263441085814 19.517401024699211 298.1925331056118
leaf_count=43 84 200 300 127 75 41 243 489 129 1115 111 4007 991 233 100 938 268 88 138 224 153 693 794 132 15626 85 44 50 80 1225
internal_value=1.91215e-06 -0.000567417 -0.00281903 -0.0015541 0.00718251 0.000476697 -0.00594947 -0.0071367 0.0125204 0.00789162 0.005071 -0.0030589 -0.00537828 -0.00949178 0.000361971 0.000443502 0.0119675 0.00798652 5.591e-05 0.0138666 -0.0145807 0.00157318 -0.00155591 0.00487823 0.000186269 0.00931491 0.0184522 0.00207966 0.0143944 0.000303269
internal_weight=7032.65 6516.55 2064.72 1472.15 516.106 4451.83 592.564 519.032 40.7816 495.95 294.8 994.457 421.52 178.32 4411.05 4386.7 201.15 126.256 54.3657 71.8903 97.5126 477.694 245.262 232.432 4158.13 51.731 74.8937 180.755 51.6766 4109.25
internal_count=28826 26679 8420 6011 2147 18259 2409 2109 170 2063 1226 4050 1713 722 18089 17989 837 525 226 299 396 1961 1006 955 17051 212 312 743 212 16851
is_linear=0
shrinkage=0.025


Tree=14
num_leaves=31
num_cat=0
split_feature=37 8 0 3 31 36 31 37 2 1 1 15 21 33 13 32 32 12 0 37 21 14 36 31 12 37 2 33 32 6
split_gain=59.5173 20.611 13.8838 11.2137 9.91824 9.12868 8.92704 8.83126 8.5129 12.4782 12.2095 10.3405 8.25893 9.02251 8.6333 9.99798 10.7382 8.65098 7.90064 7.91566 8.83358 7.75354 7.73481 7.46372 7.24287 7.08062 10.0261 7.08043 6.89426 8.94291
threshold=0.16229414939880374 24.500000000000004 -5.6291861534118643 -0.0010434091091156004 0.18866991996765139 4.0464227199554452 0.12323403358459474 0.27173995971679693 4.4050068855285653 -1.5736972093582151 -1.6636911630630491 1.0000000180025095e-35 3.5000000000000004 -1.0718274712562559 2.1966500282287602 -1.4171535968780515 -1.3801633715629575 57.694999694824226 -5.1597487926483145 0.048618555068969734 2.5000000000000004 0.86754387617111217 5.5043601989746103 0.10663604736328126 30.599999427795414 0.02196753025054932 3.9537502527236943 -2.7776539325714107 -0.099970117211341844 -1.8140149116516111
decision_type=2 2 2 2 2 2 2 2 2 2 2 2 2 2 2 2 2 2 2 2 2 2 2 2 2 2 2 2 2 2
left_child=1 2 3 4 8 23 21 -2 9 10 -1 28 14 -14 17 -16 -17 -13 19 -7 -21 -3 -15 25 -20 -4 -27 -5 29 -10
right_child=7 6 5 27 -6 18 -8 -9 11 -11 -12 12 13 22 15 16 -18 -19 24 20 -22 -23 -24 -25 -26 26 -28 -29 -30 -31
leaf_value=-0.0078251198728211731 0.0031139854171495524 -0.00049567333996770868 0.0077619443025077027 0.016414141835296672 0.012327050945063762 -0.0097079165938609106 0.003746401301090697 0.0072801614168025719 -0.013559339053368903 -0.021405417619198508 0.014961892002564037 -0.016172982057297166 0.012097808578441119 -0.017551796154493565 -0.012371865314521007 0.023623256782578955 -0.0016787146898137582 -0.0056363347778513335 -0.029212140872751247 -0.0048500778678619259 0.010090025055236138 0.012814724592873319 0.0021453821449173506 0.013700379025338317 -0.010725830111195963 -0.010109116791195808 0.013331291731153253 0.001187439253138122 0.01830952081797068 0.0030684876509923212
leaf_weight=108.52334077656269 847.20798562467098 3143.5137462466955 28.271522179245949 19.267600625753403 24.837668880820274 208.11868415772915 364.56552785634995 514.46329854428768 21.836059466004372 36.143500760197639 15.971017226576803 65.785061880946159 38.969020560383797 15.9331157207489 54.056582048535347 9.8195489794015867 330.73241522908211 193.36273004114628 16.862814098596573 169.73423990607262 27.887331157922745 26.582489982247353 45.951391875743866 19.042554020881653 65.849076002836227 71.795307204127312 12.547347232699392 345.7280266135931 14.865091040730475 173.96923001110554
leaf_count=442 3503 12869 115 80 102 843 1503 2145 89 147 65 267 159 65 220 40 1346 786 68 689 114 111 188 78 266 292 51 1413 61 709
internal_value=2.23937e-06 -0.0011246 -0.00306294 -0.00176928 -0.00298062 -0.00621313 4.64879e-05 0.00469406 -0.00333116 -0.00865012 -0.00478599 -0.00243538 -0.00380288 0.00281836 -0.00483088 -0.00248337 -0.000874804 -0.00837258 -0.0077853 -0.00631043 -0.00268904 -0.000379266 -0.00308467 -0.000346745 -0.0148285 -0.00284374 -0.00647733 0.00204072 0.00244593 0.00114199
internal_weight=7032.19 5670.52 2135.86 1515.75 1150.76 620.109 3534.66 1361.67 1125.92 160.638 124.494 965.28 754.61 100.854 653.756 394.609 340.552 259.148 488.452 405.74 197.622 3170.1 61.8845 131.657 82.7119 112.614 84.3427 364.996 210.67 195.805
internal_count=28826 23178 8695 6179 4686 2516 14483 5648 4584 654 507 3930 3071 412 2659 1606 1386 1053 1980 1646 803 12980 253 536 334 458 343 1493 859 798
is_linear=0
shrinkage=0.025


Tree=15
num_leaves=31
num_cat=0
split_feature=37 7 34 34 34 0 1 3 7 14 19 3 31 12 29 31 1 31 37 34 3 23 3 19 37 34 37 0 35 3
split_gain=56.6232 20.8567 13.3683 11.7881 9.59728 8.32792 9.03546 10.3373 9.08987 8.15019 10.3189 7.67951 11.3025 9.03823 7.02646 6.83586 9.12602 6.78558 6.70599 6.74834 9.38277 7.23504 11.15 6.66463 6.58568 6.50342 6.40544 6.35936 7.40539 6.34607
threshold=0.16229414939880374 367.49800109863287 0.27935034036636358 0.070640563964843764 0.37053740024566656 -5.2391507625579825 -0.46618223190307612 0.0020518302917480473 278.29449462890631 0.38165266811847692 0.26138716936111456 0.0020518302917480473 0.027666091918945316 61.649999618530281 -6.4213135242462149 0.020823717117309574 -0.75368061661720265 0.56534051895141613 0.27173995971679693 0.31423330307006841 -0.0010434091091156004 1.0000000180025095e-35 -0.0038778185844421382 0.63944444060325634 0.026861667633056644 0.066022992134094252 0.043222665786743171 -6.4545204639434806 4.9173071384429941 0.0050364434719085702
decision_type=2 2 2 2 2 2 2 2 2 2 2 2 2 2 2 2 2 2 2 2 2 2 2 2 2 2 2 2 2 2
left_child=1 3 14 9 17 6 7 -5 -8 11 25 -1 -13 -14 27 -16 -17 18 -2 21 -21 -20 -23 -9 -18 -11 -26 28 29 -3
right_child=4 2 -4 5 -6 -7 8 23 -10 10 -12 12 13 -15 15 16 24 -19 19 20 -22 22 -24 -25 26 -27 -28 -29 -30 -31
leaf_value=-0.003279012013207995 0.0028899461262520782 -0.008662345946736592 0.023035743231047245 -0.002438240879521783 0.012001208523822931 -0.0087474175412665753 0.00052823126808173942 0.0035373125942398604 0.012390578064559591 -0.00037098675269838991 -0.007588309713461059 -0.006952825543009921 -0.00037751909936492031 0.015393471754774618 -0.0022029748240109388 0.0011721748082096925 -0.0099039676698038422 -0.012489095618655117 0.0093669649756858136 0.0085807976118282524 -0.016935310417257907 -0.0098452178159829182 0.010624297564609406 0.02306421276599541 0.0060421260284569357 -0.016990641005723599 -0.0032946849114269131 0.017489660050581439 0.0093323994291408998 0.012489345753768579
leaf_weight=770.55706442892551 837.48148760199547 38.295602053403854 14.946316853165625 391.30964408814907 100.43112336099148 61.476323679089546 90.874024927616119 40.293979227542877 72.462381616234779 230.40133947134018 576.60071808099747 44.894513711333275 40.975548267364502 48.996914312243462 762.52109883725643 2011.4742696583271 71.324954390525818 14.434659391641615 309.48053021728992 17.744702011346817 16.310744315385818 33.01451949775219 31.538869395852089 14.466746479272841 56.225693002343178 14.75318957865238 230.01451995968819 22.943970173597336 54.849899247288704 10.432184562087057
leaf_count=3136 3464 157 64 1597 425 249 372 166 300 939 2333 183 167 201 3117 8249 291 60 1289 74 68 137 131 60 230 60 942 95 227 43
internal_value=2.3043e-06 -0.00109629 0.000200824 -0.00286706 0.00458116 -5.05769e-05 0.000835549 -0.00100375 0.00584942 -0.00395895 -0.00576297 -0.00231433 0.00316253 0.00825832 8.82667e-05 -0.000145155 0.00051679 0.0039787 0.00418142 0.00681212 -0.00370323 0.00778352 0.000126954 0.0090619 -0.00315608 -0.00144626 -0.00143732 0.00584116 0.00309437 -0.00392359
internal_weight=7031.53 5671.09 3273.03 2398.06 1360.44 670.883 609.407 446.07 163.336 1727.18 821.755 905.424 134.867 89.9725 3258.08 3131.56 2369.04 1260.01 1245.57 408.089 34.0554 374.034 64.5534 54.7607 357.565 245.155 286.24 126.522 103.578 48.7278
internal_count=28826 23178 13415 9763 5648 2744 2495 1823 672 7019 3332 3687 551 368 13351 12829 9712 5223 5163 1699 142 1557 268 226 1463 999 1172 522 427 200
is_linear=0
shrinkage=0.025


Tree=16
num_leaves=31
num_cat=0
split_feature=37 7 34 34 34 0 1 3 7 1 29 31 14 19 34 32 31 1 9 19 18 19 32 7 14 0 35 6 35 3
split_gain=53.8659 19.8236 12.8241 11.2069 9.17651 7.91907 8.60049 9.8608 8.67657 7.88894 6.70248 6.61106 7.0002 10.3103 7.60819 6.59997 6.49657 8.67567 6.63245 6.40004 6.29418 6.256 6.21742 6.14038 6.12454 6.08624 7.05226 6.41668 8.36454 6.05307
threshold=0.16229414939880374 367.49800109863287 0.27935034036636358 0.070640563964843764 0.37053740024566656 -5.2391507625579825 -0.46618223190307612 0.0020518302917480473 278.29449462890631 -2.823947429656982 -6.4213135242462149 0.15481567382812503 0.38165266811847692 0.26138716936111456 0.066022992134094252 -2.818767666816711 0.020823717117309574 -0.75368061661720265 3.5000000000000004 0.63944444060325634 17.500000000000004 0.40967366099357611 -0.74220386147499073 211.35099792480472 0.087337911128997817 -6.4545204639434806 4.9173071384429941 -1.0051460266113279 5.2251574993133554 0.0050364434719085702
decision_type=2 2 2 2 2 2 2 2 2 2 2 2 2 2 2 2 2 2 2 2 2 2 2 2 2 2 2 2 2 2
left_child=1 3 10 9 15 6 7 -5 23 -1 25 12 20 14 -14 21 -12 22 -19 -9 -11 -2 -18 -8 -23 26 29 28 -28 -3
right_child=4 2 -4 5 -6 -7 8 19 -10 11 16 -13 13 -15 -16 -17 17 18 -20 -21 -22 24 -24 -25 -26 -27 27 -29 -30 -31
leaf_value=0.014092078037977905 0.0062738698728750895 -0.0084402151281559434 0.022625071454975616 -0.0023766239748486927 0.011737527749572306 -0.0085243668016065418 0.017046827637499078 0.0034530738024853395 0.01211290907713156 -0.00065199935309582212 -0.0021472756638338231 0.0064692555499988981 -0.0003369327882553647 -0.0077668316071932393 -0.018866366180372404 0.0041864892110036822 0.0010254844484893192 0.00088048802993454401 -0.0059840271548511331 0.022620103964070867 -0.0048949351209952819 -0.00046175249268840061 0.017840087574912861 -0.0019648835116212633 -0.027322006936477267 0.017124638644565475 -0.012856164074962895 0.026635288757862148 0.011059096697338504 0.012229033949990531
leaf_weight=14.155146285891531 13.148341640830038 38.346545517444611 14.856458142399786 391.44268515706062 100.14619758725166 61.533236369490623 11.218951940536497 40.269743323326111 72.295426174998283 456.77656328678131 762.76580347120762 35.745353907346725 220.87549389898777 565.24392874538898 13.804085448384283 1225.0357075631618 1998.2399655282497 151.46238261461258 206.26299455761909 14.402453139424322 421.3209907412529 10.057269603013994 12.864418298006056 79.647855669260025 10.795721814036368 22.869468241930008 11.411951974034308 9.6913253366947156 33.653008997440338 10.40946678817272
leaf_count=59 54 157 64 1597 425 249 46 166 300 1858 3117 146 900 2285 56 5084 8196 620 843 60 1715 41 53 326 44 95 47 40 140 43
internal_value=2.50985e-06 -0.00106851 0.00019621 -0.00279451 0.00447099 -4.79016e-05 0.000816638 -0.000976877 0.00571174 -0.00385871 8.62562e-05 -0.00401656 -0.00424514 -0.00593937 -0.00151289 0.00388216 -0.000141579 0.000503836 -0.00307624 0.00886282 -0.0026939 -0.00681756 0.0011431 0.00051521 -0.0150958 0.00570817 0.00302224 0.00911875 0.00480107 -0.00381997
internal_weight=7030.75 5671.57 3272.83 2398.73 1359.18 670.81 609.277 446.115 163.162 1727.92 3257.98 1713.77 1678.02 799.924 234.68 1259.04 3131.6 2368.83 357.725 54.6722 878.098 34.0013 2011.1 90.8668 20.853 126.382 103.512 54.7563 45.065 48.756
internal_count=28826 23178 13415 9763 5648 2744 2495 1823 672 7019 13351 6960 6814 3241 956 5223 12829 9712 1463 226 3573 139 8249 372 85 522 427 227 187 200
is_linear=0
shrinkage=0.025


Tree=17
num_leaves=31
num_cat=0
split_feature=37 7 31 31 37 3 37 14 33 19 24 30 3 3 32 14 31 37 31 14 18 6 14 19 7 4 31 37 6 19
split_gain=51.2321 18.843 10.2258 9.64826 10.0125 8.70356 7.91481 7.65493 6.95383 11.3302 8.5008 8.55358 9.08445 8.40081 9.49024 11.8042 6.93984 6.70899 10.9859 14.3665 6.13452 10.0894 8.79935 9.99899 8.27414 7.96326 7.93554 6.58391 6.50227 6.43384
threshold=0.16229414939880374 367.49800109863287 0.13461232185363772 0.055399179458618171 0.11589121818542482 -0.010432690382003782 0.27173995971679693 0.86754387617111217 -1.5073262453079221 0.24744898080825808 1.0000000180025095e-35 -6.1628766059875479 -0.0083793103694915754 0.0092361867427825945 -1.8066171407699583 0.48749218881130224 0.042275190353393562 0.084194898605346694 0.17356920242309573 0.33615820109844213 10.500000000000002 -1.5416231155395506 0.13423423469066623 0.77207791805267345 242.27649688720706 0.0080727338790893572 0.017542362213134769 0.05429887771606446 0.6902747154235841 0.74464204907417308
decision_type=2 2 2 2 2 2 2 2 2 2 2 2 2 2 2 2 2 2 2 2 2 2 2 2 2 2 2 2 2 2
left_child=1 3 7 4 20 -6 -2 -3 9 -5 -10 12 -12 14 -11 -16 -7 -4 -19 -20 21 26 24 29 25 -22 27 -1 -26 -24
right_child=6 2 17 8 5 16 -8 -9 10 13 11 -13 -14 -15 15 -17 -18 18 19 -21 22 -23 23 -25 28 -27 -28 -29 -30 -31
leaf_value=0.0078837526259809883 0.0028669223719496478 -0.00034131943079660442 0.00033619484267055286 0.023567265221708416 -0.012848032852963501 0.0015017675355091591 0.006817541906265873 0.01315514919392353 -0.0034000654104477525 -0.0048240028303576168 0.0034081533659274968 -0.00022583385312910931 0.029033722332134415 0.015444558996859231 0.0022832759689887364 0.028499333235291982 0.015976405107417872 0.0143909960762482 0.012441892739689146 -0.010545160366564159 0.014716694505636655 -0.01073267185524146 -0.0018373543794394298 0.01663268055297152 -0.010337161498570294 -0.0082141827815143675 -0.0067369486375015789 -0.0063857235386710655 0.0090948137737564688 -0.017588981921085902
leaf_weight=54.77624885737896 845.6237163990736 2983.1291434317827 115.12947095930576 14.322486907243727 17.382322922348976 70.112599030137062 512.32232961058617 25.492496162652969 581.57405179738998 121.3501367866993 22.313225641846657 102.80538642406464 13.735757753252981 22.930490121245384 88.085700124502182 11.314110547304152 28.805195167660713 82.905095249414444 32.340034559369087 33.632301017642021 18.411862477660179 227.55537313222885 563.17137315869331 16.958219945430756 196.40613283216953 17.435169145464897 153.02976058423519 30.617084622383118 10.500929072499273 15.757787525653837
leaf_count=222 3503 12216 476 59 71 287 2145 107 2368 496 91 418 56 95 359 46 118 343 134 139 75 920 2289 69 799 71 622 125 43 64
internal_value=2.8886e-06 -0.00104116 0.00019202 -0.0027236 -0.0040389 0.0029565 0.00436316 -0.000221798 -0.00080874 0.00270205 -0.00207151 0.00345964 0.0137599 0.00137416 -0.000139194 0.00554634 0.00585956 0.00490036 0.00838744 0.000703424 -0.0046662 -0.00697114 -0.00337574 -0.00173004 -0.0073815 0.00357556 -0.00334079 0.00272392 -0.00929993 -0.0023
internal_weight=7029.93 5671.98 3272.63 2399.35 1420.92 116.3 1357.95 3008.62 978.431 258.003 720.428 138.854 36.049 243.68 220.75 99.3998 98.9178 264.007 148.877 65.9723 1304.62 465.978 838.641 595.887 242.754 35.847 238.423 85.3933 206.907 578.929
internal_count=28826 23178 13415 9763 5775 476 5648 12323 3988 1055 2933 565 147 996 901 405 405 1092 616 273 5299 1889 3410 2422 988 146 969 347 842 2353
is_linear=0
shrinkage=0.025


Tree=18
num_leaves=31
num_cat=0
split_feature=37 7 31 1 4 12 34 4 9 35 4 3 0 31 18 34 11 3 1 24 34 31 35 19 12 34 7 12 16 13
split_gain=48.7302 18.1994 13.7172 8.89144 9.66625 9.55211 8.6709 8.2949 8.24723 10.2328 9.62482 7.6368 7.25862 14.3175 9.39798 9.00667 7.18823 7.09795 8.90536 12.5418 7.80086 9.51674 7.22199 9.07524 9.90079 9.52123 8.13293 13.0753 7.31852 7.08417
threshold=0.16229414939880374 463.63848876953131 0.14393615722656253 -1.4070226550102232 0.0064738690853118905 92.375000000000014 0.37053740024566656 0.01770114898681641 3.5000000000000004 5.5011496543884286 0.0073550045490264901 -0.0096442103385925276 -5.6332154273986808 0.044625043869018562 9.5000000000000018 0.07941842079162599 5.5000000000000009 0.0020518302917480473 -0.39508113265037531 1.0000000180025095e-35 0.071325600147247328 0.030219793319702152 5.566326618194581 0.26138716936111456 38.355001449584968 0.01809557527303696 322.31750488281256 75.77500152587892 3.5000000000000004 2.7554299831390385
decision_type=2 2 2 2 2 2 2 2 2 2 2 2 2 2 2 2 2 2 2 2 2 2 2 2 2 2 2 2 2 2
left_child=1 2 12 5 -5 -4 -2 8 10 -10 -3 -6 17 -14 15 -15 -16 18 -1 20 21 -20 26 25 -25 -24 -19 -28 -27 -29
right_child=6 7 3 4 11 -7 -8 -9 9 -11 -12 -13 13 14 16 -17 -18 22 19 -21 -22 -23 23 24 -26 28 27 29 -30 -31
leaf_value=-0.0028378550382285404 0.0036860372594365574 0.0075635823304676586 0.0045398917482041383 -0.0072282421284856546 -0.0045800082011526865 0.02201460323051016 0.011337527054310457 0.013834929608649453 0.00027631938376696099 -0.015445388842678648 -0.0020943017044634921 0.013475415792867224 -0.0065401451383052204 -0.012698728249803795 -0.002055331216029434 0.0058172515482190663 0.0043148503575162166 0.011277543751390258 0.0047940516685194374 0.019185754795812842 0.0077363609700814217 -0.0062918469609779121 -0.016379042194886104 -0.00016349496905946378 -0.031655387145249507 2.2552884610671587e-05 -0.011698339981273469 -0.004757982042506468 0.019921702992112739 0.010227547744036329
leaf_weight=1689.7293188124895 1257.0548249930143 204.60800017416477 68.878665506839752 63.121782794594765 22.714953660964966 27.039130479097366 99.702292412519455 29.645855858922005 1618.7583154737949 25.294201388955116 92.919048428535461 37.492260843515396 644.22315482795238 69.335098654031754 290.13742646574974 20.560534253716469 177.5408843010664 73.056130021810532 76.800620317459106 23.027926027774811 65.961553186178207 126.71636146306992 14.67596712708473 12.290088385343553 12.043367177247999 42.017314821481705 36.096268266439438 27.023317635059357 15.065951660275458 65.752283290028572
leaf_count=6887 5223 840 284 259 93 112 425 123 6634 104 382 154 2619 280 1182 84 726 300 312 94 272 515 60 50 49 172 148 111 62 270
internal_value=3.34472e-06 -0.00101444 -0.00204786 0.00400055 -0.000429532 0.00966811 0.00425809 0.000924777 0.000719345 2.36749e-05 0.00454209 0.00665909 -0.00243046 -0.00400367 -0.00106208 -0.00841892 0.000361641 -0.00159882 -0.00214024 0.0018771 0.000323305 -0.00209318 0.00198913 -0.00361296 -0.0164828 0.000883379 0.00467202 0.000850168 0.00557013 0.00583177
internal_weight=7029.28 5672.53 3701.3 219.247 123.329 95.9178 1356.76 1971.23 1941.58 1644.05 297.527 60.2072 3482.05 1201.8 557.574 89.8956 467.678 2280.26 1982.24 292.506 269.479 203.517 298.021 96.0927 24.3335 71.7592 201.928 128.872 57.0833 92.7756
internal_count=28826 23178 15095 902 506 396 5648 8083 7960 6738 1222 247 14193 4891 2272 364 1908 9302 8080 1193 1099 827 1222 393 99 294 829 529 234 381
is_linear=0
shrinkage=0.025


Tree=19
num_leaves=31
num_cat=0
split_feature=37 7 31 14 34 4 9 36 4 11 34 36 7 16 37 22 29 0 34 13 31 19 7 30 36 14 14 13 13 19
split_gain=46.3599 17.2957 13.0552 8.66026 8.29036 7.92219 7.84862 9.7623 9.16816 7.48341 6.95351 10.5935 8.28726 8.28658 7.68832 7.56231 6.95471 8.03947 7.75799 7.25541 8.22924 12.8035 7.27008 6.93417 6.84348 10.5158 9.54215 11.5327 11.1331 8.09146
threshold=0.16229414939880374 463.63848876953131 0.14393615722656253 0.11583184450864793 0.37053740024566656 0.01770114898681641 3.5000000000000004 5.4183924198150644 0.0073550045490264901 9.5000000000000018 0.070640563964843764 5.232025384902955 270.42900085449224 4.5000000000000009 0.049876689910888679 1.5000000000000002 -6.395270347595214 -6.4893412590026847 0.032458484172821052 1.1977500319480898 0.006775379180908204 0.39811320602893835 357.36799621582037 -5.9537222385406485 4.0188729763031015 0.19139194488525393 0.23466833680868152 4.8862099647521982 3.5884000062942509 0.61167800426483165
decision_type=2 2 2 2 2 2 2 2 2 2 2 2 2 2 2 2 2 2 2 2 2 2 2 2 2 2 2 2 2 2
left_child=1 2 10 -4 -2 6 8 -8 -3 -9 13 14 -13 -1 15 23 17 -15 -19 -18 21 -21 -23 -12 25 -22 27 -26 -28 -30
right_child=4 5 3 -5 -6 -7 7 9 -10 -11 11 12 -14 16 -16 -17 19 18 -20 20 24 22 -24 -25 26 -27 28 -29 29 -31
leaf_value=-0.0040816552797278667 0.003596553116678735 0.0073844393161492635 0.015077331452240363 0.0016778684564846963 0.011088470000151019 0.013534929187288042 0.00029002044255802705 0.00079182148407965695 -0.0020418101532455818 -0.024085619950977865 0.0071701134934450284 -0.0014312394279584169 0.0078949893506124174 0.00032331319419890694 -0.0039438620993914224 0.017672769147774457 -0.0092416028603231632 0.029614124644501073 0.0020922708537198741 0.013733417756186151 0.0087222062051000079 0 -0.020691268103603798 -0.0027163732050134448 -0.010022940706800564 -0.0016827918166868409 0.0039648093961799202 0.0075507412500859091 -0.011166162980529214 0.0069321566837391331
leaf_weight=1666.1144731938839 1256.1591041088104 204.35982985794544 35.298966094851494 183.78749233484268 99.419219195842743 29.568527773022652 1614.281776741147 12.430178269743921 92.950449109077454 17.332754567265511 63.524046376347542 101.78584149479866 140.30238403379917 54.248888328671455 459.64534020423889 16.14608733355999 73.286286547780037 13.390132814645769 12.200634881854056 11.070203423500059 111.86623746156693 14.545075252652166 36.780711054801941 140.55954413115978 131.86430567502975 130.10912896692753 194.96412968635559 27.376994132995605 63.898394212126732 19.326863378286362
leaf_count=6769 5223 840 146 756 425 123 6616 51 382 71 260 416 578 222 1877 66 298 55 50 45 458 59 150 574 538 532 794 112 261 79
internal_value=3.46072e-06 -0.000988825 -0.00199604 0.00390683 0.00415563 0.000901873 0.000701304 2.2822e-05 0.00443209 -0.0139265 -0.00236908 -0.000503397 0.00397374 -0.00303928 -0.00210477 0.0017228 -0.00109347 0.00589603 0.017159 -0.00178755 -0.00103632 -0.00965157 -0.0149092 0.000368709 -0.000228403 0.00313329 -0.00209661 -0.00695778 0.000692015 -0.00690122
internal_weight=7028.59 5673.02 3702.09 219.086 1355.58 1970.92 1941.35 1644.04 297.31 29.7629 3483.01 921.963 242.088 2561.04 679.875 220.23 894.928 79.8397 25.5908 815.088 741.802 62.396 51.3258 204.084 679.406 241.975 437.431 159.241 278.189 83.2253
internal_count=28826 23178 15095 902 5648 8083 7960 6738 1222 122 14193 3771 994 10422 2777 900 3653 327 105 3326 3028 254 209 834 2774 990 1784 650 1134 340
is_linear=0
shrinkage=0.025


Tree=20
num_leaves=31
num_cat=0
split_feature=37 7 31 21 37 31 37 14 36 4 4 37 31 14 31 30 7 12 3 12 37 3 35 4 15 37 36 7 6 32
split_gain=44.1008 16.6643 9.23993 8.76145 9.22409 7.67995 7.33371 7.25619 7.07455 9.38917 7.95543 6.35888 10.6061 13.6216 6.09057 5.94834 6.40027 9.8463 8.60443 7.9872 7.42245 5.92081 5.88227 5.82236 13.2578 6.06545 5.77477 17.1961 12.6085 9.11826
threshold=0.16229414939880374 367.49800109863287 0.13461232185363772 2.5000000000000004 0.09804940223693849 0.19698190689086917 0.27173995971679693 0.86754387617111217 5.9805223941802987 0.0092264115810394304 0.014345020055770876 0.084194898605346694 0.17356920242309573 0.33615820109844213 0.56534051895141613 -5.207380771636962 223.30299377441409 38.795000076293952 -0.0095484256744384748 17.180000305175785 0.047950983047485359 -0.0011107921600341795 3.4828807115554814 0.013418078422546388 3.5000000000000004 0.012707948684692385 5.0091700553894052 409.46249389648443 -0.7334764003753661 -1.1040205955505369
decision_type=2 2 2 2 2 2 2 2 2 2 2 2 2 2 2 2 2 2 2 2 2 2 2 2 2 2 2 2 2 2
left_child=1 3 7 5 -5 15 -2 23 10 -10 -6 -4 -13 -14 26 16 17 19 -19 -1 -20 -9 -16 -3 25 -25 28 29 -8 -28
right_child=6 2 11 4 8 -7 14 21 9 -11 -12 12 13 -15 22 -17 -18 18 20 -21 -22 -23 -24 24 -26 -27 27 -29 -30 -31
leaf_value=-0.008049274061241167 0.0026149121640053688 -0.00053441862540199976 0.00023306684946145502 -0.001788682104804439 0.005453629910808418 0.0095701607774882694 0.022728729456638719 0.024420744418701713 0.0075225787861750784 -0.019614661243989528 0.027476686029437578 0.01398849437926979 0.011995015425941342 -0.01040573546052804 0.0086948715136472964 -0.008456310603661291 -0.0037651760199593504 -0.015874456287390034 0.012851339427588296 0.014842096238207952 -0.0058146115552443842 0.00049730319822554703 -0.015485689798731953 -0.0164281752147197 0.020623998041165482 0.0029943873728658053 -0.012641537782060239 -0.0088423286315583265 0.0070831986135786815 0.012255392311505926
leaf_weight=11.283059626817701 843.98276020586491 2869.6753715127707 115.03350940346718 548.04070392251015 125.91998709738255 26.497930288314819 35.463007211685181 12.509076967835428 15.251071631908419 14.660734772682188 10.371765792369841 82.621613174676895 32.214892849326134 33.661432221531868 9.7057612836360949 152.06721207499504 1376.7622840702534 23.932251170277596 21.650392085313797 43.377941980957985 31.204501554369926 12.901749819517134 14.268778637051581 10.514175057411192 25.744937375187874 77.61272606253624 9.5084261149167997 50.416391223669052 314.18325962126255 76.886829674243927
leaf_count=46 3503 11747 476 2232 516 109 149 53 63 60 43 343 134 139 41 614 5591 97 88 177 127 54 60 43 107 319 40 212 1320 323
internal_value=3.73687e-06 -0.00096365 0.00019628 -0.00254505 -0.000220004 -0.00352737 0.00405559 -0.00019668 0.00491738 -0.00590163 0.00733571 0.00467627 0.00807687 0.000526875 0.00642304 -0.00374354 -0.00326143 0.00198445 -0.00375325 0.0100123 0.00188156 0.0128476 -0.00564024 -0.000312883 0.0052043 0.000490762 0.00703305 0.00262714 0.00873748 0.0093734
internal_weight=7027.92 5673.51 3272.49 2401.02 714.244 1686.78 1354.42 3008.96 166.204 29.9118 136.292 263.531 148.498 65.8763 510.432 1660.28 1508.21 131.448 76.7871 54.661 52.8549 25.4108 23.9745 2983.55 113.872 88.1269 486.458 136.812 349.646 86.3953
internal_count=28826 23178 13415 9763 2914 6849 5648 12323 682 123 559 1092 616 273 2145 6740 6126 535 312 223 215 107 101 12216 469 362 2044 575 1469 363
is_linear=0
shrinkage=0.025


Tree=21
num_leaves=31
num_cat=0
split_feature=37 8 31 4 31 29 14 34 37 14 34 13 36 31 1 24 4 1 32 4 29 30 36 13 4 36 3 13 6 37
split_gain=41.9533 15.5147 12.0126 9.20256 8.96889 11.2925 8.63767 8.04487 12.0529 7.90838 7.88505 7.62659 7.55284 7.92797 7.42239 8.66376 10.8684 8.35208 7.40835 7.10547 9.13576 11.0033 6.90454 6.8731 6.88273 6.91492 8.44559 6.85317 7.71874 6.72659
threshold=0.16229414939880374 31.500000000000004 0.19698190689086917 0.016204178333282474 0.039925813674926765 -5.6045699119567862 0.096006143838167204 0.078630149364471449 0.060359477996826179 0.45584416389465338 0.37053740024566656 1.2847999930381777 5.0498678684234628 0.019612789154052738 -1.4643969535827634 1.0000000180025095e-35 0.0058033466339111337 -0.85334470868110646 -2.670190572738647 0.021697372198104862 -5.162639617919921 -5.4749653339385977 4.9123837947845468 4.9386100769042978 0.0017425417900085451 4.1254398822784433 -0.0027647018432617183 4.3877000808715829 -1.1441578865051267 0.070414781570434584
decision_type=2 2 2 2 2 2 2 2 2 2 2 2 2 2 2 2 2 2 2 2 2 2 2 2 2 2 2 2 2 2
left_child=1 2 4 -3 5 6 18 8 14 12 -2 -10 22 -14 -6 -16 27 -18 -1 20 21 29 -7 24 -20 26 -26 28 -17 -11
right_child=10 3 -4 -5 7 9 -8 -9 11 19 -12 -13 13 -15 15 16 17 -19 23 -21 -22 -23 -24 -25 25 -27 -28 -29 -30 -31
leaf_value=0.0088406177656129795 0.0034130792202110498 0.00046648523512005341 0.0086037948381981113 0.011925275505788634 -0.00051620497013457351 -0.0049180509337071465 -0.00123598316735603 0.0018463564480301288 -0.006858610406234685 -0.024977833491929318 0.010733432881880388 0.00093064463203164187 0.017690927812178219 -0.0058035936730469846 -0.0085797291009346525 0.00032291854891978972 0.016524513523780725 -0.0042027538570652114 -0.02072802032710612 0.0056415800815465527 -0.026571367367510458 -0.0026390831267223678 -0.020459543971637805 -0.019571095964703713 -0.029458839380797533 0.0010588078981228627 0 0.0064014106607415454 -0.027128560123358021 -0.0018006128838386735
leaf_weight=14.315780669450758 1254.266426756978 2159.8753603845835 64.692028298974037 43.741688117384911 182.27744436264038 302.65166099369526 937.23166841268539 464.57595781981945 87.504967048764229 31.970624700188637 99.004921138286591 698.03943212330341 17.462771937251091 16.527148678898811 308.02153843641281 10.118539020419119 28.724904894828796 19.716063469648361 16.205434381961823 12.61978757381439 26.10258661210537 57.937954470515251 18.280624955892563 31.886918485164642 11.068747133016588 62.759217366576195 12.495197668671606 10.80306640267372 15.532039985060694 10.789796471595762
leaf_count=59 5223 8855 268 182 744 1230 3816 1903 356 129 425 2847 71 67 1251 41 117 80 66 51 105 234 74 130 45 255 51 44 63 44
internal_value=4.01416e-06 -0.000939132 -0.00198083 0.000700382 -0.00218509 -0.00356401 -0.00213137 -0.0009886 -0.00195898 -0.00669549 0.00395801 5.21728e-05 -0.00467924 0.00635621 -0.00470527 -0.00663603 0.00040493 0.00812333 -0.00771104 -0.0117406 -0.0135207 -0.00988517 -0.00587188 -0.00954459 -0.00624323 -0.00328914 -0.0145427 -0.00972786 -0.0166 -0.0193614
internal_weight=7027.2 5673.93 3470.31 2203.62 3405.62 1580.31 1085.96 1825.31 1360.74 494.343 1353.27 785.544 354.922 33.9899 575.194 392.916 84.8946 48.441 148.731 139.421 126.801 100.698 320.932 134.416 102.529 86.3232 23.5639 36.4536 25.6506 42.7604
internal_count=28826 23178 14141 9037 13873 6427 4422 7446 5543 2005 5648 3203 1442 138 2340 1596 345 197 606 563 512 407 1304 547 417 351 96 148 104 173
is_linear=0
shrinkage=0.025


Tree=22
num_leaves=31
num_cat=0
split_feature=37 7 34 34 0 29 34 14 3 4 37 7 33 34 3 34 15 13 9 2 15 37 32 12 12 7 31 7 14 7
split_gain=39.9236 15.3567 11.98 11.1651 9.8426 8.31582 7.53849 6.90318 11.273 7.51111 11.6924 7.08828 6.76421 6.68794 7.93325 8.0281 9.11762 8.19805 7.57325 9.69055 8.06794 9.40515 6.32697 6.25255 9.0635 7.27906 9.56193 8.82133 9.15287 6.95748
threshold=0.16229414939880374 332.38301086425787 0.11548835039138795 0.27935034036636358 -4.9131917953491202 -5.5652172565460196 0.37053740024566656 0.87689393758773815 0.010994017124176027 0.013027399778366091 0.009085893630981447 731.02700805664074 -2.7776539325714107 0.031492590904235847 0.0050364434719085702 0.0067165493965148934 1.5000000000000002 3.4489599466323857 2.5000000000000004 4.0306808948516855 1.0000000180025095e-35 0.048618555068969734 -2.818767666816711 69.264999389648452 34.435001373291023 308.33050537109381 0.025959491729736332 242.27649688720706 0.61167800426483165 234.34100341796878
decision_type=2 2 2 2 2 2 2 2 2 2 2 2 2 2 2 2 2 2 2 2 2 2 2 2 2 2 2 2 2 2
left_child=1 2 4 7 12 -4 22 9 -9 -3 -11 -12 -1 14 18 -16 17 -17 23 -20 21 -21 -2 24 -14 27 -27 29 -29 -26
right_child=6 3 5 -5 -6 -7 -8 8 -10 10 11 -13 13 -15 15 16 -18 -19 19 20 -22 -23 -24 -25 25 26 -28 28 -30 -31
leaf_value=0.013920087851349586 -0.0071544405840607787 -0.0004452203193811214 0.0061060682871228629 0.019868142895995061 -0.017987841508066742 -0.0055699765587822608 0.010497501920998614 0.018504021721022029 -0.011292548636909724 -0.016056524905900978 0.0047513222555357242 0.020832690005480207 0.0028931801064927894 -0.0019098655130865543 -0.025508758204194605 -0.021751549763385464 0.0045412270970978394 0.00059211252145737424 0.0050385681594142607 -0.0091510861789224629 -0.012623670812583943 0.013482854662039046 0.0036294669568770915 0.0031664325726966634 -0.0055999948034183801 -0.012537887835007143 0.017264850928525959 -0.0085863607945180689 -0.025952083276560019 0.013148642918277371
leaf_weight=13.361330255866049 33.92738950252533 3521.0192535221577 146.37752294540405 16.619631394743919 27.555906414985657 50.347859099507332 98.725336998701096 27.728756546974182 10.082388877868651 14.398443520069121 145.70170938968658 18.784104391932487 87.635953217744827 951.62139645218849 20.558318898081779 29.475373387336731 23.968409046530724 15.073096469044684 31.050073429942131 29.847422823309898 149.9930155724287 17.255024924874306 1219.4886710643768 104.82749247550964 39.545203402638435 10.129132986068727 16.037480071187019 115.97291661798954 22.54936794936657 16.799377009272575
leaf_count=56 139 14412 602 72 111 205 425 117 42 59 600 78 355 3866 83 119 97 61 126 121 607 70 5084 425 160 41 65 469 91 68
internal_value=3.5278e-06 -0.000916145 -0.00273417 1.3416e-05 -0.00340215 0.00309212 0.00386264 -7.94893e-05 0.0104081 -0.000190126 0.00479162 0.00671769 -0.00315319 -0.00329847 -0.00509836 -0.0120722 -0.00769572 -0.0142896 -0.00410905 -0.00776038 -0.00980458 -0.000699706 0.00333011 -0.00207455 -0.00386699 -0.0065595 0.00559929 -0.00822519 -0.0115969 7.82066e-05
internal_weight=7026.46 5674.32 1919.98 3754.33 1723.26 196.725 1352.14 3737.71 37.8111 3699.9 178.884 164.486 1695.7 1682.34 730.718 89.0752 68.5169 44.5485 641.642 228.146 197.095 47.1024 1253.42 413.497 308.669 221.033 26.1666 194.867 138.522 56.3446
internal_count=28826 23178 7798 15380 6991 807 5648 15308 159 15149 737 678 6880 6824 2958 360 277 180 2598 924 798 191 5223 1674 1249 894 106 788 560 228
is_linear=0
shrinkage=0.025


Tree=23
num_leaves=31
num_cat=0
split_feature=37 7 31 36 12 34 9 35 4 4 37 15 29 34 4 3 37 4 12 23 0 31 18 34 18 11 22 30 34 37
split_gain=37.9821 14.718 11.2864 8.31047 8.33967 7.49469 7.66442 11.8213 11.3474 8.36642 7.71949 7.29543 7.29246 7.2073 7.17031 7.83313 7.62926 7.138 8.47828 7.49806 6.295 12.8657 8.53036 8.25832 6.78159 6.57456 6.80125 8.5546 7.06629 7.0072
threshold=0.16229414939880374 463.63848876953131 0.14393615722656253 3.6965600252151494 84.665000915527358 0.27935034036636358 3.5000000000000004 5.5011496543884286 0.013229608535766603 0.012676358222961428 0.066738605499267592 2.5000000000000004 -5.8023715019226065 0.37053740024566656 0.0064738690853118905 -0.0096442103385925276 0.048618555068969734 0.0069791674613952645 70.684997558593764 1.5000000000000002 -5.6332154273986808 0.044625043869018562 9.5000000000000018 0.07941842079162599 5.5000000000000009 5.5000000000000009 1.0000000180025095e-35 -5.5450117588043204 0.044896192848682411 0.035342454910278327
decision_type=2 2 2 2 2 2 2 2 2 2 2 2 2 2 2 2 2 2 2 2 2 2 2 2 2 2 2 2 2 2
left_child=1 2 20 4 -4 6 17 8 9 -8 12 -12 -10 -2 -5 -16 -17 -3 -19 -20 -1 -22 23 -23 -25 -24 27 -27 -28 -30
right_child=13 5 3 14 -6 -7 7 -9 10 -11 11 -13 -14 -15 15 16 -18 18 19 -21 21 22 25 24 -26 26 28 -29 29 -31
leaf_value=-0.001393820961551777 0.0032489839444924205 0.0072623226574528481 0.0042782240734922884 -0.0028730855729027839 0.028812958443529046 0.021388512204456311 7.7081936675127004e-05 -0.015889910801457983 0.0011543475503151847 -0.017501494658583253 -0.010521642919712498 0.011573604047141433 0.024188700960225754 0.010266656899796514 -0.003042596921101772 -0.0043360900145914079 0.018242432486727137 -0.014662261961705015 -0.00060693245045023573 0.018617459106113454 -0.0060329878919350979 -0.011938413112895722 -0.0017969591091021458 0.019388071137662513 -0.0080430157076699076 0.02142923158443006 0.0060153814423103214 0.0043812392336577575 0.0032684147481147454 -0.019950512115132511
leaf_weight=2282.3112325519323 1252.5601843297482 193.17171321809292 21.932538568973541 102.97206650674343 14.127171427011488 10.053667709231375 1540.246951892972 27.515182808041573 12.808372497558592 16.108022972941399 16.713853612542152 18.717084154486656 27.353033155202866 98.447565838694572 29.500289633870125 11.596077680587767 38.539436757564545 20.910953253507614 72.18025141954422 14.313186496496199 645.5355582088232 69.495642617344856 290.47120177745819 10.247174501419069 10.305735677480696 22.494518339633942 31.523138806223869 91.728060722351074 13.190769374370577 18.564022377133369
leaf_count=9302 5223 795 91 424 59 44 6310 113 53 66 69 78 113 425 121 48 159 86 297 59 2619 280 1182 42 42 92 129 375 54 76
internal_value=3.39957e-06 -0.000893276 -0.0018218 0.00367203 0.0144758 0.000851475 0.000734006 6.61648e-05 0.000346287 -0.000114369 0.00974094 0.00107927 0.0171098 0.00376942 0.00145776 0.0070549 0.0129886 0.00440038 -0.000743392 0.00272223 -0.0021681 -0.00363191 -0.000843972 -0.00784721 0.00578246 0.000512141 0.00429378 0.00791714 -0.00222925 -0.0104238
internal_weight=7025.63 5674.63 3704.53 218.668 36.0597 1970.09 1960.04 1659.46 1631.95 1556.35 75.5923 35.4309 40.1614 1351.01 182.608 79.6358 50.1355 300.576 107.404 86.4934 3485.87 1203.56 558.02 90.0486 20.5529 467.972 177.501 114.223 63.2779 31.7548
internal_count=28826 23178 15095 902 150 8083 8039 6802 6689 6376 313 147 166 5648 752 328 207 1237 442 356 14193 4891 2272 364 84 1908 726 467 259 130
is_linear=0
shrinkage=0.025


Tree=24
num_leaves=31
num_cat=0
split_feature=37 12 34 14 11 4 0 13 7 9 13 21 37 37 12 13 4 30 37 12 7 34 37 3 21 8 3 13 34 34
split_gain=36.1432 15.2162 11.2723 9.3266 9.19944 11.7499 11.7221 11.7638 8.57359 9.41765 8.81958 8.57433 8.28646 8.24614 8.18357 9.48799 7.49093 8.68504 8.25793 7.37618 7.74852 10.3467 8.87051 7.81855 13.6133 9.02013 7.19843 6.89784 11.2758 7.26396
threshold=0.14759600162506106 66.509998321533217 0.12256875634193422 0.89181286096572887 4.5000000000000009 0.0043326616287231454 -5.2391507625579825 5.7974498271942148 330.49549865722662 2.5000000000000004 2.7779000997543339 4.5000000000000009 0.092434644699096694 0.24837172031402591 15.435000419616701 4.2834098339080819 0.016204178333282474 -6.9768011569976798 0.028906106948852543 69.645000457763686 360.91850280761724 0.10685124993324281 0.00096678733825683605 -0.0061799883842468253 2.5000000000000004 24.500000000000004 -0.0050955116748809806 3.2346600294113164 0.012445300817489626 0.046993061900138862
decision_type=2 2 2 2 2 2 2 2 2 2 2 2 2 2 2 2 2 2 2 2 2 2 2 2 2 2 2 2 2 2
left_child=1 4 3 16 5 6 14 -8 9 -6 -10 -12 -11 -2 -1 27 17 -3 -18 -19 21 23 -22 24 -21 -26 -25 29 -29 -16
right_child=13 2 -4 -5 8 -7 7 -9 10 12 11 -13 -14 -15 15 -17 18 19 -20 20 22 -23 -24 26 25 -27 -28 28 -30 -31
leaf_value=0.010610221522378871 0.0018812009855982235 -0.01982866507487956 0.004746244522260008 0.013992229460620179 -0.0020372674616782219 -0.0022271340000675536 -0.024746580370145339 0.0001490175327938881 0.013067573252473035 -0.017291366620754749 0.00077149600585496938 -0.017685174971040562 0.0042476156603286066 0.005598688566309724 -0.012401720161355798 -0.013301034900540985 -0.0066015967315810114 0.0042608974114223108 0.012523781270074835 -0.014907115807137675 -0.015521646719942904 -0.019362768344851011 -7.5617775509203463e-05 0.01028540470765613 0.0023731095255534376 -0.018976423890457478 -0.0018194438259857362 0.020049247161384925 -0.0026020780207781187 -0.0013088522616540128
leaf_weight=17.221944093704224 953.43251287937164 13.722768545150755 301.6818570047617 27.149960145354271 392.31603735685349 768.53096981346607 41.617302998900414 16.146242707967758 34.715527310967445 48.218557089567184 590.04368495941162 15.157717064023016 13.770632609724997 616.56518051028252 78.092407256364822 94.039850145578384 18.280265375971794 183.28623479604721 52.331169381737709 76.308625996112823 22.506563052535057 24.214978277683258 2074.1451218724251 33.758074194192886 82.440455824136734 13.510967895388601 261.34447333216667 15.806256204843519 73.859015241265297 70.681397631764412
leaf_count=70 3955 56 1245 113 1590 3122 168 66 142 195 2413 62 56 2597 316 383 75 747 216 309 92 99 8496 137 335 55 1064 64 300 288
internal_value=3.68573e-06 -0.000958071 0.000156095 -0.000324838 -0.00252151 -0.00405631 -0.00748634 -0.017861 -0.000867545 -0.0034913 0.000993812 0.0002767 -0.0124754 0.00334535 -0.00571948 -0.00660212 -0.000466672 -0.000672534 0.00751455 -0.000569666 -0.000914223 -0.00373617 -0.000249936 -0.00288157 -0.00709801 -0.000772066 -0.000396215 -0.00390512 0.00154043 -0.00719219
internal_weight=7024.9 5454.9 3184.68 2883 2270.22 1176 407.464 57.7635 1094.22 454.305 639.917 605.201 61.9892 1570 349.701 332.479 2855.85 2785.24 70.6114 2771.52 2588.23 491.578 2096.65 467.363 172.26 95.9514 295.103 238.439 89.6653 148.774
internal_count=28826 22274 13039 11794 9235 4777 1655 234 4458 1841 2617 2475 251 6552 1421 1351 11681 11390 291 11334 10587 1999 8588 1900 699 390 1201 968 364 604
is_linear=0
shrinkage=0.025


Tree=25
num_leaves=31
num_cat=0
split_feature=37 7 31 34 31 4 31 0 14 16 1 31 13 37 12 34 7 35 3 3 14 36 13 7 0 1 22 15 3 0
split_gain=34.422 13.4662 10.6322 7.16044 7.29003 7.17075 7.07214 10.0427 7.1222 10.5555 8.66664 8.81384 7.98649 7.85299 7.4407 6.81174 6.79107 7.90448 6.6508 7.52712 6.64928 7.85374 8.10956 9.60179 7.35746 14.6486 8.21545 11.8236 8.60829 9.52775
threshold=0.16229414939880374 463.63848876953131 0.19698190689086917 0.27935034036636358 0.23987364768981936 0.018437027931213382 0.039925813674926765 -5.6332154273986808 0.096006143838167204 3.5000000000000004 -0.71133416891098011 0.02162265777587891 4.8411598205566415 0.11488044261932374 40.854999542236335 0.37053740024566656 232.25049591064456 3.4301705360412602 -0.0070305317640304557 -0.0080086141824722273 0.87689393758773815 5.4346203804016122 5.5280699729919442 695.92800903320324 -5.7426729202270499 -1.6469054818153379 1.0000000180025095e-35 4.5000000000000009 -0.0069648772478103629 -5.8180358409881583
decision_type=2 2 2 2 2 2 2 2 2 2 2 2 2 2 2 2 2 2 2 2 2 2 2 2 2 2 2 2 2 2
left_child=1 2 6 4 5 20 7 8 16 10 12 14 -10 -11 -12 -2 -1 -18 19 -9 21 24 23 -23 25 -3 27 -27 -28 -30
right_child=15 3 -4 -5 -6 -7 -8 18 9 13 11 -13 -14 -15 -16 -17 17 -19 -20 -21 -22 22 -24 -25 -26 26 28 -29 29 -31
leaf_value=0.011909673378466518 0.0030863109127235101 -0.0014199108517902364 0.0081479511604727935 0.020962279933006579 -0.016348249204648127 0.014052541175349055 -0.00088966138806166834 -0.0035656577605611452 -0.0099101602472539043 0.0023061470260577997 0.011108289773111124 -0.0066025867782445319 0.0044036735060096061 -0.0080797334600727893 -0.001328139944023017 0.0099221919741826602 0.0094904578457294959 -0.0098953042737202797 -0.0067999628964031562 0.013649294860473929 0.015814377534326046 0.0057069206393500806 -0.02086870008326272 -0.021543685699640939 -0.00047717626361843432 0.00065043962916360625 0.0032365171003482362 0.013984992629703942 0.010606120761044797 0.030274027282873973
leaf_weight=10.547122120857237 1250.8430363386869 307.53570605814457 65.716664165258408 9.9786610752344114 14.531082034111021 24.367618575692177 1948.5293075442314 59.776601105928421 162.91086566448212 502.22652198374271 50.645912066102028 83.672982200980186 27.762160897254944 48.96938668191433 70.805021941661835 98.025315180420876 13.653627783060072 133.06710374355316 506.98089978098869 20.463355258107185 16.953438505530357 29.309928119182587 20.082843884825706 10.005907520651816 1104.8191199153662 227.57734490931034 64.589115113019943 50.005909696221352 69.83701092004776 19.982466623187065
leaf_count=43 5223 1261 273 44 60 102 7948 242 661 2045 206 340 113 201 288 425 56 541 2055 83 72 120 82 41 4527 934 265 206 287 82
internal_value=3.2962e-06 -0.000849667 -0.00173753 0.000819593 0.000705108 0.000842129 -0.00191887 -0.00310179 -0.0016912 -0.000866756 -0.00397799 -0.000391658 -0.00780091 0.00136596 0.00388589 0.00359192 -0.006603 -0.00802233 -0.00574274 0.000907818 0.000666004 0.000521559 -0.00834626 -0.00152872 0.000812877 0.00274157 0.00570635 0.00310318 0.01032 0.0152944
internal_weight=7024.17 5675.3 3705.73 1969.58 1959.6 1945.07 3640.01 1691.48 1104.26 946.993 395.797 205.124 190.673 551.196 121.451 1348.87 157.268 146.721 587.221 80.24 1920.7 1903.75 59.3987 39.3158 1844.35 739.528 431.992 277.583 154.409 89.8195
internal_count=28826 23178 15095 8083 8039 7979 14822 6874 4494 3854 1608 834 774 2246 494 5648 640 597 2380 325 7877 7805 243 161 7562 3035 1774 1140 634 369
is_linear=0
shrinkage=0.025


Tree=26
num_leaves=31
num_cat=0
split_feature=37 12 34 19 30 31 3 6 31 13 4 33 30 37 33 7 4 15 6 7 33 12 34 16 36 29 29 22 12 4
split_gain=32.8416 14.0012 10.827 8.61061 12.4354 8.27318 8.19923 7.92571 8.86961 8.21324 9.58687 8.03782 7.82458 7.67429 7.39075 7.16252 10.5354 7.34161 8.25228 15.1968 9.87985 8.38661 10.4749 9.32923 7.62367 7.16387 11.8225 6.43669 6.36346 8.68793
threshold=0.14759600162506106 66.915000915527358 0.12256875634193422 0.14389234036207202 -6.9768011569976798 0.073582887649536147 -0.012354850769042967 0.29619705677032476 0.13461232185363772 0.90424999594688427 0.016204178333282474 -1.699240446090698 -4.8809068202972403 0.24837172031402591 -2.4479680061340328 323.45050048828131 0.0063216686248779306 1.0000000180025095e-35 -0.97411179542541493 240.54249572753909 -1.5362164974212644 40.484998703002937 0.031492590904235847 2.5000000000000004 5.2059984207153329 -4.9789233207702628 -5.2416112422943106 1.0000000180025095e-35 69.645000457763686 0.0041260123252868661
decision_type=2 2 2 2 2 2 2 2 2 2 2 2 2 2 2 2 2 2 2 2 2 2 2 2 2 2 2 2 2 2
left_child=1 5 3 6 -5 15 -3 9 11 -6 28 -9 27 -2 -7 17 25 -1 21 20 -20 22 24 -23 -19 26 -17 -13 29 -11
right_child=13 2 -4 4 7 14 -8 8 -10 10 -12 12 -14 -15 -16 16 -18 18 19 -21 -22 23 -24 -25 -26 -27 -28 -29 -30 -31
leaf_value=-0.0006999974833004686 0.0017792166484393518 0.02159001271469628 0.0046846384393674284 -0.025192567553993451 -0.0072709349158372851 -0.019052214811075382 0.0033861811548054478 0.0003700880358992614 0.015677212655353691 0.012030483463017735 0.015018782809802282 0.023405989201740075 -0.0072060859656956858 0.0053685637178097975 0.00045166430569063253 -0.002815664540284521 0.0023439845095997451 0.010595125861706885 0.024566005820186108 -0.011752461757564156 -0.0024473114144827005 -0.01571485870450234 0.0057079553030707931 -0.0041066150613317124 -0.0092865976650563595 0.0098757907907849017 -0.014611149458825419 0.0028954430369304012 -0.001294147405331676 -0.00082380027549741163
leaf_weight=215.61012138426304 952.64569768309593 17.648741826415062 299.20850087702274 11.783741816878317 127.01176546514034 11.387863129377363 97.503994345664978 432.27266983687878 28.36300465464592 53.482266172766685 22.827902510762215 24.922381594777107 11.207052066922186 615.18742735683918 611.26870463788509 377.81020523607731 280.42568209767342 13.411105766892431 10.086759731173514 241.20668096840382 34.64410600066185 55.815074265003204 100.0436949133873 191.39124850928783 73.325984492897987 21.780295506119728 61.181742325425148 16.130363970994949 1932.1711609661579 81.696942642331123
leaf_count=875 3955 73 1236 48 517 47 401 1771 118 218 94 102 46 2597 2495 1540 1144 54 41 974 140 226 406 774 296 89 249 66 7901 333
internal_value=3.58887e-06 -0.000912575 0.000167761 -0.000305879 -0.000588941 -0.002396 0.00635955 -0.000472644 0.00232353 -0.00112136 -0.000743179 0.00150602 0.0106717 0.00319172 6.0969e-05 -0.00330938 -0.00146594 -0.00476409 -0.00597512 -0.00927519 0.00399348 -0.00377876 0.00020878 -0.00679039 -0.00609831 -0.00379013 -0.00449474 0.015667 -0.00092561 0.0042945
internal_weight=7023.45 5455.62 3156.23 2857.02 2741.87 2299.39 115.153 2730.09 512.895 2217.19 2090.18 484.532 52.2598 1567.83 622.657 1676.73 741.198 935.535 719.925 285.938 44.7309 433.987 186.781 247.206 86.7371 460.772 438.992 41.0527 2067.35 135.179
internal_count=28826 22274 12924 11688 11214 9350 474 11166 2103 9063 8546 1985 214 6552 2542 6808 3022 3786 2911 1155 181 1756 756 1000 350 1878 1789 168 8452 551
is_linear=0
shrinkage=0.025


Tree=27
num_leaves=31
num_cat=0
split_feature=37 12 34 11 4 29 13 19 30 3 4 7 9 13 34 34 32 12 11 33 12 29 37 6 22 33 34 34 19 20
split_gain=31.236 13.3149 10.3 8.73966 11.5886 10.979 10.4852 8.22102 12.8385 8.80116 8.02583 7.9489 9.31941 9.12448 7.8599 11.5225 9.59571 9.30082 7.55179 11.6527 9.57008 8.84837 8.4257 7.77855 9.62343 7.43499 9.65539 9.26119 8.56575 7.39095
threshold=0.14759600162506106 66.915000915527358 0.12256875634193422 4.5000000000000009 0.0043326616287231454 -5.2323460578918448 5.7974498271942148 0.1628992557525635 -6.9768011569976798 -0.012354850769042967 0.016204178333282474 330.49549865722662 2.5000000000000004 2.7779000997543339 0.0095292031764984148 0.015050143003463747 -1.1481285691261289 57.694999694824226 10.500000000000002 -1.0571743249893186 69.645000457763686 -5.1422970294952384 0.0025227069854736332 1.0882185697555544 1.0000000180025095e-35 -1.0338702797889707 0.029662281274795536 0.0028898417949676518 0.45049019157886511 9.5000000000000018
decision_type=2 2 2 2 2 2 2 2 2 2 2 2 2 2 2 2 2 2 2 2 2 2 2 2 2 2 2 2 2 2
left_child=1 3 7 4 5 -1 -7 9 -9 -3 18 12 -5 -13 16 17 -15 -16 19 20 -10 -22 -20 24 -23 -21 27 28 -27 -2
right_child=29 2 -4 11 -6 6 -8 8 10 -11 -12 13 -14 14 15 -17 -18 -19 22 25 21 23 -24 -25 -26 26 -28 -29 -30 -31
leaf_value=-0.005566437397521805 0.0032732338606842031 0.02118212318146543 0.004571688259537199 -0.0018282455443195305 -0.0020155709277798451 -0.024175404608087012 0 -0.0257967084082667 0.0072771085032915048 0.0030259831889887013 0.0086189810913102002 0.01323385930848669 -0.012177779933399142 0.01862142749497761 -0.0025094475056336336 0.00035872452443671637 0.00011165931254357278 -0.025804281970614375 -0.017710734486241924 -0.016697198409273271 -0.0010426145284603862 0.02073431754799477 0.0031353791682938539 -0.010296181823703583 -0.0028006089448478714 0.00046664464578924527 -0.0063615109855114545 0.0024202170172699013 -0.029271421737773556 -0.015338946128938605
leaf_weight=357.23978175222874 1554.3260916173458 18.788347452878952 298.96369156241417 396.52558985352516 773.48631100356579 39.746536076068878 15.424214527010916 11.579510748386381 99.420059874653816 113.54479898512363 58.27006633579731 35.145632550120354 62.332917407155037 29.834676638245583 24.723943218588829 505.68050517141819 41.154923915863037 18.617479234933853 11.493333071470259 28.163672581315041 1538.9232061207294 31.964171037077904 387.14621652662754 10.004496634006498 15.610323846340178 12.035673245787622 324.81090679764748 184.52911573648453 10.799544274806975 12.432843089103697
leaf_count=1450 6500 78 1236 1606 3140 160 63 47 406 467 241 144 252 122 101 2068 168 76 47 115 6293 131 1588 41 64 49 1325 752 44 52
internal_value=3.69491e-06 -0.000889497 0.000164131 -0.00233586 -0.00382916 -0.00721144 -0.0175299 -0.000297637 -0.000594861 0.00576203 -0.000476916 -0.000741962 -0.00326302 0.00102221 0.000305765 -0.000707261 0.00807606 -0.0129285 -0.000680665 -0.00124199 -0.000206911 -0.000678797 0.00248529 0.00885413 0.0130618 -0.00436436 -0.00367691 0.00052655 -0.0141306 0.00311425
internal_weight=7022.72 5455.96 3156.05 2299.91 1185.9 412.411 55.1708 2857.08 2724.75 132.333 2713.17 1114.02 458.859 655.157 620.012 549.022 70.9896 43.3414 2654.9 2256.26 1695.92 1596.5 398.64 57.579 47.5745 560.339 532.175 207.364 22.8352 1566.76
internal_count=28826 22274 12924 9350 4813 1673 223 11688 11143 545 11096 4537 1858 2679 2535 2245 290 177 10855 9220 6935 6529 1635 236 195 2285 2170 845 93 6552
is_linear=0
shrinkage=0.025


Tree=28
num_leaves=31
num_cat=0
split_feature=31 7 34 0 20 34 31 13 4 15 37 4 0 37 16 23 0 4 13 37 34 12 13 31 37 7 10 37 8 0
split_gain=29.9336 15.3773 12.0895 9.44603 7.94061 7.40823 8.66644 8.2977 7.04294 10.2937 7.33926 7.01942 12.2318 8.21041 10.0715 12.8338 9.65937 10.9393 9.14282 9.03428 6.93019 11.5157 8.50156 11.1351 8.63888 8.40199 11.3404 8.14634 8.79634 10.6777
threshold=0.12488842010498048 327.37249755859381 0.18438059091567996 -5.6210732460021964 9.5000000000000018 0.21385571360588077 0.3619599342346192 5.5280699729919442 0.013418078422546388 3.5000000000000004 0.009085893630981447 0.010772645473480226 -6.5089962482452384 0.07396030426025392 6.5000000000000009 1.0000000180025095e-35 -5.4877302646636954 0.00028532743453979498 4.3054001331329355 0.051711082458496101 0.11843582987785341 59.295000076293952 1.2847999930381777 0.017160415649414066 0.010507822036743166 238.31349945068362 2.5000000000000004 0.13374400138854983 18.500000000000004 -5.6779410839080802
decision_type=2 2 2 2 2 2 2 2 2 2 2 2 2 2 2 2 2 2 2 2 2 2 2 2 2 2 2 2 2 2
left_child=1 3 4 20 8 11 -7 -8 -3 10 -10 13 -13 14 15 19 17 -15 -16 -2 22 -22 23 -1 -25 26 -24 28 29 -27
right_child=5 2 -4 -5 -6 6 7 -9 9 -11 -12 12 -14 16 18 -17 -18 -19 -20 -21 21 -23 25 24 -26 27 -28 -29 -30 -31
leaf_value=0.0052125144130882638 -0.0035193083650907975 -0.00037504355208292932 0.0055332377009918105 -0.0054093415997568031 -0.016667222037535439 0.010857627507308981 0.0051866226151168577 -0.019338666424556679 -0.017424041241004908 0.017906545787677735 0.0036723999296031811 0.012751348449607194 -0.0047341333917808185 -0.017452011760179471 0.017844784518776909 0.011233358780001649 0.0095417264351188927 0.0036051463346386987 -0.0081531429965603346 -0.019851443700938141 -0.0031581264317993105 0.0095960040475023562 0.0018266578312377164 0.0080609112117682735 -0.011634937628838438 -0.0089440246096798102 0.024179987615763638 0.0068250857578018038 -0.0012500162383066249 0.014035639270898652
leaf_weight=37.429960697889328 60.548052027821541 3510.5807070285082 241.9052207171917 541.28465849161148 17.268519043922424 147.56551225483418 26.978044807910919 11.441043198108671 10.281069055199621 30.161550521850586 116.58995400369167 28.988514140248299 148.76132011413574 14.872616589069365 25.164311721920967 22.58425797522068 191.03273887932301 522.91994723677635 11.627662464976309 32.445148423314095 88.648498564958572 86.222242325544357 131.40835377573967 14.533213317394255 144.85589991509914 185.93716874718666 14.985786721110342 56.664497703313828 535.71109935641289 12.592807918787001
leaf_count=152 249 14374 1017 2190 71 629 116 49 42 127 481 121 617 62 104 93 796 2177 48 133 367 359 534 59 589 753 61 233 2172 51
internal_value=3.29402e-06 -0.0007542 0.000130695 -0.00263259 -0.000224698 0.00351821 0.00811611 -0.0023588 -0.000142077 0.00501967 0.00182039 0.00270142 -0.00181313 0.00361593 -0.00164093 -0.0052807 0.00471911 0.00298686 0.00956397 -0.00939473 -0.00147921 0.00313505 -0.00219503 -0.00690781 -0.00978441 -0.00119644 0.00428037 -0.00221746 -0.00292705 -0.00741085
internal_weight=7021.99 5777.06 3926.79 1850.27 3684.88 1244.93 185.985 38.4191 3667.61 157.033 126.871 1058.94 177.75 881.195 152.369 115.577 728.825 537.793 36.792 92.9932 1308.99 174.871 1134.12 196.819 159.389 937.3 146.394 790.906 734.241 198.53
internal_count=28826 23632 16112 7520 15095 5194 794 165 15024 650 523 4400 738 3662 627 475 3035 2239 152 382 5330 726 4604 800 648 3804 595 3209 2976 804
is_linear=0
shrinkage=0.025


Tree=29
num_leaves=31
num_cat=0
split_feature=31 34 8 30 31 19 32 34 31 13 4 0 37 16 37 0 4 13 33 33 35 19 14 13 4 8 20 19 32 4
split_gain=28.4729 13.8544 10.9159 8.5687 8.01156 9.87476 7.7317 7.06718 8.28491 7.88679 6.67521 11.6587 7.81566 9.59009 9.64472 9.21943 10.4066 8.74532 7.67362 6.52877 10.724 6.20709 6.1425 7.11484 9.26635 7.34635 6.83817 8.76826 7.22137 7.21341
threshold=0.12488842010498048 0.1199467182159424 23.500000000000004 -5.1476287841796866 0.11263585090637208 0.52704679965972911 -0.69992652535438526 0.21385571360588077 0.3619599342346192 5.5280699729919442 0.010772645473480226 -6.5089962482452384 0.07396030426025392 6.5000000000000009 0.053073883056640632 -5.4877302646636954 0.00028532743453979498 4.3054001331329355 -1.0874198675155637 -1.1725140810012815 3.940607070922852 0.92365968227386486 0.10960961133241655 4.2019500732421884 0.0078375041484832781 35.500000000000007 2.5000000000000004 0.64760348200798046 -1.7757591009140012 0.0059430599212646493
decision_type=2 2 2 2 2 2 2 2 2 2 2 2 2 2 2 2 2 2 2 2 2 2 2 2 2 2 2 2 2 2
left_child=1 2 3 21 5 -3 -5 10 -9 -10 12 -12 13 14 -2 16 -14 -15 -16 20 -6 -1 23 -7 25 -25 27 28 -24 -28
right_child=7 4 -4 6 19 22 -8 8 9 -11 11 -13 15 17 18 -17 -18 -19 -20 -21 -22 -23 26 24 -26 -27 29 -29 -30 -31
leaf_value=-0.0026326539883795522 0 0.0047755982697040072 -0.00039524208111486555 6.0624944672858934e-05 -0.013620031264314051 0.013403349820462727 -0.015646424970825003 0.010616504200276903 0.0050682725442996283 -0.018809571731983887 0.01247467464771475 -0.0046125484737330373 -0.016988259515650226 0.017470714258399696 -0.0060378979859381397 0.0093222803967099362 0.0035177017395598303 -0.0079549394430746823 -0.029221414092336157 -0.015283343805110171 0.015755497319467831 0.011305510832431261 -0.020268486855408961 -0.002529517575274279 -0.016730133568571202 0.019310386702815707 -0.0047400141753601837 -0.025280613836374772 0.0013992644979107735 0.0071715778597867394
leaf_weight=1586.8147565275431 77.301754727959633 537.52373874187469 3204.5225345343351 28.770701333880424 14.145126149058344 33.292671114206314 58.271789729595184 147.1718413233757 26.94163054227829 11.49621334671974 28.913788542151451 148.89024075865746 14.92329381406307 25.082976222038269 24.139766320586205 190.66956886649132 522.55048412084579 11.644144356250761 14.222447648644446 27.791762009263039 14.919419050216673 19.190369993448257 12.043588876724241 25.895500048995018 15.707897931337355 14.000532537698744 81.913084074854851 16.474607348442078 35.464680939912796 50.502722784876823
leaf_count=6433 318 2239 13115 116 59 138 234 629 116 49 121 617 62 104 99 796 2177 48 58 115 62 78 50 107 65 58 339 68 147 209
internal_value=3.39242e-06 -0.000735119 -0.00125434 -0.00287772 0.00215091 0.00278246 -0.0104846 0.00343309 0.00792903 -0.00230572 0.0026355 -0.00176568 0.00352805 -0.00159975 -0.0051472 0.00460538 0.00291321 0.00934619 -0.0152205 -0.00683578 0.00139837 -0.00245762 -0.000967629 0.00444116 -0.00102275 0.00535831 -0.00343859 -0.0100814 -0.00434668 -0.000158552
internal_weight=7021.19 5777.25 4897.57 1693.05 879.675 822.819 87.0425 1243.95 185.61 38.4378 1058.34 177.804 880.534 152.391 115.664 728.143 537.474 36.7271 38.3622 56.8563 29.0645 1606.01 285.295 88.8966 55.6039 39.896 196.399 63.9829 47.5083 132.416
internal_count=28826 23632 19976 6861 3656 3420 350 5194 794 165 4400 738 3662 627 475 3035 2239 152 157 236 121 6511 1181 368 230 165 813 265 197 548
is_linear=0
shrinkage=0.025


Tree=30
num_leaves=31
num_cat=0
split_feature=31 7 34 30 22 20 33 1 35 36 3 34 34 34 31 13 4 14 15 36 14 19 19 6 30 30 9 3 34 4
split_gain=27.0813 14.0409 11.2495 8.001 8.06218 7.56789 7.49946 11.6854 8.41963 7.02324 6.98402 10.0364 6.91375 6.74352 7.9198 7.49797 6.70444 9.9339 9.84595 6.95271 6.67141 8.55915 12.5733 11.1231 7.21716 6.65464 7.33133 8.1218 12.46 6.346
threshold=0.12488842010498048 327.37249755859381 0.18438059091567996 -5.630037546157836 1.0000000180025095e-35 9.5000000000000018 -1.2249113321304319 -1.0470067262649534 3.9211417436599736 4.3407530784606942 -0.0050955116748809806 0.0067165493965148934 0.046993061900138862 0.21385571360588077 0.3619599342346192 5.5280699729919442 0.013418078422546388 0.85880398750305187 3.5000000000000004 4.8488841056823739 0.087337911128997817 0.29912281036376959 0.39811320602893835 -1.0150847434997556 -5.1985561847686759 -6.9768011569976798 1.5000000000000002 1.0000000180025095e-35 0.017370223999023441 0.010772645473480226
decision_type=2 2 2 2 2 2 2 2 2 2 2 2 2 2 2 2 2 2 2 2 2 2 2 2 2 2 2 2 2 2
left_child=1 3 5 4 12 16 8 -8 -4 -10 -5 -12 -1 29 -15 -16 17 -3 -18 -20 24 -22 -23 -24 -13 -6 -27 -28 -29 -2
right_child=13 2 6 10 25 -7 7 -9 9 -11 11 20 -14 14 15 -17 18 -19 19 -21 21 22 23 -25 -26 26 27 28 -30 -31
leaf_value=-0.0022084673863383181 0.0034415585247394216 -0.00047556828024001283 0.0031135573105943188 -0.0001038843199503299 -0.02336060266941023 -0.016246333351636392 -0.013532403244135167 0.0055393372294283323 0.022730323559415833 0.0065270170321918165 -0.0190724486599788 0.012517123810142222 0.0021964355753847985 0.010380675482765694 0.0049525374871312311 -0.018299861871495089 0.001780559936580864 0.015023099560188644 0.028933848634684331 0.004636053365414828 -8.4119304006669988e-05 -0.016255773026145975 0.0072539168632391919 -0.008136212284444222 -0.011195586711621533 0.0024908451264962763 -0.007574367852386292 -0.020995447023496389 0.0088176418597188978 -0.0017195146847521687
leaf_weight=463.51167571544647 879.86409142613411 3485.8184828162193 78.610427886247635 138.21629033982754 10.294910743832586 17.312340065836906 27.734800964593887 65.629254192113876 35.800176024436951 33.702147632837296 36.090725794434547 23.8568334877491 426.71178665757179 146.78012612462044 26.905771002173424 11.548190817236899 126.82733225822449 25.033004879951477 15.18904021382332 14.849538713693617 97.518772423267365 90.610129550099373 37.088116750121117 126.80349110066891 10.842706844210623 88.348340705037117 247.07360403239727 9.860662490129469 44.154011756181717 177.85312090814114
leaf_count=1876 3662 14268 331 559 42 71 117 276 151 142 145 97 1748 629 116 49 523 106 64 63 396 365 150 513 44 361 1003 40 181 738
internal_value=3.08153e-06 -0.000716883 0.000128821 -0.00251133 -0.00142266 -0.000213682 0.00534519 -0.000183004 0.00882455 0.0151127 -0.00500306 -0.00659466 -9.41599e-05 0.00334952 0.00774634 -0.00225391 -0.000132915 -0.000360102 0.00490603 0.0175392 -0.00537754 -0.00641189 -0.00881693 -0.00461545 0.00493144 -0.00436745 -0.00380041 -0.00565687 0.00304696 0.00257057
internal_weight=7020.44 5777.49 3926.51 1850.98 1289.95 3685.03 241.477 93.3641 148.113 69.5023 561.027 422.811 890.223 1242.95 185.234 38.454 3667.72 3510.85 156.866 30.0386 386.72 352.021 254.502 163.892 34.6995 399.732 389.437 301.088 54.0147 1057.72
internal_count=28826 23632 16112 7520 5251 15095 1017 393 624 293 2269 1710 3624 5194 794 165 15024 14374 650 127 1565 1424 1028 663 141 1627 1585 1224 221 4400
is_linear=0
shrinkage=0.025


Tree=31
num_leaves=31
num_cat=0
split_feature=37 8 31 4 31 0 14 16 32 12 34 19 1 13 33 32 33 13 4 37 19 31 12 12 37 31 37 36 30 12
split_gain=26.2422 10.5857 9.16187 7.29172 7.08626 10.3003 7.19298 8.03613 9.25113 9.0803 9.58638 8.10791 7.40506 7.20517 7.161 7.77571 7.65314 8.67067 7.56188 10.1754 10.672 8.45602 8.27846 9.186 7.21031 7.19834 6.75418 6.63949 9.29648 6.38815
threshold=0.16229414939880374 31.500000000000004 0.19698190689086917 0.016204178333282474 0.039925813674926765 -5.6332154273986808 0.096006143838167204 3.5000000000000004 -0.69992652535438526 38.795000076293952 0.024109244346618656 0.74464204907417308 -0.10436259955167769 4.8411598205566415 -1.0338702797889707 -1.0954489111900327 -1.1089997291564939 -0.17804999649524686 0.0081294327974319475 0.099165678024292006 0.58596059679985057 0.089834690093994155 65.389999389648452 30.599999427795414 0.10432446002960206 0.061177730560302741 0.050489425659179694 4.7093486785888681 -5.5981931686401358 110.23500061035158
decision_type=2 2 2 2 2 2 2 2 2 2 2 2 2 2 2 2 2 2 2 2 2 2 2 2 2 2 2 2 2 2
left_child=1 2 4 -3 5 6 -1 8 13 10 -10 12 26 -8 15 16 17 -6 19 21 24 22 23 -16 -21 -26 29 28 -17 -9
right_child=-2 3 -4 -5 14 -7 7 11 9 -11 -12 -13 -14 -15 18 27 -18 -19 -20 20 -22 -23 -24 -25 25 -27 -28 -29 -30 -31
leaf_value=-0.0066944359526998039 0.0031442785412130491 0.00040771171293773267 0.0076822381783264717 0.010669991167403995 0.020894006533594762 -0.0058505366867610854 -0.0092970521455096964 0.0014343082952677482 -0.0034998058281854589 -0.0041714199527368183 0.013504989260569429 0.014502803970459891 0.014535341058812965 0.0050496008667807197 0.0053023422751285847 0.031185954600982127 -0.011956682471729242 0.00028951133259367455 -0.005707171955543054 0.022679993728023155 -0.0097065721272604401 -0.0089022002222798116 0.0058171318339302266 -0.0065662502208876875 0.016057109937801083 0.0017034485322524051 -0.0035742274974429537 0.00033637131648264128 0.0040851185155242938 0.017027405104855637
leaf_weight=146.40525175631046 1343.2277221083641 2158.539402782917 64.152154967188835 43.192458152770996 11.960512921214102 528.06999978423119 163.99251718819141 253.18657363951206 34.322029501199722 118.00282053649426 49.322099596261978 26.54199106991291 21.595069020986557 24.338286325335503 54.657642513513565 14.441375464200975 30.440913945436478 879.08175203204155 285.18191580474377 15.976742744445799 26.542327255010605 105.49398602545261 85.737750366330147 150.70467129349709 27.825102180242538 93.467896401882172 201.13072285056114 27.980228096246719 17.447054907679558 16.640766113996506
leaf_count=595 5648 8855 268 182 49 2136 664 1029 139 479 201 108 89 99 221 59 124 3592 1159 65 108 430 349 610 114 381 820 114 71 68
internal_value=2.98404e-06 -0.000740338 -0.00159976 0.000614919 -0.00177729 -0.0030013 -0.00156923 -0.00073463 -0.00344374 0.000269278 0.0065389 0.00129853 0.000553991 -0.00741293 -0.000713912 0.000736826 0.000162238 0.000592002 -0.00239941 -0.000704518 0.00451399 -0.00287223 -0.000655426 -0.0033849 0.00733206 0.00512105 -0.000111245 0.00939171 0.0170094 0.00246452
internal_weight=7019.6 5676.37 3474.64 2201.73 3410.49 1583.55 1055.48 909.073 389.978 201.647 83.6441 519.095 492.553 188.331 1826.94 981.352 921.483 891.042 845.588 560.406 163.812 396.594 291.1 205.362 137.27 121.293 470.958 59.8687 31.8884 269.827
internal_count=28826 23178 14141 9037 13873 6427 4291 3696 1582 819 340 2114 2006 763 7446 4009 3765 3641 3437 2278 668 1610 1180 831 560 495 1917 244 130 1097
is_linear=0
shrinkage=0.025


Tree=32
num_leaves=31
num_cat=0
split_feature=31 7 34 0 20 33 1 3 14 4 6 34 31 16 11 4 14 7 29 22 30 9 3 34 4 29 9 4 31 19
split_gain=24.9734 12.92 10.4507 8.13751 7.22902 7.16343 11.1241 7.01592 6.4602 8.07932 6.68625 6.35711 7.58485 6.31656 7.88471 7.30146 10.1678 8.44049 6.19893 6.58365 6.33348 6.94211 7.77322 11.893 6.03875 13.2884 6.86561 7.28456 6.65998 12.3843
threshold=0.12488842010498048 327.37249755859381 0.18438059091567996 -5.6210732460021964 9.5000000000000018 -1.2249113321304319 -1.0345941185951231 -0.0033484101295471187 0.080540537834167494 0.001997768878936768 -0.62156295776367176 0.21385571360588077 0.3619599342346192 1.5000000000000002 1.5000000000000002 0.013418078422546388 0.87689393758773815 731.02700805664074 -5.6339185237884513 1.0000000180025095e-35 -6.9768011569976798 1.5000000000000002 1.0000000180025095e-35 0.017370223999023441 0.010772645473480226 -6.6114225387573233 4.5000000000000009 0.00046294927597045904 0.22505879402160647 0.42740046977996832
decision_type=2 2 2 2 2 2 2 2 2 2 2 2 2 2 2 2 2 2 2 2 2 2 2 2 2 2 2 2 2 2
left_child=1 3 4 18 13 7 -7 -4 -5 10 -10 24 -13 -3 -15 16 -16 -17 19 -1 -21 -22 -23 -24 26 -26 27 -2 29 -29
right_child=11 2 5 8 -6 6 -8 -9 9 -11 -12 12 -14 14 15 17 -18 -19 -20 20 21 22 23 -25 25 -27 -28 28 -30 -31
leaf_value=-0.00039082458334687651 -0.0091518087615340294 -0.0082549570404106126 0.014995782548258736 0.002241027298374386 -0.015859122903911293 -0.012727922340788362 0.0055851727669679304 0.0038699420078858212 -0.0060658941608297831 -0.0043769038797456875 -0.019764483339593842 0.010080831026433923 -0.0022885468718734296 -0.017410342097855074 -0.00026344514149947339 0.0030737122336635943 0.016749316357512284 0.020410015355074012 0.010193096011877061 -0.022771561794147986 0.0024076230776760928 -0.0074167422955297036 -0.020403293681178231 0.0087317776329478604 0.015258285811590134 -0.0044429969125621268 0.0071584209219680874 0.0077728607434856753 -0.0024903555669692438 -5.8677865631316783e-05
leaf_weight=885.36107203364372 33.44547139108181 57.80065855383873 61.17077611386776 66.787665024399757 17.350765854120255 29.465667709708214 63.844938173890114 86.556855902075768 49.097443714737892 382.9407372623682 43.066199913620949 146.26896062493324 38.433765575289726 15.174462944269179 3420.7916973382235 133.321064427495 21.095314726233482 19.437598586082458 27.465354740619659 10.323331490159033 88.299621924757957 244.5975556820631 9.8854425698518735 43.593510895967484 23.804242327809334 154.03082855045795 217.82862734794617 256.01768392324448 124.94629392027855 246.67725005745888
leaf_count=3604 139 236 259 271 71 124 269 365 198 1547 174 629 165 62 14002 552 90 82 112 42 361 992 40 179 100 638 909 1064 525 1025
internal_value=3.44904e-06 -0.000687577 0.000123794 -0.00240861 -0.000206025 0.0051564 -0.000244877 0.00856357 -0.00498421 -0.00600772 -0.0126372 0.0032193 0.00749503 -0.00012699 4.71363e-06 8.37466e-05 -0.000153613 0.0054143 -0.00133791 -0.00159464 -0.0042673 -0.00370893 -0.0055312 0.00302469 0.00246322 -0.00172131 0.00331374 0.00203424 0.0026479 0.0039324
internal_weight=7018.88 5777.43 3926.01 1851.42 3684.97 241.038 93.3106 147.728 541.892 475.104 92.1636 1241.45 184.703 3667.62 3609.82 3594.65 3441.89 152.759 1309.53 1282.06 396.699 386.376 298.077 53.479 1056.75 177.835 878.915 661.087 627.641 502.695
internal_count=28826 23632 16112 7520 15095 1017 393 624 2190 1919 372 5194 794 15024 14788 14726 14092 634 5330 5218 1614 1572 1211 219 4400 738 3662 2753 2614 2089
is_linear=0
shrinkage=0.025


Tree=33
num_leaves=31
num_cat=0
split_feature=37 7 31 9 1 4 4 4 12 23 37 29 11 21 6 7 31 34 37 34 34 31 7 37 32 18 31 8 21 37
split_gain=24.1615 10.0773 8.44413 6.62923 11.7346 10.384 8.71994 7.53302 7.68937 7.26459 6.87572 7.26616 6.49713 6.47867 6.23651 7.47153 7.25224 6.25937 8.2702 6.5301 6.02858 6.1574 5.96143 5.86844 5.98847 9.68581 6.33187 7.20084 10.0069 6.0829
threshold=0.16229414939880374 463.63848876953131 0.19698190689086917 3.5000000000000004 -0.38102059066295618 0.013229608535766603 0.012676358222961428 0.0069791674613952645 70.684997558593764 1.0000000180025095e-35 0.066738605499267592 -5.8023715019226065 9.5000000000000018 4.5000000000000009 -0.7488720417022704 480.51100158691412 0.11517310142517091 0.018507480621337894 0.11047208309173585 0.084942206740379347 0.37053740024566656 0.56534051895141613 512.65048217773449 0.1033841371536255 -0.65872815251350392 21.500000000000004 0.011982202529907228 42.500000000000007 4.5000000000000009 0.040876865386962898
decision_type=2 2 2 2 2 2 2 2 2 2 2 2 2 2 2 2 2 2 2 2 2 2 2 2 2 2 2 2 2 2
left_child=1 2 -1 7 5 6 14 -3 -9 13 11 -7 -6 -10 17 -16 -17 22 23 -20 21 -2 -5 24 25 -19 -27 -28 -29 -30
right_child=20 3 -4 4 12 10 -8 8 9 -11 -12 -13 -14 -15 15 16 -18 18 19 -21 -22 -23 -24 -25 -26 26 27 28 29 -31
leaf_value=-0.0016379929073911986 0.0027407320117995041 0.0070814431060179442 0.0073635672397338427 -0.005929367094996453 0.0015566814480150347 0.001150372444623427 -0.017560985102501318 -0.014374129012400772 -0.019509198937465479 0.014533744441693469 0.0012697466859209491 0.023725575321524358 -0.017878273868053948 0.0014360813756613411 0.0048070298346486445 -0.0020284669758835511 0.0040055271655465149 0.016877877133869217 0.002221625522270568 0.022284725913175457 0.009010383231083767 -0.013176982455169914 0.013655735116500574 -0.017180226919912913 -0.0077715993472151235 -0.014956448396748251 -0.0069424408264336258 0.029421270827331276 0.011243021570325334 -0.0062699102354867855
leaf_weight=3643.2835924178362 1230.4251324683428 193.54997181892395 65.251452848315239 10.983642056584356 15.08628851175308 13.631321117281912 16.400781884789467 20.937171831727028 9.9984470605850202 21.236990556120872 35.557938769459724 26.761604711413383 33.413004472851753 55.876562654972076 143.49044477939606 951.91967716813087 142.03100508451462 24.587290450930595 22.668688595294952 18.203139707446098 96.833264291286469 14.352946281433104 54.42074079811573 11.691282883286474 40.927397072315216 14.665171459317206 32.676128208637238 9.7214320898056013 23.882865145802498 23.620015799999237
leaf_count=14822 5163 799 273 45 62 57 67 86 41 88 149 112 137 231 588 3896 589 101 93 75 425 60 223 48 167 60 134 40 98 97
internal_value=3.28514e-06 -0.000709586 -0.00147699 0.000735323 0.00011554 0.000483586 3.46346e-05 0.00413967 -0.00112364 0.0021597 0.00944643 0.0163794 -0.011873 -0.00194978 0.000236826 -0.000533317 -0.00123983 0.00354438 0.00151464 0.0115357 0.00301965 0.00254476 0.0102893 -0.000775729 0.00043113 0.00308945 -0.000258213 0.00225012 0.00757126 0.00253373
internal_weight=7018.09 5676.47 3708.54 1967.94 1666.34 1617.84 1541.89 301.599 108.049 87.112 75.9509 40.3929 48.4993 65.875 1525.49 1237.44 1093.95 288.048 222.643 40.8718 1341.61 1244.78 65.4044 181.772 170.08 129.153 104.566 89.9004 57.2243 47.5029
internal_count=28826 23178 15095 8083 6838 6639 6321 1245 446 360 318 169 199 272 6254 5073 4485 1181 913 168 5648 5223 268 745 697 530 429 369 235 195
is_linear=0
shrinkage=0.025


Tree=34
num_leaves=31
num_cat=0
split_feature=37 31 7 29 4 4 13 19 10 37 16 37 23 34 37 37 4 30 14 33 15 15 30 29 29 13 29 14 34 30
split_gain=23.2419 10.865 12.0922 7.10358 8.91382 8.17918 7.17541 7.10563 11.7616 7.67441 12.1756 16.5569 8.35683 6.91066 10.6668 6.59921 10.0623 6.59238 6.23831 7.43204 6.237 6.78498 7.42191 9.32793 9.68042 8.13298 7.19363 9.22619 6.24714 6.13214
threshold=0.24837172031402591 0.12488842010498048 327.37249755859381 -6.5423328876495352 0.0032789111137390141 0.011337697505950929 1.6525500416755678 0.79814815521240245 4.5000000000000009 0.068314433097839369 6.5000000000000009 0.053073883056640632 1.0000000180025095e-35 0.18438059091567996 0.22918832302093509 0.18104040622711184 0.0058033466339111337 -6.3732259273529044 0.8834841549396516 0.2532957941293717 6.5000000000000009 2.5000000000000004 -6.0177025794982901 -5.7401151657104483 -5.8430359363555899 3.312330007553101 -5.9530539512634268 0.29099461436271673 0.044413372874259956 -6.3155589103698722
decision_type=2 2 2 2 2 2 2 2 2 2 2 2 2 2 2 2 2 2 2 2 2 2 2 2 2 2 2 2 2 2
left_child=1 2 -1 4 -3 7 -6 8 9 10 11 12 -5 14 18 16 -15 -11 -4 -20 21 22 -19 24 26 -25 27 -24 -23 -2
right_child=29 3 13 5 6 -7 -8 -9 -10 17 -12 -13 -14 15 -16 -17 -18 20 19 -21 -22 28 23 25 -26 -27 -28 -29 -30 -31
leaf_value=-0.0025187585993419435 -0.0016047188675016274 -0.0068519669258458801 -0.00020635676403819221 -0.0060866766839066423 0.0011249989745075659 -0.0048503253607452279 0.021514118560952113 -0.008490403861616461 0.014824081508915884 -0.0094785359748385811 0.0099356732343827067 -0.026093316127407135 0.015180420734009423 0.022072974401867927 -0.0167459205044839 0.00033935644254418388 0 0.010977029269685495 0.024480319706339189 5.7839118924000245e-05 -0.014198254078440387 0.019495814124362146 0.011432808990817805 0.011699327749705488 -0.014920456668494703 0.00079483357973320285 0.011460637199040677 -0.01363091070649064 0.004978967112781822 0.0056547978987635424
leaf_weight=1807.1983034610748 83.289093986153603 14.160587191581724 3605.4771778136492 55.040877923369408 16.213474705815315 106.27732692658901 33.669780001044273 33.253533244132996 49.114084422588348 21.623096004128456 30.960157185792923 22.487457782030106 13.525482907891272 28.870748072862625 23.248675853013992 59.553917437791824 22.608009368181229 63.409115359187126 13.071626260876657 17.912252426147461 10.032310023903845 33.590390786528587 12.741529688239096 67.831236302852631 35.176170811057091 114.68070665001869 25.01587687432766 26.675645172595978 43.276052072644234 527.42073965072632
leaf_count=7330 354 59 14760 227 68 440 141 138 205 90 129 92 56 120 97 250 94 264 56 76 42 140 53 282 146 478 104 111 181 2243
internal_value=3.38822e-06 -0.000440731 -0.000837975 0.00222769 0.0101681 0.00154701 0.0150886 0.00258918 0.00319512 0.00217536 -0.00336075 -0.00796779 -0.00169766 -3.13106e-05 -0.000219142 0.00608412 0.0125493 0.00367264 -0.000108221 0.0108827 0.00435637 0.00483546 0.0033114 0.00154697 -0.00456466 0.00490282 0.00119234 -0.00538484 0.0115238 0.00465965
internal_weight=7017.41 6406.7 5577.94 828.755 64.0438 764.711 49.8833 658.434 625.18 576.066 122.014 91.0538 68.5664 3770.74 3659.71 111.033 51.4788 454.052 3636.46 30.9839 432.429 422.397 345.53 282.121 99.6092 182.512 64.4331 39.4172 76.8664 610.71
internal_count=28826 26229 22783 3446 268 3178 209 2738 2600 2395 504 375 283 15453 14989 464 214 1891 14892 132 1801 1759 1438 1174 414 760 268 164 321 2597
is_linear=0
shrinkage=0.025


Tree=35
num_leaves=31
num_cat=0
split_feature=37 31 7 0 29 4 4 19 10 37 37 16 34 37 15 11 37 4 22 18 19 12 29 15 37 34 12 11 29 18
split_gain=22.1157 10.3396 11.4936 7.09583 6.78141 8.52627 7.78017 6.7617 11.238 7.30453 11.599 9.11259 6.58877 10.1281 6.52277 6.50128 6.3063 9.64692 6.30473 6.45281 10.2238 6.91533 6.12797 6.25422 6.87812 9.57464 7.86728 6.60461 6.35981 6.44626
threshold=0.24837172031402591 0.12488842010498048 327.37249755859381 -5.6210732460021964 -6.5423328876495352 0.0032789111137390141 0.011337697505950929 0.79814815521240245 4.5000000000000009 0.068314433097839369 0.046102523803710944 6.5000000000000009 0.18438059091567996 0.22918832302093509 1.0000000180025095e-35 2.5000000000000004 0.18104040622711184 0.0058033466339111337 1.5000000000000002 14.500000000000002 0.53614982962608349 101.81000137329103 -5.6339185237884513 1.0000000180025095e-35 0.039814233779907234 0.042010843753814704 42.475000381469734 4.5000000000000009 -6.2023437023162833 9.5000000000000018
decision_type=2 2 2 2 2 2 2 2 2 2 2 2 2 2 2 2 2 2 2 2 2 2 2 2 2 2 2 2 2 2
left_child=1 2 3 22 5 -3 7 8 9 10 14 -12 13 -4 -6 -5 17 -14 -11 -20 21 -21 23 24 26 -26 -1 28 -27 -30
right_child=-2 4 12 15 6 -7 -8 -9 -10 18 11 -13 16 -15 -16 -17 -18 -19 19 20 -22 -23 -24 -25 25 27 -28 -29 29 -31
leaf_value=-0.0093844861606549416 0.0045484354007101586 -0.0066836144179180006 -0.0001053059879301867 0 0.016204562829519417 0.014769797421893417 -0.0047261770170301835 -0.0082717843062133228 0.014504529556320781 0.0046043615142998436 -0.02017742017463028 0.0053207682327013339 0.021631533419039686 -0.016291755459224511 -0.0012328136318717812 -0.0064489922199443862 0.00033103701241871174 0 0.011761417506972219 -0.029387212202709137 0.0073830204222653188 -0.0020406756008633873 0.010174369941341205 -0.0026409245357689815 0.011994047763207815 -0.0097192273451114988 0.0044457831829892809 0.011345164192412849 0.020536687690423945 -0.0020538144918437213
leaf_weight=58.994437620043755 610.01973919570446 14.179293394088743 3636.488855689764 129.16314619779587 15.9397706836462 49.727182418107986 106.36742685735226 33.304867759346962 48.965146765112877 405.57092079520226 32.037448540329933 11.243972823023794 28.745416387915611 23.326233640313148 62.830531492829323 401.74140396714211 59.549540162086487 22.608009368181229 10.344916939735411 14.644269585609438 13.413615778088568 9.7443701773881894 26.734147623181343 973.79602470993996 66.768871560692787 44.50997631251812 43.894436866044998 23.676851972937584 9.743983641266821 28.655728995800018
leaf_count=239 2597 59 14892 522 66 209 440 138 205 1690 131 47 120 97 260 1620 250 94 43 61 56 41 109 3955 271 182 178 97 40 117
internal_value=3.59933e-06 -0.000429393 -0.0008168 -0.00245516 0.00217448 0.00994165 0.00150972 0.00252714 0.00311913 0.00212308 -0.00327629 -0.0135263 -3.02644e-05 -0.000213577 0.00242334 -0.00488376 0.00594459 0.0122757 0.00358504 -0.00486943 -0.00967086 -0.0190702 -0.00144032 -0.00169866 0.00161149 0.00464685 -0.00347415 -1.11908e-06 -0.00336771 0.00399085
internal_weight=7016.73 6406.71 5578.4 1807.68 828.314 63.9065 764.407 658.04 624.735 575.77 122.052 43.2814 3770.72 3659.82 78.7703 530.905 110.903 51.3534 453.718 48.1472 37.8023 24.3886 1276.77 1250.04 276.244 173.355 102.889 106.587 82.9097 38.3997
internal_count=28826 26229 22783 7330 3446 268 3178 2738 2600 2395 504 178 15453 14989 326 2142 464 214 1891 201 158 102 5188 5079 1124 707 417 436 339 157
is_linear=0
shrinkage=0.025


Tree=36
num_leaves=31
num_cat=0
split_feature=37 7 31 34 31 9 35 4 4 15 37 29 33 6 19 7 18 19 31 0 32 34 34 19 37 31 10 2 30 30
split_gain=21.2218 8.94321 7.80822 6.35999 7.55548 7.66547 10.2032 9.60362 7.50929 6.23671 7.00802 10.7261 6.05794 7.64605 12.5775 11.1481 8.99574 7.9043 7.63173 7.40653 7.54566 8.16428 7.05001 8.43981 6.97235 7.83731 7.60901 7.17449 8.65302 6.82616
threshold=0.16229414939880374 463.63848876953131 0.19698190689086917 0.27935034036636358 0.23987364768981936 3.5000000000000004 5.5011496543884286 0.013229608535766603 0.012676358222961428 2.5000000000000004 0.089565992355346694 -5.6980104446411124 -1.3387241363525388 -1.050666809082031 0.71307507157325756 337.27949523925787 15.500000000000002 0.70900535583496105 0.0071527957916259774 -7.1050715446472159 -1.3418393731117246 0.093100607395172133 0.070640563964843764 0.55291152000427257 0.033822059631347663 0.016368389129638675 4.5000000000000009 4.2227172851562509 -5.3820803165435782 -5.4749653339385977
decision_type=2 2 2 2 2 2 2 2 2 2 2 2 2 2 2 2 2 2 2 2 2 2 2 2 2 2 2 2 2 2
left_child=1 2 12 4 5 -3 7 8 -7 10 11 -9 19 14 15 22 -16 -15 -17 -1 -21 -22 23 -14 25 -19 27 -26 -29 -28
right_child=-2 3 -4 -5 -6 6 -8 9 -10 -11 -12 -13 13 17 16 18 -18 24 -20 20 21 -23 -24 -25 26 -27 29 28 -30 -31
leaf_value=-0.018552199883580839 0.0028337987877621335 0.0044282379041462802 0.0071241939689971534 0.019868972420357518 -0.016799492495993201 8.4095452541322301e-05 -0.01489381488744148 -0.011345807552646216 -0.016528254373395609 0.016924359826478601 -0.013552288405279759 0.019536642387572131 -0.004345603122927125 -0.0051139740449119165 0.0031652025561377702 0.016730267691382583 -0.020833111557425787 -0.019653245703338741 0.0025766954934754787 -0.00043780462649639201 0.017393727476679301 -0.0045832209147015279 0.0019514755708628523 0.0037193139273641561 -0.012536275491660549 -0.001123473759251098 0.00028010041237487283 -0.00065047931188631867 0.01636149717367321 0.026301467553150409
leaf_weight=12.741038098931311 1339.1094971597195 295.84832020103931 65.102793782949448 9.7650215029716474 14.48101858794689 1530.2766254544258 27.018229991197586 9.9286719560623151 16.195772096514702 33.35482431948185 11.351706415414808 18.967866957187656 552.18503880500793 796.71065601706505 13.310579031705855 25.677308842539787 31.850506514310837 18.332969173789024 237.27611881494522 1391.0888160318136 29.488543808460236 15.395243450999258 226.01374618709087 93.907582938671112 20.013788670301437 56.232769533991814 11.008820146322252 75.177413910627365 23.729469195008278 14.449179649353026
leaf_count=52 5648 1222 273 44 60 6272 111 41 66 141 47 79 2229 3233 54 105 129 74 971 5673 120 63 925 380 81 228 45 305 96 59
internal_value=3.69482e-06 -0.000663835 -0.00138651 0.000697718 0.000590705 0.000730178 6.21378e-05 0.000322136 -9.88339e-05 0.00908341 0.00227201 0.00881742 -0.00154113 -0.00236887 -0.000996188 -0.000473246 -0.0137905 -0.00395897 0.00402641 -0.000284003 -0.000107376 0.0098655 -0.00183588 -0.00316559 0.000236739 -0.00591214 0.0034484 0.00072235 0.00352888 0.0155794
internal_weight=7015.99 5676.88 3709.69 1967.19 1957.42 1942.94 1647.09 1620.08 1546.47 73.6031 40.2482 28.8965 3644.59 2195.88 1180.22 1135.06 45.1611 1015.66 262.953 1448.71 1435.97 44.8838 872.106 646.093 218.944 74.5657 144.379 118.921 98.9069 25.458
internal_count=28826 23178 15095 8083 8039 7979 6757 6646 6338 308 167 120 14822 8914 4793 4610 183 4121 1076 5908 5856 183 3534 2609 888 302 586 482 401 104
is_linear=0
shrinkage=0.025


Tree=37
num_leaves=31
num_cat=0
split_feature=37 31 7 0 29 3 34 12 34 37 11 15 37 4 4 14 1 11 30 4 3 0 30 15 29 15 37 34 12 11
split_gain=20.3936 9.56053 10.4616 6.67917 6.49034 10.7916 8.36559 7.66318 6.18972 9.70356 6.13498 6.12963 6.07697 9.24778 6.02157 5.95386 6.20875 5.8766 5.85263 15.2869 7.43895 5.84114 7.38177 7.22341 5.84109 5.9316 6.51497 9.16104 7.47259 6.293
threshold=0.24837172031402591 0.12488842010498048 327.37249755859381 -5.6210732460021964 -6.6114225387573233 -0.011266797780990599 0.028834283351898197 34.435001373291023 0.18438059091567996 0.22918832302093509 2.5000000000000004 7.5000000000000009 0.18104040622711184 0.0058033466339111337 0.0062218308448791513 0.8834841549396516 0.27308185398578649 1.5000000000000002 -6.3155589103698722 0.0025425255298614506 0.027698203921318058 -5.9811930656433097 -5.549299716949462 1.5000000000000002 -5.6339185237884513 1.0000000180025095e-35 0.039814233779907234 0.042010843753814704 42.475000381469734 4.5000000000000009
decision_type=2 2 2 2 2 2 2 2 2 2 2 2 2 2 2 2 2 2 2 2 2 2 2 2 2 2 2 2 2 2
left_child=1 2 3 24 14 6 -6 -7 9 15 -5 -9 13 -10 -3 17 -17 -4 19 -2 -20 -14 23 -23 25 26 28 -28 -1 -29
right_child=18 4 8 10 5 7 -8 11 12 -11 -12 -13 21 -15 -16 16 -18 -19 20 -21 -22 22 -24 -25 -26 -27 27 29 -30 -31
leaf_value=-0.0090928111031139194 -0.026941527651191805 0.00054002840247034222 -0.014379307326414195 1.9178636255313557e-05 -0.025559606270049873 -0.0061829333786219097 -0.0032168222027963698 0.0034468028395856993 0.021180819452301006 -0.015929277792652515 -0.0062224704664181627 -0.013615609295183248 0.011666753854020558 0 0.017665951577272281 0.023516413076814291 0.00098756138904564799 -0.00012827158696531623 0.0057662398213810234 0.0026931909437292447 -0.015411199160361344 0.0010683597524202588 0.0068746680917856351 -0.026062611859484316 0.0099836382782971089 -0.0025318248607923712 0.01175793922123936 -0.0032630729468061622 0.0043832519608276643 0.011106936186458652
leaf_weight=59.063957542181015 11.794785141944883 22.516247302293777 17.18155038356781 129.16887061297894 13.387556061148642 59.551660105586052 41.151871114969254 648.55483311414719 28.609494283795357 23.386465340852737 401.95347991585732 12.410368368029593 18.333300977945328 22.602945193648338 30.030105382204056 12.5210277736187 18.373977094888687 3588.2444727122784 516.16253100335598 71.378465905785561 9.5831281542777997 10.714241310954096 17.847381085157394 12.613649263978003 26.702378273010254 974.20129725337029 66.68621663749218 82.945865318179131 43.879778891801834 23.636828884482384
leaf_count=239 50 94 70 522 55 246 170 2702 120 97 1620 52 77 94 127 54 78 14690 2202 304 41 45 75 53 109 3955 271 339 178 97
internal_value=3.63759e-06 -0.000411826 -0.00078421 -0.00234695 0.00209322 0.00150579 -0.00910768 0.00232415 -3.36559e-05 -0.000211215 -0.00470262 0.00310258 0.00576226 0.0119882 0.0105213 -0.000105088 0.0106474 -0.000200846 0.00437222 -0.00174975 0.00534695 0.000253421 -0.00492523 -0.0139672 -0.00136242 -0.00161449 0.00160937 0.00456518 -0.00333768 0
internal_weight=7015.19 6406.27 5578.67 1808.24 827.603 775.056 54.5394 720.517 3770.43 3659.71 531.122 660.965 110.721 51.2124 52.5464 3636.32 30.895 3605.43 608.919 83.1733 525.746 59.5086 41.1753 23.3279 1277.12 1250.41 276.213 173.269 102.944 106.583
internal_count=28826 26229 22783 7330 3446 3225 225 3000 15453 14989 2142 2754 464 214 221 14892 132 14760 2597 354 2243 250 173 98 5188 5079 1124 707 417 436
is_linear=0
shrinkage=0.025


Tree=38
num_leaves=31
num_cat=0
split_feature=37 12 14 3 11 3 0 14 12 12 13 3 13 2 31 19 29 13 14 33 33 34 0 2 32 3 13 12 34 37
split_gain=19.4976 9.54418 8.8642 10.569 7.50238 9.63716 10.1333 9.71257 9.52684 8.90737 10.2852 11.4998 10.1685 8.89751 8.39658 9.24718 10.4835 7.75702 7.71628 7.30386 8.5984 7.66172 7.53767 7.54833 10.0717 9.02787 8.2808 7.31975 7.37527 7.165
threshold=0.14759600162506106 66.915000915527358 0.8473193645477296 0.0095915794372558611 4.5000000000000009 -0.0043321326375007621 -5.6291861534118643 0.21778655797243121 48.480001449584968 58.210000991821296 4.3318500518798837 -0.0022702813148498531 3.3706499338150029 6.3767957687377939 0.064738750457763686 0.90098038315773021 -5.3706049919128409 4.3877000808715829 0.053101504221558578 -1.0571743249893186 -1.0338702797889707 0.19617927074432376 -5.0860219001770011 4.4380750656127939 -1.8943431973457334 0.0016221106052398684 1.7899950146675112 69.645000457763686 0.016695797443389896 0.071116209030151381
decision_type=2 2 2 2 2 2 2 2 2 2 2 2 2 2 2 2 2 2 2 2 2 2 2 2 2 2 2 2 2 2
left_child=1 4 19 -4 5 14 8 -8 -7 12 11 -11 -10 -9 15 16 17 18 -1 21 -21 22 23 25 -25 27 -27 28 -3 -26
right_child=-2 2 3 -5 -6 6 7 13 9 10 -12 -13 -14 -15 -16 -17 -18 -19 -20 20 -22 -23 -24 24 29 26 -28 -29 -30 -31
leaf_value=-0.024171685562658276 0.0024705735541597049 -0.0072082552921862069 0.015925395380691539 -0.011310478299589699 -0.00044739761848566046 0.0021863340757928428 -0.0031071182237677143 -0.013774150723774334 -0.021582989661694352 -0.0097252106712839743 -0.019569769031830202 0.013645285353529378 -0.0017240770050753183 0.0097046836502097059 0.0031512920563130931 -0.02079049635046322 0.012933999328061533 0.0031049932115802181 -0.0044478702591170391 -0.012728802720073271 -0.0012860624323730572 0.011240110567544856 0.0086485557920534181 -0.010064749112169407 0.0013994763410320557 0.012709462904979863 0.0012990973039533945 -0.0022987228576606109 0.012032094544554207 0.0075061327028751058
leaf_weight=12.136944249272345 1556.9838547408581 16.414927199482918 41.608382225036621 10.374294146895407 1114.7380585372448 146.91558077931404 115.76311026513577 171.54274627566338 38.509687438607216 20.718299463391304 13.003369614481924 32.362920671701431 28.020383700728416 9.9023837596178037 195.16760765016079 16.769350498914719 25.288765072822571 86.987243667244911 274.67110367119312 42.094732820987701 904.47155439853668 42.270633816719055 69.467300534248352 34.30045348405838 316.95404405891895 43.608687058091164 376.6661139279604 1019.4170029014349 43.048698991537094 194.22724333405495
leaf_count=49 6552 67 175 43 4537 597 470 691 156 84 53 132 114 40 794 68 102 353 1110 172 3698 180 286 140 1295 180 1547 4169 176 796
internal_value=3.47014e-06 -0.000700252 0.000192224 0.0103318 -0.00192378 -0.00330575 -0.00562194 -0.00883149 -0.00218119 -0.00701855 -0.000447363 0.00446609 -0.0134054 -0.0124329 -0.00110981 -0.00311838 -0.00231944 -0.00338983 -0.0053723 1.82796e-05 -0.00181047 0.000822655 0.000607965 0.000329467 0.00284562 -0.00058568 0.00251636 -0.0017976 0.00664808 0.00373475
internal_weight=7014.41 5457.42 3154.92 51.9827 2302.5 1187.76 576.738 297.208 279.53 132.615 66.0846 53.0812 66.5301 181.445 611.021 415.853 399.084 373.795 286.808 3102.94 946.566 2156.38 2114.1 2044.64 545.482 1499.16 420.275 1078.88 59.4636 511.181
internal_count=28826 22274 12924 218 9350 4813 2337 1201 1136 539 269 216 270 731 2476 1682 1614 1512 1159 12706 3870 8836 8656 8370 2231 6139 1727 4412 243 2091
is_linear=0
shrinkage=0.025


Tree=39
num_leaves=31
num_cat=0
split_feature=37 31 7 29 3 34 12 0 13 3 34 9 31 31 31 13 37 14 4 4 33 31 15 37 4 29 15 37 34 12
split_gain=18.8505 8.79104 9.70859 6.21182 9.60864 7.43104 7.23099 6.13782 6.75469 6.18666 6.57909 6.30663 6.48521 6.65411 7.0699 6.3726 5.90549 5.92524 7.85619 6.7591 6.62422 8.70163 5.8262 5.77252 5.62437 5.59008 5.67078 6.17421 8.73226 7.1209
threshold=0.24837172031402591 0.12488842010498048 327.37249755859381 -6.638087034225463 -0.011266797780990599 0.028834283351898197 34.435001373291023 -5.6210732460021964 1.0304499864578249 -0.0050955116748809806 0.0067165493965148934 1.5000000000000002 0.0095217227935791033 0.086463212966918959 0.077079772949218764 3.2954000234603886 0.0035467147827148442 0.8834841549396516 0.014674857258796694 0.021697372198104862 -0.083199687302112565 0.019612789154052738 7.5000000000000009 0.0095678567886352556 0.0062218308448791513 -5.6339185237884513 1.0000000180025095e-35 0.039814233779907234 0.042010843753814704 42.475000381469734
decision_type=2 2 2 2 2 2 2 2 2 2 2 2 2 2 2 2 2 2 2 2 2 2 2 2 2 2 2 2 2 2
left_child=1 2 7 24 5 -5 -6 25 -9 23 -11 -12 -13 14 -14 -15 -4 19 -19 20 -18 -22 -8 -10 -3 26 27 29 -29 -1
right_child=-2 3 16 4 6 -7 22 8 9 10 11 12 13 15 -16 -17 17 18 -20 -21 21 -23 -24 -25 -26 -27 -28 28 -30 -31
leaf_value=-0.0088354772784552046 0.0042072403649557645 0.00075322956433164674 -0.0054570950006174084 -0.02384513823113539 -0.0060401938971217477 -0.0029540684807919863 0.0033108261083715437 0.0053049315960587706 0.01427918937808424 -0.017381578960345645 -0.017244971551869704 -0.013984872634103616 -0.002905323993148154 -0.019270474793963092 0.013277545134068395 0.001416060949238609 8.864011948894072e-05 0.018300730348206905 -0.0071893053431258645 0.013783907019085655 0.0095061557748118697 -0.015425562462871127 -0.013305139722292594 -0.0024116260126815781 0.017639762671311215 0.0097918092415708209 -0.0024573503167740359 0.011500407656603057 0 0.0043176186624539047
leaf_weight=59.124462425708771 607.86833207309246 22.030971139669418 120.29696360230446 13.674110844731329 59.603625535964966 41.390278711915016 649.55927777290344 39.46057040989399 13.659841045737265 33.674277082085609 27.050451055169106 40.557861506938934 209.48697291314602 27.189268246293068 17.31836961209774 13.378339633345602 3549.9236254394054 23.211401268839836 10.167966470122336 21.262854382395744 10.7035716176033 34.710044115781784 12.439258024096487 109.53812970221043 28.233172014355659 26.670222505927086 974.44238033890724 66.590576007962227 106.57934828102589 43.862408950924873
leaf_count=239 2597 92 491 56 246 171 2709 160 55 135 109 163 844 110 70 54 14544 100 43 89 44 142 52 442 120 109 3955 271 436 178
internal_value=3.2393e-06 -0.000395898 -0.000752857 0.0020073 0.00144521 -0.00851931 0.00221978 -0.00225811 -0.0045159 -0.00531805 -0.00693558 -0.00582943 -0.00476596 -0.00331132 -0.0016058 -0.0125184 -2.97249e-05 0.000149913 0.01048 5.10095e-05 -3.3322e-05 -0.00941731 0.00297524 -0.000440796 0.0104462 -0.00131416 -0.00156064 0.0015919 0.00447113 -0.00322184
internal_weight=7013.66 6405.79 5578.86 826.931 776.667 55.0644 721.602 1808.58 531.314 491.854 368.656 334.981 307.931 267.373 226.805 40.5676 3770.28 3649.98 33.3794 3616.6 3595.34 45.4136 661.999 123.198 50.2641 1277.27 1250.6 276.157 173.17 102.987
internal_count=28826 26229 22783 3446 3234 227 3007 7330 2142 1982 1485 1350 1241 1078 914 164 15453 14962 143 14819 14730 186 2761 497 212 5188 5079 1124 707 417
is_linear=0
shrinkage=0.025


Tree=40
num_leaves=31
num_cat=0
split_feature=37 16 20 34 12 29 13 31 19 14 13 12 19 20 14 12 31 32 22 30 31 29 23 4 22 7 12 12 31 31
split_gain=17.9954 8.47777 8.33098 8.16316 9.52657 8.80104 12.5679 7.68176 9.30314 9.2577 8.40612 7.51018 8.04439 9.55823 8.32525 7.84411 9.40313 10.1169 8.06287 7.0672 6.9925 8.07715 6.98093 7.41397 6.85099 10.4207 9.52858 12.4152 10.2173 8.47098
threshold=0.11828911304473878 4.5000000000000009 9.5000000000000018 0.18438059091567996 139.95500183105472 -5.119600534439086 2.6045349836349492 0.14168310165405276 0.27386364340782171 0.077935222536325469 4.8862099647521982 103.064998626709 0.65261757373809826 2.5000000000000004 0.29679679870605474 59.924999237060554 0.054805994033813484 -1.5145055055618284 1.0000000180025095e-35 -4.9912903308868399 0.32827162742614752 -5.9840590953826895 1.5000000000000002 0.0085024535655975359 1.0000000180025095e-35 353.44349670410162 69.645000457763686 65.389999389648452 0.11923384666442872 0.02162265777587891
decision_type=2 2 2 2 2 2 2 2 2 2 2 2 2 2 2 2 2 2 2 2 2 2 2 2 2 2 2 2 2 2
left_child=1 11 3 4 7 20 -7 8 -2 10 -10 12 13 22 15 16 19 18 -18 -14 -5 -22 -1 -24 26 -26 27 28 29 -15
right_child=2 -3 -4 5 -6 6 -8 -9 9 -11 -12 -13 14 24 -16 -17 17 -19 -20 -21 21 -23 23 -25 25 -27 -28 -29 -30 -31
leaf_value=-0.0023433887115909607 0.004591399700557673 0.00016374641881186219 -0.015356615824021456 0.0071293837123221739 0.006679383840414551 0.01503384358043567 -0.011719491254036622 0.0031018347933792251 0.012304266299662511 -0.0027666351240405243 -0.0031835954004802653 0.01116719292037485 -0.0049000475272839156 0.0030361045998363737 -0.017294041622410352 0.0053631127084838616 0.019974468914036689 -0.00058828352982803137 0 0.0088902445069145141 -0.018734950869079944 0.0069896910858243157 0.0078392126880098747 -0.0043012349725466293 -0.01611820934642326 -0.0030264936629067654 -0.0085533293445681606 0.012828796792173289 0.014614236390391253 -0.0077766872449530171
leaf_weight=956.01700079441071 169.57650211453438 2543.6043700128794 16.2870072722435 381.80670848488808 178.13073837757111 14.076719850301741 39.289190948009491 496.27801162004471 50.772019028663635 721.7340794801712 37.018115594983101 26.048260346055031 258.54850994050503 63.301548063755035 15.288952365517614 169.85465826094151 33.503469750285149 105.07881559431553 19.84086212515831 24.478113740682602 13.725045368075373 14.844814568758009 90.176985025405884 46.906082898378372 82.027657359838486 72.118724673986435 168.36132457852364 34.409167543053627 17.812982842326164 151.91686907410622
leaf_count=3878 703 10416 68 1632 745 61 168 2088 209 2975 153 107 1047 256 62 692 137 428 81 100 59 64 367 191 331 295 685 140 73 615
internal_value=3.07612e-06 -0.000833983 0.00191805 0.00205931 0.00123365 0.00498888 -0.00446986 0.000570382 -0.000712043 -0.00183037 0.0057831 -0.0019212 -0.00207466 -0.00297461 0.000339513 0.000812141 -0.000941429 0.0039126 0.0126722 -0.00367146 0.00623286 -0.00549961 -0.00158483 0.00366591 -0.00553842 -0.0100682 -0.00391108 -0.000958372 -0.00305097 -0.00458546
internal_weight=7012.83 4879.29 2133.54 2117.25 1653.51 463.742 53.3659 1475.38 979.101 809.524 87.7901 2335.69 2309.64 1683.05 626.593 611.304 441.45 158.423 53.3443 283.027 410.377 28.5699 1093.1 137.083 589.948 154.146 435.802 267.441 233.031 215.218
internal_count=28826 19901 8925 8857 6873 1984 229 6128 4040 3337 362 9485 9378 6831 2547 2485 1793 646 218 1147 1755 123 4436 558 2395 626 1769 1084 944 871
is_linear=0
shrinkage=0.025


Tree=41
num_leaves=31
num_cat=0
split_feature=37 34 6 8 20 21 12 31 31 19 7 30 29 9 29 33 37 3 13 11 30 3 13 30 7 14 29 31 13 12
split_gain=17.1738 9.09847 9.8233 7.99377 7.84913 7.61209 7.27072 7.76379 13.6906 7.16221 9.529 7.1513 7.14792 6.82327 6.7158 9.46915 6.56339 9.76509 6.52034 10.5467 9.72916 6.50237 7.68248 10.3421 8.51043 8.20155 7.24262 6.77566 6.63563 6.17678
threshold=0.09804940223693849 0.18438059091567996 1.332943916320801 31.500000000000004 9.5000000000000018 3.5000000000000004 139.95500183105472 0.037143230438232429 0.034161090850830085 0.28165064752101904 270.42900085449224 -5.6498179435729972 -4.9544973373413077 10.500000000000002 -5.6823885440826407 -0.36577497422695154 0.10642123222351076 -0.010815709829330443 7.4624099731445321 15.500000000000002 -5.4239730834960929 -0.010962992906570433 5.7283449172973642 -5.9537222385406485 753.97750854492199 0.067424245178699507 -5.9377014636993399 0.14393615722656253 6.1239099502563485 57.364999771118171
decision_type=2 2 2 2 2 2 2 2 2 2 2 2 2 2 2 2 2 2 2 2 2 2 2 2 2 2 2 2 2 2
left_child=3 4 -3 11 6 -4 7 8 9 10 -2 14 13 18 -1 -16 17 -9 21 20 -20 -5 -23 28 25 -25 -27 -28 -24 -22
right_child=1 2 5 12 -6 -7 -8 16 -10 -11 -12 -13 -14 -15 15 -17 -18 -19 19 -21 29 22 23 24 -26 26 27 -29 -30 -31
leaf_value=-0.0012268435230137868 -0.0096433223736578436 0.0054556072158601279 0.001921266050111813 0.0059408617591079705 -0.017864856675180254 -0.026875709281908973 0.0053725271653128018 -0.015432019761757685 -0.017696872297595503 -0.0028048968697627543 0.013592368446224535 -0.0035407385853324386 0.0082626249616811042 -0.016352239054028724 0.00098420890694278008 0.018948067709839651 0.00079453878580931943 0.0086235033464359852 0.012801648485363077 -0.0095146758668347292 -0.0094513649195596683 0.00041012954295463629 -0.0010488629644550471 0.01459440855281326 0.013887650502261054 0.015328961258737624 -0.0040913869309646862 -0.024113847741406298 -0.020062468536626233 0.0075977060554992502
leaf_weight=1655.7893195450306 14.369316935539244 463.8888326138258 11.904530391097071 95.440309941768646 12.8420462757349 9.607999235391615 214.48107969760895 10.556559994816778 33.746521160006523 275.04272589087486 38.43260945379734 953.46911291778088 68.3808633685112 14.667270511388777 74.400010704994202 23.54205097258091 1449.9914682358503 122.11113125085831 85.932217299938202 25.473791837692261 25.50503471493721 940.58474233746529 17.333749398589134 14.417766168713568 18.503256425261497 10.477404266595839 260.09195776283741 10.141075953841208 35.407788753509521 25.569465175271034
leaf_count=6732 59 1986 51 395 53 41 896 43 138 1125 159 3861 282 60 303 96 6022 500 353 105 104 3857 71 59 76 43 1064 42 145 105
internal_value=3.13518e-06 0.00158715 0.00467915 -0.00096281 0.000893026 -0.0114516 0.00101399 0.000529378 -0.0027687 -0.00117533 0.00716092 -0.00179839 0.000408623 6.20177e-05 -0.000848214 0.00547526 0.00128574 0.00658954 0.000227806 0.00495377 0.00771146 -0.000321097 -0.00078448 -0.00385096 -0.00209794 -0.00315212 -0.00412106 -0.00493812 -0.0139959 -0.000886072
internal_weight=7012.1 2656.97 485.401 4355.13 2171.57 21.5125 2158.73 1944.25 361.591 327.845 52.8019 2707.2 1647.93 1579.55 1753.73 97.9421 1582.66 132.668 1564.88 162.481 137.007 1402.4 1306.96 366.373 313.631 295.128 280.71 270.233 52.7415 51.0745
internal_count=28826 11073 2078 17753 8995 92 8942 8046 1481 1343 218 10992 6761 6479 7131 399 6565 543 6419 667 562 5752 5357 1500 1284 1208 1149 1106 216 209
is_linear=0
shrinkage=0.025


Tree=42
num_leaves=31
num_cat=0
split_feature=31 34 34 1 31 19 11 37 35 2 4 13 4 4 4 32 4 14 11 4 34 7 16 2 6 0 34 19 1 29
split_gain=16.6761 9.77294 8.78811 8.52709 12.4964 8.77947 8.62278 8.30946 8.27596 10.3411 8.42406 9.70045 8.05091 8.03225 7.90702 8.8698 7.84171 7.83224 7.81268 7.80731 7.78185 8.69597 7.78095 7.5114 11.5298 11.9359 7.65381 8.48372 7.3776 10.257
threshold=0.12488842010498048 0.070640563964843764 0.072053283452987685 -0.8445531129837035 0.022444248199462894 0.14389234036207202 11.500000000000002 0.077189922332763686 5.0404005050659189 5.3576855659484872 0.004203200340270997 1.1977500319480898 0.00070154666900634776 0.0012716948986053469 0.0002502202987670899 -0.3983433991670608 0.0060772597789764413 0.09175084158778192 10.500000000000002 0.0032789111137390141 0.030553996562957767 385.88700866699224 5.5000000000000009 3.5236729383468632 0.62639760971069347 -5.6071977615356436 0.036946892738342292 0.58434957265853893 -1.7470661997795103 -5.8184421062469474
decision_type=2 2 2 2 2 2 2 2 2 2 2 2 2 2 2 2 2 2 2 2 2 2 2 2 2 2 2 2 2 2
left_child=1 3 22 4 6 -6 7 18 10 16 11 -7 -4 17 15 -5 19 -14 -1 -10 21 -13 -3 24 25 -22 27 -25 -19 -30
right_child=-2 2 12 14 5 8 -8 -9 9 -11 -12 20 13 -15 -16 -17 -18 28 -20 -21 23 -23 -24 26 -26 -27 -28 -29 29 -31
leaf_value=-0.0025949963511376632 0.0026398003652293497 0.018613100854751246 0.006501865917719874 -0.033351153017520951 0.015376176874071787 -0.017228336318013744 -0.014837938936416281 -0.018423742957395906 -0.015818638349828669 0.0059912158599138166 0.0023792500734007185 -0.0037821363996164755 0.011342084770422072 0.00057802199003811688 -0.0027587667794110454 -0.0037940113858349355 -0.015214295251759897 -0.019586472492064438 0.012380177132390917 0.010735968823546171 -0.0055064489941933099 0.0047599020495521088 -0.003243238075885121 -0.00075331432145604466 -0.002186151387396256 -0.043950864663768623 0.00026470396962214839 -0.020216513211981438 0.01174992346198428 -0.0096847788141332346
leaf_weight=683.50208748877048 1234.3019690364599 30.572992712259293 133.07648259401321 10.358063697814943 23.861177086830139 21.890284925699234 36.916425660252571 19.16834157705307 10.066052109003069 32.589497670531273 970.67511612176895 108.84852814674377 12.910754114389418 1733.2805454134941 1152.0216964334249 15.557798922061918 60.989556357264519 27.190639436244965 21.460249990224838 17.437373876571655 10.023829594254495 229.58854740858078 14.37251131236553 30.126849755644798 31.043018728494644 10.287944033741949 231.21765975654125 25.739779397845268 17.598655715584755 54.759494841098785
leaf_count=2776 5194 125 549 42 98 89 151 78 41 132 3966 441 53 7160 4670 63 248 112 88 71 41 940 59 123 127 42 944 105 73 225
internal_value=2.94049e-06 -0.000560359 0.000838938 -0.00131553 -0.000508043 0.000618854 -0.0031952 -0.00257856 0.000412324 -0.00586892 0.000872632 -0.00121709 0.000586335 0.000155186 -0.00307696 -0.0165005 -0.0102828 -0.00628738 -0.00211869 0.000715465 -0.000670942 0.00200219 0.0116511 -0.00334944 -0.012069 -0.0262445 -0.0017445 -0.00996249 -0.00868872 -0.00434833
internal_weight=7011.43 5777.13 2023.76 3753.37 2575.43 1814.39 761.047 724.131 1790.52 121.082 1669.44 698.766 1978.82 1845.74 1177.94 25.9159 88.493 112.46 704.962 27.5034 676.876 338.437 44.9455 338.439 51.3548 20.3118 287.084 55.8666 99.5488 72.3582
internal_count=28826 23632 8356 15276 10501 7408 3093 2942 7310 492 6818 2852 8172 7623 4775 105 360 463 2864 112 2763 1381 184 1382 210 83 1172 228 410 298
is_linear=0
shrinkage=0.025


Tree=43
num_leaves=31
num_cat=0
split_feature=37 11 12 37 1 14 12 4 22 37 34 19 33 33 12 18 37 13 34 19 7 8 4 14 13 30 33 35 3 4
split_gain=16.1392 8.11812 11.3879 8.43058 7.7379 6.84349 6.73772 11.616 6.92396 6.50957 8.88312 8.69358 8.4716 8.07888 7.9887 7.93013 9.09789 9.11681 7.68812 6.98862 8.19482 6.64668 6.41678 7.9265 8.09858 6.78522 6.41306 8.46055 7.11472 7.58257
threshold=0.24837172031402591 4.5000000000000009 127.91499710083009 0.00096678733825683605 1.8862003087997439 0.8473193645477296 67.594997406005874 0.0092264115810394304 1.0000000180025095e-35 0.025285720825195316 0.10440069437026979 0.2152509689331055 -1.3314177989959715 -0.030557941645383831 45.754999160766609 25.500000000000004 0.01982831954956055 3.9385499954223637 0.044896192848682411 0.67799538373947155 332.38301086425787 19.500000000000004 0.016204178333282474 0.35043859481811529 3.3314499855041508 -6.9768011569976798 -0.81343176960945118 5.4669566154479989 0.0045071840286254891 0.0002502202987670899
decision_type=2 2 2 2 2 2 2 2 2 2 2 2 2 2 2 2 2 2 2 2 2 2 2 2 2 2 2 2 2 2
left_child=1 2 9 -3 5 22 -7 8 -8 10 15 12 -11 -13 -14 16 -1 18 -18 20 -12 -20 25 24 -24 -5 27 -27 29 -28
right_child=-2 3 -4 4 -6 6 7 -9 -10 11 19 13 14 -15 -16 -17 17 -19 21 -21 -22 -23 23 -25 -26 26 28 -29 -30 -31
leaf_value=-0.0020090408454823592 0.003899352398907405 -0.011529798539802127 0.013070895445877079 -0.016817997313258459 -0.015017535038085906 0.0014469084356925051 0.028112120300154527 -0.0010520611820453404 0.0046253854199038288 0.019887808166394592 0.010303265553372474 -0.0012160862567220654 0.010447978629584716 -0.010461666908834016 -0.0043073352252062163 -0.013170373011016362 -0.023288802567827799 0.0037298245500625559 -0.01766051058191016 0.020875205960435031 -0.017614953327526779 0.0096690523943155082 0.027033493055168674 -0.00068840949540808312 0.0051204676432166718 0.00059647325133263182 -0.013685193732097815 0.014224635373261818 -0.0073819429142437318 -0.00040923865260255671
leaf_weight=303.0869288444519 605.84986564517021 36.63206085562706 31.302290052175522 13.801975801587103 19.363741591572762 105.74265679717064 24.447920188307762 25.668570548295975 12.397004395723341 20.147480890154839 15.357212096452715 1388.7344486713409 40.182589709758759 60.827543362975121 50.606456264853477 68.989398926496506 36.477824077010155 17.537867322564125 9.8965919762849826 13.347826883196829 9.9707330018281919 10.334388777613638 17.410652637481689 43.450522407889366 26.924665570259094 2941.9491037279367 26.753066048026085 27.772133395075798 115.40255405008793 890.48717449605465
leaf_count=1225 2597 149 130 57 79 435 104 108 52 84 63 5664 165 246 208 281 147 71 40 55 41 42 73 179 113 12085 109 114 470 3640
internal_value=2.39177e-06 -0.000366383 -0.00165103 0.000249688 0.00035348 0.000427232 0.00535432 0.0117976 0.0206068 -0.00188381 -0.00441242 -0.00109401 0.00561537 -0.00161272 0.0022387 -0.00541382 -0.00395799 -0.0117483 -0.01656 0.00692608 -0.000843828 -0.0037844 0.000223365 0.00687149 0.0141874 7.57524e-05 0.000138821 0.000729508 -0.00155655 -0.000813662
internal_weight=7010.85 6405 2076.8 4328.2 4291.57 4272.21 168.256 62.5135 36.8449 2045.5 484.999 1560.5 110.937 1449.56 90.789 446.323 377.334 74.2467 56.7088 38.6758 25.3279 20.231 4103.95 87.7858 44.3353 4016.17 4002.36 2969.72 1032.64 917.24
internal_count=28826 26229 8462 17767 17618 17539 699 264 156 8332 1965 6367 457 5910 373 1806 1525 300 229 159 104 82 16840 365 186 16475 16418 12199 4219 3749
is_linear=0
shrinkage=0.025


Tree=44
num_leaves=31
num_cat=0
split_feature=31 7 20 37 4 31 7 4 14 23 29 36 37 9 31 31 14 14 15 31 29 13 3 13 6 20 14 31 7 31
split_gain=15.3762 8.1577 8.08501 6.06102 9.011 10.0575 8.54626 7.49893 8.01444 8.4991 7.97269 7.79967 7.49668 8.15633 7.17821 6.90635 9.13387 11.7686 6.45588 6.36638 6.49142 6.08997 7.35852 6.19667 5.88176 8.45112 6.34201 5.76211 10.1303 7.5893
threshold=0.12488842010498048 327.37249755859381 9.5000000000000018 0.069674730300903334 0.00070154666900634776 0.11131691932678224 369.38250732421881 0.0014021992683410647 0.57294833660125744 2.5000000000000004 -5.4195082187652579 4.7725346088409433 0.067558288574218764 3.5000000000000004 0.045164108276367194 0.019612789154052738 0.25760369002819067 0.096006143838167204 1.0000000180025095e-35 0.093545675277709975 -5.6121504306793204 3.4489599466323857 -0.0033484101295471187 5.998159885406495 -0.95453476905822743 5.5000000000000009 0.19139194488525393 0.024616003036499027 707.28149414062511 0.030219793319702152
decision_type=2 2 2 2 2 2 2 2 2 2 2 2 2 2 2 2 2 2 2 2 2 2 2 2 2 2 2 2 2 2
left_child=1 -1 3 12 15 7 -7 14 19 10 -10 -12 27 -14 -6 -5 17 -17 -16 -9 -21 -22 -23 -24 -8 26 -26 -3 29 -29
right_child=-2 2 -4 4 5 6 24 8 9 -11 11 -13 13 -15 18 16 -18 -19 -20 20 21 22 23 -25 25 -27 -28 28 -30 -31
leaf_value=-0.0019046030629861202 0.0025359178654436642 -0.0022520020589560526 -0.015538213785587236 0.019180569127170009 -0.011785359670179192 0.011532162646170071 -0.020302457171823371 0.0004991400969151374 0.011579168015259452 -0.013814873113547739 0.0091039948546697436 -0.02007403561939573 0.0039459607890941174 -0.01717579737135495 -0.012135244142119207 0.017996696757620723 0.010534688672922341 -0.012034301141428878 0.0050542432976092375 0.0098542351699694303 0.014546854191708817 -0.017685562774176829 -0.0068102230796080535 0.013962565170772327 0.0012989520486093279 0.0098866500224259815 -0.014633576989658045 0.0052865076927393305 0.0084705150212644308 -0.00080539677163926268
leaf_weight=1853.6236917823553 1233.0726465731859 737.04877288639545 19.532574132084846 25.00452946126461 50.131819128990173 14.044135630130766 20.752455994486809 1110.9573532193899 115.3510754108429 10.052516952157019 11.012976586818697 9.9376989454030973 16.400988563895226 33.291312977671623 17.463299170136452 9.9305688440799695 63.372490555047989 31.083646893501282 51.318546175956726 96.906739860773087 12.478051513433455 16.222387745976448 19.580688640475273 14.871600717306135 22.674338266253471 16.791905850172043 46.286475643515587 143.66041976213455 91.751148000359535 1095.5537510216236
leaf_count=7520 5194 3004 80 103 206 58 86 4580 484 42 46 41 67 136 72 41 262 128 212 401 52 67 81 62 94 70 192 587 378 4480
internal_value=2.41523e-06 -0.000538253 0.000106957 0.000189834 0.00126255 0.000762392 -0.00615761 0.00131067 0.00181871 0.00734191 0.00900972 -0.00490635 -0.000713958 -0.0102149 -0.00468865 0.00759281 0.00463772 -0.00444826 0.000542749 0.00117549 0.0058222 -0.000383073 -0.00431814 0.00222691 -0.00859907 -0.00553661 -0.00941553 -0.000479624 0.000500942 -9.34616e-05
internal_weight=7010.16 5777.09 3923.46 3903.93 1786.23 1656.83 120.549 1536.28 1417.37 146.354 136.302 20.9507 2117.71 49.6923 118.914 129.391 104.387 41.0142 68.7818 1271.02 160.059 63.1527 50.6747 34.4523 106.505 85.7527 68.9608 2068.01 1330.97 1239.21
internal_count=28826 23632 16112 16032 7380 6846 500 6346 5856 613 571 87 8652 203 490 534 431 169 284 5243 663 262 210 143 442 356 286 8449 5445 5067
is_linear=0
shrinkage=0.025


Tree=45
num_leaves=31
num_cat=0
split_feature=37 11 37 33 19 1 32 0 33 3 21 31 18 22 9 18 10 9 31 29 14 0 1 34 0 30 31 31 4 33
split_gain=14.9568 7.55468 7.99154 7.74611 14.2508 7.32994 7.3292 10.3779 10.6929 9.27629 10.2903 10.2765 7.71834 6.97723 7.31498 7.26958 6.73602 7.92766 7.60325 6.61783 6.51932 7.50169 6.51499 6.96998 6.29906 6.50745 7.06785 8.78673 6.27721 6.22213
threshold=0.24837172031402591 4.5000000000000009 0.00096678733825683605 -1.4430563449859617 0.2152509689331055 1.8862003087997439 -1.8623825907707212 -6.9704885482788077 -1.9309048056602476 0.00062483549118042003 2.5000000000000004 0.14624214172363284 17.500000000000004 1.0000000180025095e-35 2.5000000000000004 27.500000000000004 2.5000000000000004 3.5000000000000004 0.029815912246704105 -6.5622901916503897 0.8473193645477296 -7.1050715446472159 -1.5982743501663206 0.06034433841705323 -6.1325569152832022 -5.8191680908203116 0.025037050247192386 0.056039333343505866 0.0023744404315948491 -2.5974824428558345
decision_type=2 2 2 2 2 2 2 2 2 2 2 2 2 2 2 2 2 2 2 2 2 2 2 2 2 2 2 2 2 2
left_child=1 3 -3 4 -1 20 7 -6 16 10 11 13 -10 -8 -15 22 17 18 -9 -20 21 -4 23 -16 -22 -26 -27 -28 -18 -30
right_child=-2 2 5 -5 6 -7 9 8 12 -11 -12 -13 -14 14 15 -17 28 -19 19 -21 24 -23 -24 -25 25 26 27 -29 29 -31
leaf_value=0.019168924585194227 0.0037570164639616254 -0.011218791122542914 -0.019643722689534852 -0.0028648183367255809 -0.024035669960227744 -0.014603609232249785 -8.8159176893684766e-05 -0.0099693322161897129 0.0014646552497353145 0.010923486262129405 0.0072563013213981665 0.017642811268289385 -0.017036513127072297 -0.020544650707712941 -0.016424348358082774 -0.019666904602470631 -0.003928741876342577 -0.017699217355638078 0.01664047594572558 -0.00068528160669841648 0.010630216132179007 0.00027418825001440916 0.010568184962182231 0.007211718098281944 -0.0062211348027435068 0.023556624553671104 -0.014141660617465072 0.0099258063641896668 0.015653044544649369 0.0029000023403291117
leaf_weight=23.14764316380024 604.91567254066467 36.682917386293411 10.849805429577826 1224.4670435190201 12.701437905430792 19.400275319814682 141.50816811621189 44.527061119675636 20.054317504167557 61.775353461503983 98.395846024155617 14.184710547327994 43.517474487423897 24.027099564671516 18.762047216296196 14.199945122003554 57.255759611725807 21.710749879479408 15.963174641132353 71.813024207949638 74.070017755031586 4092.6003003269434 20.698003485798839 11.954181626439093 42.72251196205616 11.165548756718634 13.400670811533926 26.668742626905441 30.435949519276619 106.01795144379139
leaf_count=97 2597 149 45 4973 52 79 575 181 82 253 403 59 178 97 76 58 234 89 66 295 312 16795 84 49 176 46 55 110 126 435
internal_value=2.37531e-06 -0.000352388 0.000242006 -0.0015915 0.000235363 0.000343159 -0.000312421 -0.00261018 -0.00188577 0.00208448 0.000461598 -0.00227179 -0.0112291 -0.00357537 -0.00899102 -0.00447779 -0.000143123 -0.00403808 -0.0016616 0.00258941 0.000415032 0.000216142 0 -0.00720946 0.00522738 0.000874716 0.00684531 0.00166755 0.00294566 0.00585593
internal_weight=7009.59 6404.68 4327.56 2077.12 852.65 4290.88 829.502 423.997 411.295 405.505 343.73 245.334 63.5718 231.149 89.6413 65.6142 347.724 154.014 132.303 87.7762 4271.48 4103.45 51.4142 30.7162 168.027 93.9575 51.235 40.0694 193.71 136.454
internal_count=28826 26229 17767 8462 3489 17618 3392 1738 1686 1654 1401 998 260 939 364 267 1426 631 542 361 17539 16840 209 125 699 387 211 165 795 561
is_linear=0
shrinkage=0.025


end of trees

feature_importances:
Column_37=134
Column_34=133
Column_31=116
Column_4=84
Column_7=70
Column_12=70
Column_14=69
Column_3=63
Column_13=59
Column_29=56
Column_19=54
Column_0=49
Column_32=38
Column_33=38
Column_1=37
Column_30=36
Column_36=33
Column_15=25
Column_35=23
Column_9=21
Column_11=20
Column_8=19
Column_2=18
Column_6=18
Column_18=18
Column_16=16
Column_21=16
Column_20=15
Column_22=12
Column_23=9
Column_10=7
Column_24=4

parameters:
[boosting: gbdt]
[objective: binary]
[metric: binary_logloss]
[tree_learner: serial]
[device_type: cpu]
[data_sample_strategy: bagging]
[data: ]
[valid: ]
[num_iterations: 1500]
[learning_rate: 0.025]
[num_leaves: 31]
[num_threads: 16]
[seed: 44]
[deterministic: 0]
[force_col_wise: 0]
[force_row_wise: 0]
[histogram_pool_size: -1]
[max_depth: -1]
[min_data_in_leaf: 40]
[min_sum_hessian_in_leaf: 0.001]
[bagging_fraction: 0.85]
[pos_bagging_fraction: 1]
[neg_bagging_fraction: 1]
[bagging_freq: 0]
[bagging_seed: 21897]
[bagging_by_query: 0]
[feature_fraction: 0.85]
[feature_fraction_bynode: 1]
[feature_fraction_seed: 12646]
[extra_trees: 0]
[extra_seed: 20733]
[early_stopping_round: 0]
[early_stopping_min_delta: 0]
[first_metric_only: 0]
[max_delta_step: 0]
[lambda_l1: 0.1]
[lambda_l2: 1]
[linear_lambda: 0]
[min_gain_to_split: 0]
[drop_rate: 0.1]
[max_drop: 50]
[skip_drop: 0.5]
[xgboost_dart_mode: 0]
[uniform_drop: 0]
[drop_seed: 20829]
[top_rate: 0.2]
[other_rate: 0.1]
[min_data_per_group: 100]
[max_cat_threshold: 32]
[cat_l2: 10]
[cat_smooth: 10]
[max_cat_to_onehot: 4]
[top_k: 20]
[monotone_constraints: ]
[monotone_constraints_method: basic]
[monotone_penalty: 0]
[feature_contri: ]
[forcedsplits_filename: ]
[refit_decay_rate: 0.9]
[cegb_tradeoff: 1]
[cegb_penalty_split: 0]
[cegb_penalty_feature_lazy: ]
[cegb_penalty_feature_coupled: ]
[path_smooth: 0]
[interaction_constraints: ]
[verbosity: -1]
[saved_feature_importance_type: 0]
[use_quantized_grad: 0]
[num_grad_quant_bins: 4]
[quant_train_renew_leaf: 0]
[stochastic_rounding: 1]
[linear_tree: 0]
[max_bin: 255]
[max_bin_by_feature: ]
[min_data_in_bin: 3]
[bin_construct_sample_cnt: 200000]
[data_random_seed: 182]
[is_enable_sparse: 1]
[enable_bundle: 1]
[use_missing: 1]
[zero_as_missing: 0]
[feature_pre_filter: 1]
[pre_partition: 0]
[two_round: 0]
[header: 0]
[label_column: ]
[weight_column: ]
[group_column: ]
[ignore_column: ]
[categorical_feature: ]
[forcedbins_filename: ]
[precise_float_parser: 0]
[parser_config_file: ]
[objective_seed: 3944]
[num_class: 1]
[is_unbalance: 0]
[scale_pos_weight: 1]
[sigmoid: 1]
[boost_from_average: 1]
[reg_sqrt: 0]
[alpha: 0.9]
[fair_c: 1]
[poisson_max_delta_step: 0.7]
[tweedie_variance_power: 1.5]
[lambdarank_truncation_level: 30]
[lambdarank_norm: 1]
[label_gain: ]
[lambdarank_position_bias_regularization: 0]
[eval_at: ]
[multi_error_top_k: 1]
[auc_mu_weights: ]
[num_machines: 1]
[local_listen_port: 12400]
[time_out: 120]
[machine_list_filename: ]
[machines: ]
[gpu_platform_id: -1]
[gpu_device_id: -1]
[gpu_use_dp: 0]
[num_gpu: 1]

end of parameters

pandas_categorical:null
