tree
version=v4
num_class=1
num_tree_per_iteration=1
label_index=0
max_feature_idx=37
objective=huber
feature_names=Column_0 Column_1 Column_2 Column_3 Column_4 Column_5 Column_6 Column_7 Column_8 Column_9 Column_10 Column_11 Column_12 Column_13 Column_14 Column_15 Column_16 Column_17 Column_18 Column_19 Column_20 Column_21 Column_22 Column_23 Column_24 Column_25 Column_26 Column_27 Column_28 Column_29 Column_30 Column_31 Column_32 Column_33 Column_34 Column_35 Column_36 Column_37
feature_infos=[-9.8662471771240234:-2.825068473815918] [-5.7732772827148438:2.3123266696929932] [0.40953189134597778:9.8690023422241211] [-0.087202787399291992:0.07667851448059082] [0:0.087202787399291992] [0:1] [-5.8690023422241211:3.590468168258667] [200.14599609375:999.31597900390625] [10:78] [0:16] [0:16] [0:51] [0:506.1300048828125] [-14.098799705505371:23.219699859619141] [0:1] [0:23] [0:31] none [0:90] [0:1] [0:20] [0:31] [0:14] [0:32] [0:10] none none none none [-10.232488632202148:-3.0533092021942139] [-9.8462705612182617:-3.7526729106903076] [0:2.1525182723999023] [-5.3456020355224609:2.379694938659668] [-5.6888055801391602:2.2449395656585693] [6.7949295043945312e-06:2.230104923248291] [0.22810754179954529:10.269994735717773] [1.4622870683670044:9.6290626525878906] [1.0013580322265625e-05:3.5471277236938477]
tree_sizes=2981 3002 2939 2939 2981 2954 2951 3038 2967 2944 2949 2999 2958 3049 2965 2943 2956 2904 2963 2908 2972 2908 2967 2849 2851 2963 2877 2924 2970 2961 2856 2916 2901 2904 2971 2925 2985 2902 2931 2925 2974 2887 2931 3021 2832 2893 2853 2937 2894 2872 2938

Tree=0
num_leaves=31
num_cat=0
split_feature=31 35 31 0 33 35 12 0 4 33 1 34 15 16 19 21 31 12 1 12 8 37 36 19 19 1 12 19 37 12
split_gain=0.0434377 0.0161965 0.0123902 0.00905903 0.00870372 0.00816977 0.00750371 0.0075265 0.00743696 0.00386311 0.00374076 0.00369264 0.00588525 0.00424512 0.0035498 0.00197129 0.00266532 0.00193368 0.0020462 0.00251632 0.0018005 0.00166811 0.00180253 0.00175154 0.00240446 0.00153422 0.00149944 0.00445778 0.00142389 0.00135658
threshold=0.56534051895141613 2.3317277431488042 0.23987364768981936 -7.1050715446472159 -1.6442639231681822 5.566326618194581 222.84999847412112 -5.1923835277557364 0.011726319789886476 -0.057590804994106286 -1.7470661997795103 0.09004759788513185 4.5000000000000009 2.5000000000000004 0.22305141389369967 10.500000000000002 0.11517310142517091 95.294998168945327 -0.32137960195541376 168.09999847412112 31.500000000000004 0.21474933624267581 4.3238375186920175 0.33072917163372045 0.2299679517745972 -2.0330446958541866 124.75000000000001 0.37602458894252783 0.13529872894287112 143.41500091552737
decision_type=2 2 2 2 2 2 2 2 2 2 2 2 2 2 2 2 2 2 2 2 2 2 2 2 2 2 2 2 2 2
left_child=1 8 3 5 -2 -3 7 10 -1 25 21 -4 13 -13 17 16 -8 -12 19 29 -15 22 -5 24 -23 -9 27 -22 -16 -19
right_child=4 2 11 6 -6 -7 15 9 -10 -11 14 12 -14 20 28 -17 -18 18 -20 -21 26 23 -24 -25 -26 -27 -28 -29 -30 -31
leaf_value=0.0060153936036328398 0.0067454814401532006 0.0063940121550253278 0.006014800620509398 0.0059905665359168544 0.006212810138702533 0.00602122783904713 0.0062223118641733166 0.0060901185986339135 0.0065171817612246245 0.0061337023590007011 0.0059948739519594101 0.0063015382692405905 0.0063978771624206392 0.0060038979456687831 0.0059706262273012027 0.0060319012072754452 0.0059974822165011687 0.0060713982346385182 0.0059842997273561859 0.0059974822165011687 0.0063651762203887951 0.0059974822165011687 0.0060344791382088824 0.0060123963057924857 0.0062078835257126201 0.0060109988881973777 0.0059983404605216603 0.0060287892854974231 0.0059904729563905728 0.0062415627413211433
leaf_weight=45 52 64 400 4575 60 123 129 184 53 212 1737 59 49 258 13188 227 50 217 164 130 48 55 665 543 80 2053 86 90 3166 64
leaf_count=45 52 64 400 4575 60 123 129 184 53 212 1737 59 49 258 13188 227 50 217 164 130 48 55 665 543 80 2053 86 90 3166 64
internal_value=0.00599748 0.00599556 0.00599437 0.00599117 0.00648668 0.00616354 0.00598989 0.00598821 0.00631453 0.00602969 0.00598397 0.00608104 0.00612162 0.00609129 0.00597846 0.00609592 0.00616257 0.00600669 0.00604665 0.00607757 0.00605981 0.00600094 0.00599662 0.0060379 0.00612124 0.00601866 0.00611277 0.00616558 0.00597431 0.00611975
internal_weight=28826 28714 28616 27626 112 187 27439 27033 98 2449 24584 990 590 541 18666 406 179 2312 575 411 482 5918 5240 678 135 2237 224 138 16354 281
internal_count=28826 28714 28616 27626 112 187 27439 27033 98 2449 24584 990 590 541 18666 406 179 2312 575 411 482 5918 5240 678 135 2237 224 138 16354 281
is_linear=0
shrinkage=1


Tree=1
num_leaves=31
num_cat=0
split_feature=31 35 31 2 0 35 29 12 4 32 29 37 33 13 21 16 13 31 34 0 11 33 13 7 32 2 31 0 32 29
split_gain=0.0414186 0.0154692 0.0118832 0.00883934 0.0086508 0.00774083 0.00735233 0.00714325 0.00701564 0.00398204 0.00380856 0.00476981 0.00283934 0.00271334 0.0030328 0.00259396 0.00238771 0.00230512 0.00179428 0.0015806 0.00148553 0.00132983 0.00132532 0.00199498 0.00196543 0.00166213 0.00130349 0.00125368 0.00121342 0.00116474
threshold=0.56534051895141613 2.3317277431488042 0.23987364768981936 3.9332489967346196 -7.1050715446472159 5.566326618194581 -5.2323460578918448 222.84999847412112 0.011726319789886476 -1.7757591009140012 -5.3203954696655265 0.50420641899108898 -0.057590804994106286 2.6045349836349492 6.5000000000000009 12.500000000000002 1.3703500032424929 0.11517310142517091 0.07941842079162599 -6.373072385787963 13.500000000000002 -1.5952280759811399 3.8279999494552617 629.73449707031261 -2.2750103473663326 4.307934284210206 0.027219057083129886 -5.1704349517822257 -1.0347045660018919 -5.9897727966308585
decision_type=2 2 2 2 2 2 2 2 2 2 2 2 2 2 2 2 2 2 2 2 2 2 2 2 2 2 2 2 2 2
left_child=1 8 4 -2 5 -3 7 9 -1 18 13 21 22 14 -4 17 26 -9 19 -6 -18 -12 28 24 -24 -26 -11 -14 -8 -15
right_child=3 2 10 -5 6 -7 12 15 -10 16 11 -13 27 29 -16 -17 20 -19 -20 -21 -22 -23 23 -25 25 -27 -28 -29 -30 -31
leaf_value=1.7473339337258312e-05 0.00021231766835539713 0.00038676919024314537 5.9082686613556316e-05 0.00074720700868341483 3.5129314945190047e-05 2.3156772524910802e-05 7.7488257924612929e-05 0.00022411611936070934 0.00050694765387258184 -2.8108644637105227e-05 0 0.00040550292439058054 0 6.6581395980180102e-05 0.00028741873499504373 1.9417137825776166e-05 -2.4021046629267846e-05 0 2.3459874960615123e-05 -1.2899463457576681e-05 9.5569729984667616e-06 0.00014862800080628208 0.00016089443974723089 5.8431897267540761e-05 -2.8203932824787711e-05 3.8537058188045528e-05 1.9286046937703722e-05 0.00014227631521245192 1.1539049539327832e-05 -1.4691450575965443e-05
leaf_weight=45 62 64 255 50 479 123 440 126 53 458 64 51 50 153 56 213 15937 55 2027 3071 758 101 40 376 1054 274 1421 195 465 310
leaf_count=45 62 64 255 50 479 123 440 126 53 458 64 51 50 153 56 213 15937 55 2027 3071 758 101 40 376 1054 274 1421 195 465 310
internal_value=0 -1.8383e-06 -3.00401e-06 0.000477731 -6.13924e-06 0.000162295 -7.38412e-06 -1.19011e-05 0.000309888 -1.37156e-05 8.18799e-05 0.000179495 3.00533e-05 5.12162e-05 0.000109 9.27459e-05 -1.93039e-05 0.000164722 4.44811e-06 -5.70687e-06 -2.23463e-05 9.25563e-05 2.13274e-05 6.85848e-06 -5.52285e-06 -1.25338e-05 6.39515e-06 0.000113768 4.64123e-05 6.86313e-06
internal_weight=28826 28714 28616 112 27626 187 27439 24545 98 24151 990 216 2894 774 311 394 18574 181 5577 3550 16695 165 2649 1744 1368 1328 1879 245 905 463
internal_count=28826 28714 28616 112 27626 187 27439 24545 98 24151 990 216 2894 774 311 394 18574 181 5577 3550 16695 165 2649 1744 1368 1328 1879 245 905 463
is_linear=0
shrinkage=0.025


Tree=2
num_leaves=31
num_cat=0
split_feature=31 35 31 33 0 35 29 12 4 32 29 37 30 32 10 16 13 31 34 30 33 21 13 9 4 31 13 12 14 32
split_gain=0.039496 0.0147756 0.011347 0.00845663 0.00826072 0.00733346 0.00701746 0.00682697 0.00661612 0.00378709 0.0036224 0.004504 0.00420637 0.00484985 0.00281981 0.00245743 0.00228915 0.00217284 0.0017046 0.00222423 0.00126334 0.00124031 0.00121742 0.00150858 0.00176579 0.0011669 0.00161712 0.00121134 0.00114967 0.00206758
threshold=0.56534051895141613 2.3317277431488042 0.23987364768981936 -1.6442639231681822 -7.1050715446472159 5.566326618194581 -5.2323460578918448 222.84999847412112 0.011726319789886476 -1.7757591009140012 -5.3203954696655265 0.50420641899108898 -6.3602342605590811 -0.95216369628906239 1.5000000000000002 12.500000000000002 0.47955000400543218 0.11517310142517091 0.07941842079162599 -6.6533205509185782 -1.5952280759811399 6.5000000000000009 5.5953500270843515 4.5000000000000009 0.0052077770233154306 0.072181701660156264 1.2847999930381777 155.31000518798831 0.58898946642875682 -1.3875130414962766
decision_type=2 2 2 2 2 2 2 2 2 2 2 2 2 2 2 2 2 2 2 2 2 2 2 2 2 2 2 2 2 2
left_child=1 8 4 -2 5 -3 7 9 -1 18 12 20 13 -4 -8 17 -11 -9 19 -6 -12 28 -23 24 -24 27 -27 -21 -18 -30
right_child=3 2 10 -5 6 -7 14 15 -10 16 11 -13 -14 -15 -16 -17 21 -19 -20 25 -22 22 23 -25 -26 26 -28 -29 29 -31
leaf_value=1.7046002163703592e-05 0.0007204073756677319 0.00037724873375890851 0.00031480772822711469 0.00019735866401833103 8.1869233972556809e-05 2.2582520586213157e-05 8.891982056105604e-05 0.0002185573264478438 0.00049450865269776568 2.3352981534167802e-05 0 0.00039556030106793451 2.0206668138816228e-05 0 1.7611828631357294e-05 1.8933977358909238e-05 -2.5025027924610752e-05 0 2.2873669253046251e-05 -2.5953745801644641e-05 0.00014494872929907276 -7.9292240705288125e-06 0.00025580641294445106 0 0 0.00013106479925299359 0 7.4492715542543353e-05 8.9555084704788762e-05 -1.1699788450737361e-05
leaf_weight=45 52 64 73 60 166 123 442 126 53 717 64 51 651 50 2452 213 14321 55 2027 2120 101 588 42 131 50 62 1137 65 128 2597
leaf_count=45 52 64 73 60 166 123 442 126 53 717 64 51 651 50 2452 213 14321 55 2027 2120 101 588 42 131 50 62 1137 65 128 2597
internal_value=0 -1.75148e-06 -2.89273e-06 0.000466553 -5.95838e-06 0.000158624 -7.17688e-06 -1.15916e-05 0.000302905 -1.33675e-05 8.00513e-05 0.000175383 5.00293e-05 0.000186274 2.93932e-05 9.06969e-05 -1.8818e-05 0.000160843 4.33711e-06 -5.54643e-06 9.02956e-05 -2.06525e-05 7.31511e-06 5.85276e-05 0.000135606 -1.0596e-05 7.71985e-06 -2.17893e-05 -2.21301e-05 -5.99539e-06
internal_weight=28826 28714 28616 112 27626 187 27439 24545 98 24151 990 216 774 123 2894 394 18574 181 5577 3550 165 17857 811 223 92 3384 1199 2185 17046 2725
internal_count=28826 28714 28616 112 27626 187 27439 24545 98 24151 990 216 774 123 2894 394 18574 181 5577 3550 165 17857 811 223 92 3384 1199 2185 17046 2725
is_linear=0
shrinkage=0.025


Tree=3
num_leaves=31
num_cat=0
split_feature=31 35 31 2 0 35 29 12 4 29 37 1 19 19 16 31 0 33 12 12 12 1 34 11 37 19 19 36 3 37
split_gain=0.0376639 0.0141143 0.0108342 0.00858338 0.00788884 0.00694659 0.00667275 0.00652423 0.00623731 0.00344588 0.00425185 0.00335428 0.00350928 0.00296613 0.00232777 0.0020475 0.00187428 0.00240561 0.00216852 0.00178831 0.00182071 0.00229096 0.00170585 0.00192632 0.00161023 0.00188412 0.00230142 0.00167953 0.00139228 0.0012266
threshold=0.56534051895141613 2.3317277431488042 0.23987364768981936 3.9332489967346196 -7.1050715446472159 5.566326618194581 -5.2323460578918448 222.84999847412112 0.011726319789886476 -5.3203954696655265 0.50420641899108898 -1.7470661997795103 0.22305141389369967 0.32495285570621496 12.500000000000002 0.11517310142517091 -6.4545204639434806 -1.0642279982566831 188.45499420166018 97.444999694824233 168.09999847412112 -0.32137960195541376 0.033675432205200202 9.5000000000000018 0.21474933624267581 0.33072917163372045 0.2299679517745972 4.3238375186920175 -9.0420246124267565e-05 0.059670209884643562
decision_type=2 2 2 2 2 2 2 2 2 2 2 2 2 2 2 2 2 2 2 2 2 2 2 2 2 2 2 2 2 2
left_child=1 8 4 -2 5 -3 7 11 -1 16 -11 24 19 28 15 -9 17 -4 -18 -13 21 22 -21 -24 27 26 -26 -6 -8 -14
right_child=3 2 9 -5 6 -7 13 14 -10 10 -12 12 29 -15 -16 -17 18 -19 -20 20 -22 -23 23 -25 25 -27 -28 -29 -30 -31
leaf_value=1.6629117377780621e-05 0.00019476620277615326 0.00036796260297370075 0.00025799200507753997 0.00071995353830667838 -7.0558299235857594e-06 2.2022507643757102e-05 0 0.00021313642606429761 0.00048237486996825915 8.8090762469345289e-05 0.00038586146701653404 -1.1050918636498181e-06 -3.0049149308768311e-05 1.5742888268990896e-05 1.8462834842832191e-05 0 1.1612149709583394e-05 0 0.00019799843207811532 0 -7.7182675952274281e-06 0 5.7720865486771806e-05 0.00025318039787493443 0 1.3601916461500829e-05 0.00021402471071362532 3.532926965233271e-05 0.00010798641682432091 -1.5216459277626882e-05
leaf_weight=45 62 64 59 50 4520 123 118 126 53 165 51 1748 7690 2390 213 55 620 50 45 58 162 118 119 89 53 534 77 665 386 8318
leaf_count=45 62 64 59 50 4520 123 118 126 53 165 51 1748 7690 2390 213 55 620 50 45 58 162 118 119 89 53 534 77 665 386 8318
internal_value=3.94051e-08 -1.66645e-06 -2.78384e-06 0.000455645 -5.78138e-06 0.000155044 -6.97415e-06 -1.12809e-05 0.000296093 7.82615e-05 0.000171373 -1.30191e-05 -1.83067e-05 2.86809e-05 8.86987e-05 0.00015706 4.88636e-05 0.000150456 2.82569e-05 9.8593e-06 4.94697e-05 8.00467e-05 0.000120839 0.000154128 3.09895e-06 3.9848e-05 0.000127648 -1.13192e-06 8.49305e-05 -2.24995e-05
internal_weight=28826 28714 28616 112 27626 187 27439 24545 98 990 216 24151 18302 2894 394 181 774 109 665 2294 546 384 266 208 5849 664 130 5185 504 16008
internal_count=28826 28714 28616 112 27626 187 27439 24545 98 990 216 24151 18302 2894 394 181 774 109 665 2294 546 384 266 208 5849 664 130 5185 504 16008
is_linear=0
shrinkage=0.025


Tree=4
num_leaves=31
num_cat=0
split_feature=31 35 31 33 0 35 29 12 4 32 19 34 29 14 19 30 16 31 37 33 35 4 3 33 13 13 37 2 37 36
split_gain=0.0359203 0.0134845 0.0103712 0.00821406 0.00753538 0.00657921 0.00635218 0.00623724 0.00587816 0.00345468 0.00353767 0.00338374 0.00321785 0.00575457 0.00281937 0.00271606 0.00220463 0.00192874 0.00159576 0.00156552 0.00154787 0.00151985 0.00131645 0.00127334 0.00118483 0.00182081 0.00142298 0.00116312 0.00110477 0.00106459
threshold=0.56534051895141613 2.3317277431488042 0.23987364768981936 -1.6442639231681822 -7.1050715446472159 5.566326618194581 -5.2323460578918448 222.84999847412112 0.011726319789886476 -1.7757591009140012 0.23240589350461963 0.09004759788513185 -5.3558819293975821 0.36266924440860754 0.32495285570621496 -6.3602342605590811 12.500000000000002 0.11517310142517091 0.15294921398162845 -1.7284188866615293 5.0604505538940439 0.0017853379249572756 -9.0420246124267565e-05 -1.0410637259483335 4.4492099285125741 12.290899753570558 0.099165678024292006 4.307934284210206 0.13529872894287112 3.011186003684998
decision_type=2 2 2 2 2 2 2 2 2 2 2 2 2 2 2 2 2 2 2 2 2 2 2 2 2 2 2 2 2 2
left_child=1 8 4 -2 5 -3 7 9 -1 18 20 -4 15 19 22 -13 17 -9 -6 -14 21 -11 -8 -23 -16 27 -27 29 -12 -26
right_child=3 2 11 -5 6 -7 14 16 -10 10 28 12 13 -15 24 -17 -18 -19 -20 -21 -22 23 -24 -25 25 26 -28 -29 -30 -31
leaf_value=1.6222423298092072e-05 0.00069399602531086441 0.00035890506561666447 1.3101857872320385e-05 0.0001803980683623985 -2.3258878085415271e-06 2.1476383682907439e-05 0 0.00020784996587417125 0.00047053881813082155 0.00016217501205312447 -2.5466971405480282e-05 0.00021667010024467435 -4.442527743976378e-06 0.0004103296886717614 3.4570258194977018e-05 3.3303471408132727e-05 1.8003424485409893e-05 0 2.9707474780453768e-05 0.00015406617669998078 0 0 0.00010529372958653742 8.6303467938598599e-05 4.5940807684939815e-05 3.1077063190615497e-06 0.00016617723133425567 3.4549398999388363e-05 -7.6076137247904054e-06 -3.8158437364298305e-05
leaf_weight=45 52 64 400 60 4363 123 118 126 53 72 13032 72 40 64 1090 357 213 55 1214 57 1960 263 386 135 80 141 65 207 3112 807
leaf_count=45 52 64 400 60 4363 123 118 126 53 72 13032 72 40 64 1090 357 213 55 1214 57 1960 263 386 135 80 141 65 207 3112 807
internal_value=7.39207e-08 -1.58994e-06 -2.68409e-06 0.000445009 -5.61874e-06 0.000151553 -6.78648e-06 -1.09904e-05 0.000289448 -1.26919e-05 -1.78993e-05 7.6608e-05 0.000115338 0.000218674 2.7996e-05 7.03246e-05 8.67501e-05 0.000153371 4.20301e-06 6.38132e-05 9.50781e-06 5.0205e-05 8.2867e-05 2.33278e-05 1.53495e-05 0 6.71932e-05 -1.36297e-05 -2.21798e-05 -2.77149e-05
internal_weight=28826 28714 28616 112 27626 187 27439 24545 98 24151 18574 990 590 161 2894 429 394 181 5577 97 2430 470 504 398 2390 1300 206 1094 16144 887
internal_count=28826 28714 28616 112 27626 187 27439 24545 98 24151 18574 990 590 161 2894 429 394 181 5577 97 2430 470 504 398 2390 1300 206 1094 16144 887
is_linear=0
shrinkage=0.025


Tree=5
num_leaves=31
num_cat=0
split_feature=31 35 31 2 0 35 29 12 4 32 34 15 16 33 16 31 8 18 12 14 34 30 30 32 7 7 32 31 12 31
split_gain=0.0342585 0.0128837 0.00990524 0.00833246 0.0071979 0.00623035 0.00606882 0.00596384 0.0055377 0.00328343 0.0032192 0.00532832 0.00396838 0.00247738 0.0020877 0.00181623 0.00176274 0.00253005 0.00462664 0.00176212 0.00155968 0.00208319 0.00151574 0.00121723 0.00128059 0.00159207 0.00115131 0.0010884 0.00115603 0.00107834
threshold=0.56534051895141613 2.3317277431488042 0.23987364768981936 3.9332489967346196 -7.1050715446472159 5.566326618194581 -5.2323460578918448 222.84999847412112 0.011726319789886476 -1.7757591009140012 0.09004759788513185 4.5000000000000009 2.5000000000000004 -0.057590804994106286 12.500000000000002 0.11517310142517091 31.500000000000004 26.500000000000004 104.13499832153322 0.31339286267757421 0.07941842079162599 -6.6533205509185782 -5.1476287841796866 -2.0630974769592281 660.95098876953136 323.45050048828131 -1.5971124172210691 0.072181701660156264 155.31000518798831 0.11263585090637208
decision_type=2 2 2 2 2 2 2 2 2 2 2 2 2 2 2 2 2 2 2 2 2 2 2 2 2 2 2 2 2 2
left_child=1 8 4 -2 5 -3 7 9 -1 20 -4 12 -12 23 15 -9 -14 18 -18 -11 21 -6 -15 -8 25 -25 -26 28 -23 -28
right_child=3 2 10 -5 6 -7 13 14 -10 19 11 -13 16 22 -16 -17 17 -19 -20 -21 -22 27 -24 24 26 -27 29 -29 -30 -31
leaf_value=1.5825681368131999e-05 0.00017819885165423215 0.00035007048885409654 1.2775127253047926e-05 0.00069385788356175553 7.9203162068905368e-05 2.0943805143507498e-05 7.9598672022100571e-05 0.0002026946360271586 0.00045899321152656172 -2.6794769179382606e-05 0.00028599583974573762 0.00037534173338208353 0 0 1.7555440582523217e-05 0 0.00035521420469211245 0 1.4246859107298561e-06 -1.0566054296823121e-05 2.18312308863064e-05 -2.5163078407715334e-05 0.00014246568999894135 4.6682208887887102e-05 -9.1520461352990432e-06 -5.2054023046230902e-06 0.00011381480423999515 7.3826516867522219e-06 7.2841436587182357e-05 0
leaf_weight=45 62 64 400 50 166 123 208 126 53 7726 59 49 258 64 213 55 54 104 66 10848 2027 2120 181 457 53 1674 196 1199 65 61
leaf_count=45 62 64 400 50 166 123 208 126 53 7726 59 49 258 64 213 55 54 104 66 10848 2027 2120 181 457 53 1674 196 1199 65 61
internal_value=1.09395e-07 -1.51349e-06 -2.58494e-06 0.000434631 -5.45488e-06 0.000148147 -6.59816e-06 -1.0709e-05 0.000282966 -1.23749e-05 7.49028e-05 0.0001127 8.36508e-05 2.7395e-05 8.48499e-05 0.000149774 5.31656e-05 0.00010471 0.000182911 -1.74522e-05 4.08686e-06 -5.3442e-06 0.000105665 1.91754e-05 1.29725e-05 4.76614e-06 6.1149e-05 -1.02523e-05 -2.1072e-05 8.5316e-05
internal_weight=28826 28714 28616 112 27626 187 27439 24545 98 24151 990 590 541 2894 394 181 482 224 120 18574 5577 3550 245 2649 2441 2131 310 3384 2185 257
internal_count=28826 28714 28616 112 27626 187 27439 24545 98 24151 990 590 541 2894 394 181 482 224 120 18574 5577 3550 245 2649 2441 2131 310 3384 2185 257
is_linear=0
shrinkage=0.025


Tree=6
num_leaves=31
num_cat=0
split_feature=31 35 31 33 30 12 29 4 32 34 29 37 30 1 32 19 10 1 32 30 37 1 12 12 15 19 21 7 22 36
split_gain=0.0326757 0.0123107 0.00949998 0.00797617 0.00688435 0.00593299 0.00613743 0.00521499 0.00429877 0.0032934 0.00308479 0.00389298 0.00377184 0.00446149 0.00298623 0.00310476 0.0024554 0.00171074 0.0018075 0.0016582 0.00161411 0.00154385 0.00143445 0.00206947 0.00108231 0.00161369 0.00107569 0.00107086 0.00120344 0.00102359
threshold=0.56534051895141613 2.3317277431488042 0.23987364768981936 -1.6442639231681822 -6.9768011569976798 222.84999847412112 -5.2323460578918448 0.011726319789886476 -1.6988896727561948 0.055165767669677741 -5.3203954696655265 0.50420641899108898 -6.3602342605590811 -0.97810032963752735 -1.7757591009140012 0.23240589350461963 1.5000000000000002 -0.21292718499898908 -1.4708189964294431 -5.0355007648468009 0.21474933624267581 -0.32137960195541376 95.294998168945327 168.09999847412112 3.5000000000000004 0.38013136386871343 6.5000000000000009 258.27900695800787 1.0000000180025095e-35 4.3157382011413583
decision_type=2 2 2 2 2 2 2 2 2 2 2 2 2 2 2 2 2 2 2 2 2 2 2 2 2 2 2 2 2 2
left_child=1 7 4 -2 8 6 14 -1 9 -3 12 19 13 -4 20 21 -8 18 -7 -12 29 22 -16 -24 -14 -26 27 28 -17 -6
right_child=3 2 10 -5 5 17 16 -9 -10 -11 11 -13 24 -15 15 26 -18 -19 -20 -21 -22 -23 23 -25 25 -27 -28 -29 -30 -31
leaf_value=1.5438634857317714e-05 0.00066871081800683272 0.00044162234924620067 0.00029758484288027538 0.00016439469378979756 -5.6553237097032239e-06 1.7163230393661433e-05 8.149211455348608e-05 0.00044773086765349882 2.5943942652609981e-05 8.4189634924448063e-05 0 0.00036712279158774229 0 0 8.3727681241664362e-07 -1.6498218842563679e-05 1.4893002050989052e-05 0 0.00015969093665464445 0.00017582889513848216 4.1280302816536275e-05 -6.5669446942821089e-06 0.00010306676946389155 0 0.00021112982318819771 0 8.8931520928911474e-06 -2.4867447374204001e-05 3.0051225692279584e-05 2.9451758435705162e-05
leaf_weight=45 52 40 73 60 4342 136 442 53 186 67 97 51 566 50 532 1228 2440 62 206 68 624 1414 307 131 41 44 594 13823 470 582
leaf_count=45 52 40 73 60 4342 136 442 53 186 67 97 51 566 50 532 1228 2440 62 206 68 624 1414 307 131 41 44 594 13823 470 582
internal_value=1.46272e-07 -1.43664e-06 -2.48596e-06 0.000424511 -5.29837e-06 -6.6789e-06 -8.19196e-06 0.000276643 0.000114568 0.000243809 7.33979e-05 0.000161676 4.53595e-05 0.000174244 -1.23946e-05 -1.72418e-05 2.59989e-05 8.77736e-05 0.000110517 8.12855e-05 3.31762e-06 8.64764e-06 3.3385e-05 6.71312e-05 1.69437e-05 0.000100211 -2.12272e-05 -2.25415e-05 -2.13195e-06 -9.93035e-07
internal_weight=28826 28714 28616 112 27626 27333 26929 98 293 107 990 216 774 123 24047 18499 2882 404 342 165 5548 2384 970 438 651 85 16115 15521 1698 4924
internal_count=28826 28714 28616 112 27626 27333 26929 98 293 107 990 216 774 123 24047 18499 2882 404 342 165 5548 2384 970 438 651 85 16115 15521 1698 4924
is_linear=0
shrinkage=0.025


Tree=7
num_leaves=31
num_cat=0
split_feature=31 35 31 6 30 12 29 4 32 34 34 15 16 32 33 13 8 34 13 21 31 32 31 13 13 6 37 30 11 3
split_gain=0.0311678 0.0117646 0.00909595 0.0080867 0.00659604 0.00564246 0.00584115 0.00490913 0.00409448 0.00308893 0.00301867 0.00495675 0.0037373 0.00284021 0.00237055 0.00200575 0.00168992 0.00157475 0.0015528 0.00141589 0.00178711 0.0012695 0.00120277 0.00116606 0.00161031 0.00173166 0.00135472 0.00114267 0.00113301 0.00107554
threshold=0.56534051895141613 2.3317277431488042 0.23987364768981936 0.067686438560485854 -6.9768011569976798 222.84999847412112 -5.2323460578918448 0.011726319789886476 -1.6988896727561948 0.055165767669677741 0.09004759788513185 4.5000000000000009 2.5000000000000004 -1.7757591009140012 -0.27808722853660578 0.47955000400543218 31.500000000000004 0.07941842079162599 2.8184999227523808 9.5000000000000018 0.11517310142517091 -2.0630974769592281 0.016745090484619144 12.290899753570558 4.4492099285125741 -0.30583739280700678 0.099165678024292006 -6.6533205509185782 13.500000000000002 -0.0098629593849182112
decision_type=2 2 2 2 2 2 2 2 2 2 2 2 2 2 2 2 2 2 2 2 2 2 2 2 2 2 2 2 2 2
left_child=1 7 4 -2 8 6 13 -1 9 -3 -4 12 -12 17 21 22 -14 27 -18 20 -7 -8 -15 24 -23 -26 -25 -6 -17 -19
right_child=3 2 10 -5 5 19 14 -9 -10 -11 11 -13 16 15 -16 28 18 29 -20 -21 -22 23 -24 26 25 -27 -28 -29 -30 -31
leaf_value=1.5061065819084075e-05 0.00066886685568355391 0.00043085106659862332 1.1519148091659069e-05 0.00016256544848031824 5.8502283992359146e-05 0.00021072068627360681 7.5881344787420444e-05 0.00043674486939346909 2.5298810400330854e-05 8.21158417260021e-05 0.00027668826557540648 0.00036222579497843983 0 -5.3602054696205226e-05 8.223305847691699e-05 -1.9909447045326506e-05 0.00025973264568431373 0.00010317019846692313 5.153408913237572e-05 3.6765570073419864e-05 0 2.4925280674349379e-05 3.762575139285952e-05 3.9020295802661812e-06 4.2934963000197271e-05 -3.5826012986204701e-05 0.00016937792940492123 -9.9221890970936126e-06 9.0857680095759153e-06 1.5300734611468206e-05
leaf_weight=45 50 40 400 62 151 103 205 53 186 67 59 49 258 85 412 17031 40 105 184 259 42 1015 619 139 193 859 59 3384 764 1908
leaf_count=45 50 40 400 62 151 103 205 53 186 67 59 49 258 85 412 17031 40 105 184 259 42 1015 619 139 193 859 59 3384 764 1908
internal_value=1.78887e-07 -1.36504e-06 -2.39278e-06 0.000414636 -5.14659e-06 -6.49977e-06 -7.97743e-06 0.000270475 0.000112176 0.000238415 7.18576e-05 0.000108446 8.02221e-05 -1.20791e-05 2.53714e-05 -1.6807e-05 5.04743e-05 3.23498e-06 0.000100813 8.55989e-05 0.000154853 1.48457e-05 2.30045e-05 8.18714e-06 1.37481e-06 -1.89753e-05 6.63767e-05 -6.27666e-06 -1.85237e-05 2.11744e-05
internal_weight=28826 28714 28616 112 27626 27333 26929 98 293 107 990 590 541 24047 2882 18499 482 5548 224 404 145 2470 704 2265 2067 1052 198 3535 17795 2013
internal_count=28826 28714 28616 112 27626 27333 26929 98 293 107 990 590 541 24047 2882 18499 482 5548 224 404 145 2470 704 2265 2067 1052 198 3535 17795 2013
is_linear=0
shrinkage=0.025


Tree=8
num_leaves=31
num_cat=0
split_feature=31 35 31 33 0 35 29 12 14 29 7 30 1 32 19 19 34 16 29 35 31 37 3 37 14 13 7 36 37 34
split_gain=0.0297301 0.0112426 0.00871332 0.00774305 0.00637381 0.00557885 0.00525419 0.00515802 0.0036866 0.00291234 0.00365231 0.0035817 0.00425138 0.00283206 0.00311198 0.00247018 0.00204282 0.0018794 0.00176889 0.00172643 0.00169057 0.00138811 0.00121998 0.00105801 0.00155622 0.00102951 0.00184095 0.0020156 0.00101704 0.000994339
threshold=0.56534051895141613 2.3317277431488042 0.23987364768981936 -1.6442639231681822 -7.1050715446472159 5.566326618194581 -5.2323460578918448 222.84999847412112 0.15075758099555972 -5.3203954696655265 467.44049072265631 -6.3602342605590811 -0.97810032963752735 -1.7757591009140012 0.22305141389369967 0.32495285570621496 0.22742259502410891 12.500000000000002 -5.6209676265716544 4.9270200729370126 0.11792969703674318 0.15294921398162845 -9.0420246124267565e-05 0.10642123222351076 0.16064515709877017 2.6045349836349492 320.37550354003912 4.7645044326782235 0.059670209884643562 0.033675432205200202
decision_type=2 2 2 2 2 2 2 2 2 2 2 2 2 2 2 2 2 2 2 2 2 2 2 2 2 2 2 2 2 2
left_child=1 8 4 -2 5 -3 7 13 -1 11 -11 12 -4 21 19 22 -12 18 20 -15 -9 -6 -8 -17 -25 26 -13 -28 -16 -23
right_child=3 2 9 -5 6 -7 15 17 -10 10 16 25 -14 14 28 23 -18 -19 -20 -21 -22 29 -24 24 -26 -27 27 -29 -30 -31
leaf_value=0.00046505016342895792 0.00064449987866265586 0.00033065606825626818 0.00028896737088133882 0.00014929967768276571 -2.2459608756592761e-06 1.806364329094058e-05 0 0.00024477056194276278 7.8209230352698243e-05 1.5394614210526924e-05 0.00012191293955789638 0 0 6.3828985274393254e-05 -2.6929867540698838e-05 2.2909363810388053e-07 0.00042775265619552348 1.4549271943345208e-05 0 2.6511520138338897e-07 0 -2.9258104693707862e-05 9.8450117205313699e-05 9.9314827129461214e-05 1.1991133801537533e-05 -3.0589469152548998e-06 5.4241763562550889e-06 0.00024570388556897362 -1.3467595079531451e-05 3.6336631406834971e-05
leaf_weight=40 52 64 73 60 4363 123 118 95 58 99 76 107 50 324 7798 1591 41 213 45 1979 41 123 386 201 598 414 78 52 8473 1091
leaf_count=40 52 64 73 60 4363 123 118 95 58 99 76 107 50 324 7798 1591 41 213 45 1979 41 123 386 201 598 414 78 52 8473 1091
internal_value=2.22915e-07 -1.28295e-06 -2.28959e-06 0.000405007 -4.98673e-06 0.000139535 -6.06781e-06 -9.89807e-06 0.000264459 7.03805e-05 0.000156186 4.30383e-05 0.000168534 -1.14537e-05 -1.61713e-05 2.55465e-05 0.000252991 7.89187e-05 0.000140436 1.03166e-05 0.000185122 3.80965e-06 7.69271e-05 1.36382e-05 3.71804e-05 1.52707e-05 5.76721e-05 0.000121762 -2.00744e-05 2.76145e-05
internal_weight=28826 28714 28616 112 27626 187 27439 24545 98 990 216 774 123 24151 18574 2894 117 394 181 2303 136 5577 504 2390 799 651 237 130 16271 1214
internal_count=28826 28714 28616 112 27626 187 27439 24545 98 990 216 774 123 24151 18574 2894 117 394 181 2303 136 5577 504 2390 799 651 237 130 16271 1214
is_linear=0
shrinkage=0.025


Tree=9
num_leaves=31
num_cat=0
split_feature=31 35 31 2 30 29 13 4 32 21 34 34 15 19 20 19 18 34 30 34 19 32 19 3 33 0 8 4 29 11
split_gain=0.0283616 0.0107482 0.00832619 0.00784619 0.00609089 0.0050979 0.0048034 0.00462697 0.00371035 0.00299796 0.00292427 0.00283133 0.00460725 0.00269722 0.0024845 0.00234186 0.00219199 0.00211667 0.0022142 0.00194292 0.00237461 0.00125623 0.00122402 0.00115542 0.00109882 0.00133858 0.00109014 0.0010806 0.00107176 0.00107051
threshold=0.56534051895141613 2.3317277431488042 0.23987364768981936 3.9332489967346196 -6.9768011569976798 -5.2323460578918448 0.81999999284744274 0.011726319789886476 -1.6988896727561948 8.5000000000000018 0.055165767669677741 0.09004759788513185 4.5000000000000009 0.74464204907417308 1.5000000000000002 0.32495285570621496 11.500000000000002 0.075671911239624037 -6.6533205509185782 0.31423330307006841 0.27149876952171331 -1.7859714627265928 0.20169491320848468 -9.0420246124267565e-05 -1.1881322264671323 -5.6251280307769767 30.500000000000004 0.0073550045490264901 -5.6209676265716544 13.500000000000002
decision_type=2 2 2 2 2 2 2 2 2 2 2 2 2 2 2 2 2 2 2 2 2 2 2 2 2 2 2 2 2 2
left_child=1 7 4 -2 8 6 16 -1 10 17 -3 -4 13 14 19 23 -6 18 -8 20 -13 -19 26 -7 25 -11 -23 -16 -18 -20
right_child=3 2 11 -5 5 15 9 -9 -10 24 -12 12 -14 -15 27 -17 28 21 29 -21 -22 22 -24 -25 -26 -27 -28 -29 -30 -31
leaf_value=9.6264042709346664e-06 0.00014781828766452181 0.00041526319711787126 1.0229314374920701e-05 0.00064492983024512583 5.0702599221954898e-06 0 4.2910790319183436e-05 0.00041963209130766767 2.4391407015965938e-05 0.0001074798248561463 7.5477292404470709e-05 0.00033970847673117535 0.0003493699638813269 0.00026356012881139989 5.3363069287391258e-05 1.3350717772474706e-05 8.8683777139522132e-05 1.3661000850650756e-05 -2.2349361477923338e-05 0 2.1689791649987455e-05 0 -1.413417579798508e-05 9.5995226489152592e-05 0 0 6.7718816173243035e-05 -3.0040572962172543e-05 0 1.6120688334010489e-05
leaf_weight=45 62 40 400 50 864 118 319 53 186 226 67 47 49 50 197 2390 465 1977 14339 41 49 476 4795 386 165 88 210 157 125 390
leaf_count=45 62 40 400 50 864 118 319 53 186 226 67 47 49 50 197 2390 465 1977 14339 41 49 476 4795 386 165 88 210 157 125 390
internal_value=2.528e-07 -1.21597e-06 -2.20217e-06 0.00039561 -4.84065e-06 -6.14444e-06 -9.93338e-06 0.000258616 0.000107889 -1.28004e-05 0.000228317 6.88327e-05 0.000104249 7.68316e-05 5.22381e-05 2.49809e-05 3.36486e-05 -1.42044e-05 -1.96329e-05 0.00014407 0.000205057 -2.91489e-06 -9.35126e-06 7.50459e-05 4.78475e-05 7.52914e-05 2.04132e-05 9.35064e-06 7.11895e-05 -2.116e-05
internal_weight=28826 28714 28616 112 27626 27333 24439 98 293 22985 107 990 590 541 491 2894 1454 22506 15048 137 96 7458 5481 504 479 314 686 354 590 14729
internal_count=28826 28714 28616 112 27626 27333 24439 98 293 22985 107 990 590 541 491 2894 1454 22506 15048 137 96 7458 5481 504 479 314 686 354 590 14729
is_linear=0
shrinkage=0.025


Tree=10
num_leaves=31
num_cat=0
split_feature=37 35 0 7 29 29 12 29 4 14 14 2 37 3 19 32 16 7 30 11 7 12 30 37 6 0 4 15 35 36
split_gain=0.0276348 0.00993708 0.00765975 0.00693641 0.0105509 0.00672656 0.00642098 0.00644245 0.00543283 0.00509302 0.00396317 0.00355589 0.00306857 0.00261135 0.00217413 0.00195137 0.00181167 0.00171475 0.00169997 0.00169104 0.00144424 0.00126741 0.00191245 0.0039043 0.00144392 0.00122821 0.00179373 0.00233609 0.00113174 0.00111739
threshold=0.6805403232574464 2.3317277431488042 -7.1050715446472159 293.34350585937506 -5.3425772190093985 -6.0053641796112052 222.84999847412112 -5.306304693222045 0.011726319789886476 0.70900535583496105 0.63762626051902782 3.2949680089950566 0.13529872894287112 -0.0043782591819763175 0.20169491320848468 -1.464401066303253 8.5000000000000018 323.45050048828131 -6.550485134124755 2.5000000000000004 579.30349731445324 85.594997406005874 -5.9646279811859122 0.35825586318969732 -1.1441578865051267 -5.3973309993743888 0.010269641876220705 1.0000000180025095e-35 4.1151394844055185 4.6936275959014901
decision_type=2 2 2 2 2 2 2 2 2 2 2 2 2 2 2 2 2 2 2 2 2 2 2 2 2 2 2 2 2 2
left_child=1 8 9 -2 5 -5 7 12 -1 -3 11 13 14 -9 -4 25 18 -13 -16 -15 -19 -17 23 24 -23 26 -14 -28 -22 -30
right_child=3 2 6 4 -6 -7 -8 10 -10 -11 -12 17 15 19 16 21 -18 20 -20 -21 28 22 -24 -25 -26 -27 27 -29 29 -31
leaf_value=0 0 0.00026653752750620979 1.3826543503417855e-05 0.00038795943923066671 0.00059624976173541702 0 9.1179226204449271e-05 0.00024091348433827637 0.00045423333882354204 0 0.00012058658453215863 3.943204332674307e-05 1.6578878111332101e-05 0.00018586986661454111 1.7174419461142e-05 -1.9407671981161998e-05 1.8931510691872318e-05 -1.5988791420263837e-05 -2.1745659848064547e-05 2.8591965394096594e-05 0 -1.528579448794127e-05 -8.0154591574508593e-06 0.00023547506764192477 8.0072181597296596e-05 -3.9180290310192689e-05 0.00019539747287497996 2.970604741753357e-05 0.00011428514117748516 0
leaf_weight=41 41 108 1353 46 70 67 433 58 45 108 254 698 1968 57 662 2072 718 1863 15312 522 368 223 834 65 146 157 92 248 143 54
leaf_count=41 41 108 1353 46 70 67 433 58 45 108 254 698 1968 57 662 2072 718 1863 15312 522 368 223 834 65 146 157 92 248 143 54
internal_value=2.88064e-07 -1.79605e-06 -2.69668e-06 0.00027634 0.000341966 0.000158667 -3.91715e-06 -5.4877e-06 0.000264696 0.000144969 2.36077e-05 1.63672e-05 -1.04938e-05 7.04513e-05 -1.56141e-05 4.99225e-06 -1.81509e-05 4.52768e-06 -1.99753e-05 4.86794e-05 -4.48947e-06 -6.89526e-06 1.158e-05 5.49148e-05 1.58016e-05 2.21095e-05 2.73766e-05 8.23131e-05 2.8972e-05 7.72778e-05
internal_weight=28826 28602 28516 224 183 113 28300 27867 86 216 4017 3763 23850 637 18045 5805 16692 3126 15974 579 2428 3340 1268 434 369 2465 2308 340 565 197
internal_count=28826 28602 28516 224 183 113 28300 27867 86 216 4017 3763 23850 637 18045 5805 16692 3126 15974 579 2428 3340 1268 434 369 2465 2308 340 565 197
is_linear=0
shrinkage=0.025


Tree=11
num_leaves=31
num_cat=0
split_feature=37 31 35 0 12 29 4 35 31 37 18 10 18 29 32 13 29 32 37 29 16 12 30 37 6 0 4 29 13 33
split_gain=0.0263203 0.0144447 0.00949844 0.00731038 0.00610248 0.00614551 0.00512717 0.00493478 0.00404398 0.00291668 0.00283242 0.00261921 0.00253872 0.00248088 0.00185935 0.00175863 0.00148825 0.00137143 0.00150337 0.00168243 0.00125065 0.00120302 0.0018213 0.00371158 0.00137613 0.00117423 0.0017115 0.00148669 0.00114269 0.00149601
threshold=0.6805403232574464 0.56534051895141613 2.3317277431488042 -7.1050715446472159 222.84999847412112 -5.306304693222045 0.011726319789886476 5.566326618194581 0.22505879402160647 0.13529872894287112 15.500000000000002 1.5000000000000002 23.500000000000004 -5.5141596794128409 -1.464401066303253 0.81999999284744274 -6.666834592819213 -2.0478918552398677 0.099165678024292006 -5.1422970294952384 8.5000000000000018 85.594997406005874 -5.9646279811859122 0.35825586318969732 -1.1441578865051267 -5.3973309993743888 0.010269641876220705 -5.6121504306793204 13.693389892578127 -0.63840752840042103
decision_type=2 2 2 2 2 2 2 2 2 2 2 2 2 2 2 2 2 2 2 2 2 2 2 2 2 2 2 2 2 2
left_child=2 13 6 7 5 9 -1 -4 11 15 -10 -7 -12 -2 25 -5 -17 18 -13 -20 -18 -16 23 24 -23 26 -11 -28 29 -19
right_child=1 -3 3 4 -6 8 -8 -9 10 14 12 17 -14 -15 21 16 20 28 19 -21 -22 22 -24 -25 -26 -27 27 -29 -30 -31
leaf_value=0 0 0.00056513697175604818 0.0003190217587545934 1.9470049534245769e-05 8.8904997494692966e-05 6.6290323690293418e-05 0.00044312438067129774 3.8014023367661612e-05 0.00030733656873344447 1.6164615607088638e-05 -3.0191867250758942e-05 0 0.00013650099142829337 0.00022072326448859016 -1.8922716435070618e-05 2.6294418374338621e-05 -1.9775073140289482e-05 -1.2615127862189898e-05 0.00022094433448877624 0 1.1464215895053665e-05 -1.4905356596110713e-05 -7.8153132015653101e-06 0.00022967738889168358 7.8083993392865042e-05 -3.8206983286566163e-05 0.00010416815022892736 -3.1965362887724086e-06 6.7777688348175983e-05 3.0248402330365745e-05
leaf_weight=41 84 73 70 805 433 561 45 146 49 1968 70 122 121 67 2072 436 16065 2173 60 55 739 223 834 65 146 157 288 52 153 653
leaf_count=41 84 73 70 805 433 561 45 146 49 1968 70 122 121 67 2072 436 16065 2173 60 55 739 223 834 65 146 157 288 52 153 653
internal_value=3.12605e-07 0.00026972 -1.71924e-06 -2.60171e-06 -3.79604e-06 -5.32928e-06 0.000258822 0.000141653 2.30838e-05 -1.02204e-05 0.000123968 1.59805e-05 6.25495e-05 0.000107677 4.86949e-06 -1.52133e-05 -1.69788e-05 6.40941e-06 6.43872e-05 0.000128864 -1.82519e-05 -6.72084e-06 1.1247e-05 5.35592e-05 1.5242e-05 2.15842e-05 2.67489e-05 8.04551e-05 9.37896e-07 -1.81918e-06
internal_weight=28826 224 28602 28516 28300 27867 86 216 4017 23850 240 3777 191 151 5805 18045 17240 3216 237 115 16804 3340 1268 434 369 2465 2308 340 2979 2826
internal_count=28826 224 28602 28516 28300 27867 86 216 4017 23850 240 3777 191 151 5805 18045 17240 3216 237 115 16804 3340 1268 434 369 2465 2308 340 2979 2826
is_linear=0
shrinkage=0.025


Tree=12
num_leaves=31
num_cat=0
split_feature=37 31 6 29 29 12 14 31 11 19 32 34 29 37 0 11 19 32 4 36 15 13 4 3 8 37 12 21 30 3
split_gain=0.0251136 0.0136719 0.00886475 0.00702546 0.00608905 0.00503362 0.00478936 0.00386401 0.00274638 0.00253597 0.00246391 0.00267266 0.00234892 0.00226909 0.00214658 0.00182862 0.00176654 0.00174248 0.00168804 0.00143288 0.00138873 0.00188994 0.00123636 0.00122493 0.00116532 0.00115647 0.00169676 0.00139972 0.00111607 0.00110971
threshold=0.6805403232574464 0.56534051895141613 1.6776243448257449 -6.6997458934783927 -5.306304693222045 157.98000335693362 0.13423423469066623 0.22505879402160647 3.5000000000000004 0.33072917163372045 -2.0478918552398677 0.13058280944824222 -5.5141596794128409 0.13529872894287112 -7.1050715446472159 5.5000000000000009 0.25834259390830999 -1.464401066303253 0.0085740685462951678 3.6473881006240849 1.0000000180025095e-35 3.7720199823379521 0.0046270787715911874 -9.0420246124267565e-05 45.500000000000007 0.2787089347839356 236.42500305175784 9.5000000000000018 -5.1237075328826895 0.0016221106052398684
decision_type=2 2 2 2 2 2 2 2 2 2 2 2 2 2 2 2 2 2 2 2 2 2 2 2 2 2 2 2 2 2
left_child=2 12 3 10 5 13 -4 9 -9 23 11 14 -2 16 -1 -10 -5 -15 -17 -7 22 28 29 -6 -25 26 -21 -28 -22 -11
right_child=1 -3 6 4 7 19 -8 8 15 20 -12 -13 -14 17 -16 18 -18 -19 -20 25 21 -23 -24 24 -26 -27 27 -29 -30 -31
leaf_value=0.00037585990869307096 0 0.00055119945498567223 0.00045217949811868913 5.4225519688022654e-06 0 -9.7915777697157595e-06 2.8955694886260769e-05 0.00031787590212926182 -9.9490489230737533e-06 3.6808654427559931e-05 3.6514301168519759e-05 0 0.0002152863287654541 1.8830020187480049e-05 0.00010993989878954421 0.00017957702930250795 -1.973739180387997e-05 -1.0253185677006061e-05 0 1.1173780782426136e-05 0 -2.0399733568711667e-05 6.9425582826452146e-05 6.0822554060102283e-05 0.00022292451854203439 0.00012764823042564618 0.00019712825890982877 3.2308660249691457e-05 5.6958010979223782e-05 -4.9924617194644979e-05
leaf_weight=41 84 73 40 1798 171 211 53 43 68 246 664 52 67 2192 136 94 15337 3061 41 610 520 1492 362 427 47 141 73 149 390 143
leaf_count=41 84 73 40 1798 171 211 53 43 68 246 664 52 67 2192 136 94 15337 3061 41 610 520 1492 362 427 47 141 73 149 390 143
internal_value=3.33567e-07 0.000263493 -1.64913e-06 -2.53501e-06 -4.85214e-06 -9.78945e-06 0.000240457 2.33042e-05 0.000120759 1.63037e-05 6.62509e-05 0.000141071 0.000105244 -1.2532e-05 0.000187348 6.53973e-05 -1.69513e-05 1.40826e-06 0.000121526 3.99251e-05 6.16792e-06 -2.14334e-06 3.60427e-05 6.18948e-05 8.25946e-05 5.32721e-05 3.75282e-05 9.83578e-05 2.50344e-05 0
internal_weight=28826 224 28602 28509 27616 23572 93 4044 246 3798 893 229 151 22388 177 203 17135 5253 135 1184 3153 2402 751 645 474 973 832 222 910 389
internal_count=28826 224 28602 28509 27616 23572 93 4044 246 3798 893 229 151 22388 177 203 17135 5253 135 1184 3153 2402 751 645 474 973 832 222 910 389
is_linear=0
shrinkage=0.025


Tree=13
num_leaves=31
num_cat=0
split_feature=35 13 29 4 29 29 30 32 15 29 19 33 19 20 33 6 1 10 7 32 33 8 7 11 1 4 14 13 2 24
split_gain=0.0124149 0.00930577 0.0126476 0.0069544 0.00655473 0.00605704 0.00351614 0.00332447 0.00315864 0.00299431 0.00176883 0.00173202 0.00171274 0.0018202 0.00172915 0.00139964 0.00136223 0.00128318 0.00120732 0.00157124 0.00119045 0.00116645 0.00112602 0.00111374 0.00216875 0.00248037 0.00167634 0.00111273 0.00114381 0.00110725
threshold=2.3317277431488042 0.47955000400543218 -5.1045258045196524 0.011726319789886476 -7.4055283069610587 -5.2229983806610099 -5.3759584426879874 -1.7757591009140012 6.5000000000000009 -6.7465956211090079 0.51887464523315441 -0.27808722853660578 0.44337606430053716 1.0000000180025095e-35 -2.0435094833374019 -2.920446395874023 -2.1614058017730708 1.5000000000000002 660.95098876953136 -1.5806436538696287 -2.0579221248626705 16.500000000000004 775.03997802734386 9.5000000000000018 -0.30511640012264246 0.0065715909004211434 0.56711712479591381 4.6884000301361093 4.307934284210206 1.0000000180025095e-35
decision_type=2 2 2 2 2 2 2 2 2 2 2 2 2 2 2 2 2 2 2 2 2 2 2 2 2 2 2 2 2 2
left_child=3 2 23 -1 15 7 -7 9 10 20 -9 16 13 -11 -14 -3 -8 -15 27 -20 -6 -12 -21 -2 25 26 -25 29 -29 -18
right_child=1 4 -4 -5 5 6 11 8 -10 12 21 -13 14 17 -16 -17 18 -19 19 22 -22 -23 -24 24 -26 -27 -28 28 -30 -31
leaf_value=0 2.9723025943884814e-05 5.0268566829112273e-06 0.00047425527113212395 0.00042816270534372467 0.00013691093770842666 0.00020782960672310674 8.9737986986680588e-05 -7.949053527462161e-06 0.00013528283131788212 0.00015938934515605669 2.0414910644517636e-05 7.3915859312253081e-05 -1.8433328876090631e-05 -1.3067543106006511e-05 1.4098019952279107e-05 0.00027548674440440088 4.6372959821525444e-06 3.4945395517897166e-05 -2.7075146934004044e-05 0.00013834511234821168 0 -2.6270967420537445e-05 4.6637323366589521e-06 0.00012771600137144912 -5.3410555031432589e-07 0.00024418833007406319 -1.5597450413874217e-05 -3.3123668267056121e-05 4.0678358518596612e-05 7.8364590208904452e-05
leaf_weight=49 914 40 46 65 152 70 149 10921 84 66 289 398 2389 437 1718 62 932 1010 68 133 48 7316 116 82 65 87 69 752 131 168
leaf_count=49 914 40 46 65 152 70 149 10921 84 66 289 398 2389 437 1718 62 932 1010 68 133 48 7316 116 82 65 87 69 752 131 168
internal_value=3.57055e-07 -5.94381e-07 6.56238e-05 0.000259646 -3.73461e-06 -4.57352e-06 2.92743e-05 -8.71839e-06 -1.39232e-05 7.49455e-06 -1.47419e-05 2.39349e-05 3.64066e-06 2.66085e-05 -4.21645e-06 0.000194774 1.47649e-05 1.87198e-05 8.78459e-06 5.41375e-05 0.000102794 -2.41657e-05 8.63356e-05 4.77492e-05 9.36248e-05 0.000129695 4.61093e-05 2.50824e-07 -1.93129e-05 1.82291e-05
internal_weight=28826 28712 1263 114 27449 27347 2917 24430 18610 5820 18526 2847 5620 1513 4107 102 2449 1447 2300 317 200 7605 249 1217 303 238 151 1983 883 1100
internal_count=28826 28712 1263 114 27449 27347 2917 24430 18610 5820 18526 2847 5620 1513 4107 102 2449 1447 2300 317 200 7605 249 1217 303 238 151 1983 883 1100
is_linear=0
shrinkage=0.025


Tree=14
num_leaves=31
num_cat=0
split_feature=37 31 35 0 12 29 4 14 31 11 37 3 29 12 32 19 11 32 16 30 37 33 31 34 19 4 0 4 34 19
split_gain=0.0234935 0.0127827 0.00835067 0.00651865 0.00533304 0.00537138 0.00455399 0.00453434 0.00357609 0.00263856 0.00259073 0.0022723 0.00217169 0.00205175 0.00196415 0.00192015 0.00169081 0.00165268 0.00162145 0.00144761 0.00134368 0.00119825 0.00129746 0.00119372 0.00119084 0.0011257 0.00141196 0.00105888 0.00104937 0.00115602
threshold=0.6805403232574464 0.56534051895141613 2.3317277431488042 -7.1050715446472159 222.84999847412112 -5.306304693222045 0.011726319789886476 0.70900535583496105 0.22505879402160647 3.5000000000000004 0.13529872894287112 0.0085681080818176287 -5.5141596794128409 23.670000076293949 -2.0478918552398677 0.20169491320848468 5.5000000000000009 -1.464401066303253 8.5000000000000018 -6.550485134124755 0.090517044067382826 -0.85374566912651051 0.070869922637939467 0.033675432205200202 0.60791924595832836 0.0073550045490264901 -5.1597487926483145 0.011107563972473146 0.015449978411197664 0.33072917163372045
decision_type=2 2 2 2 2 2 2 2 2 2 2 2 2 2 2 2 2 2 2 2 2 2 2 2 2 2 2 2 2 2
left_child=2 12 6 7 5 10 -1 27 11 -10 15 14 -2 20 -7 -5 -11 23 19 -17 -13 -16 -23 -12 -19 26 -18 -4 -15 -30
right_child=1 -3 3 4 -6 8 -8 -9 9 16 17 13 -14 28 21 18 25 24 -20 -21 -22 22 -24 -25 -26 -27 -28 -29 29 -31
leaf_value=0 0 0.00053337329459586232 0.00032851941169868577 1.3404022046223668e-05 8.3138968633341941e-05 8.8400461186679565e-05 0.00041631950252770408 0 0.00030879669835320043 -1.0102354886918833e-05 -1.9439903654825052e-05 2.6957769336979508e-05 0.00020702460714400173 0.00011234703234252693 -1.2343480320424839e-05 1.5776896807081216e-05 0.00028634529549446773 0 1.8419332675689975e-05 -1.9989910273211318e-05 0.000279768994482963 4.2716933564540434e-05 -1.1690876035073006e-05 2.7819916933320636e-05 -4.2600853296727472e-05 0 6.2622199636987484e-06 5.9435757670313299e-05 7.0855055720972336e-05 -4.8979473416144375e-06
leaf_weight=41 84 73 66 1353 433 164 45 108 43 68 331 56 67 97 1850 662 40 2860 718 15312 45 672 363 2134 480 45 44 42 160 370
leaf_count=41 84 73 66 1353 433 164 45 108 43 68 331 56 67 97 1850 662 40 2860 718 15312 45 672 363 2134 480 45 44 42 160 370
internal_value=3.77524e-07 0.000254907 -1.53729e-06 -2.37017e-06 -3.50282e-06 -4.94171e-06 0.000242747 0.000133839 2.161e-05 0.00011656 -9.51928e-06 1.48856e-05 0.000101214 5.48786e-05 4.50207e-06 -1.42277e-05 6.06259e-05 4.68626e-06 -1.66179e-05 -1.83503e-05 0.000165745 0 2.12288e-05 2.04548e-05 -6.20564e-06 0.000116931 0.000170847 0.000248317 3.28034e-05 1.33532e-05
internal_weight=28826 224 28602 28516 28300 27867 86 216 4017 240 23850 3777 151 728 3049 18045 197 5805 16692 15974 101 2885 1035 2465 3340 129 84 108 627 530
internal_count=28826 224 28602 28516 28300 27867 86 216 4017 240 23850 3777 151 728 3049 18045 197 5805 16692 15974 101 2885 1035 2465 3340 129 84 108 627 530
is_linear=0
shrinkage=0.025


Tree=15
num_leaves=31
num_cat=0
split_feature=37 31 35 29 29 12 4 31 18 19 32 34 18 29 34 0 32 15 36 7 37 19 32 3 4 8 3 29 32 8
split_gain=0.0224189 0.0120952 0.00798226 0.00627227 0.00536186 0.00448882 0.00429744 0.00335205 0.00267084 0.00223493 0.00215965 0.0025513 0.00206558 0.00205584 0.00202661 0.00187701 0.00157402 0.00128312 0.00128148 0.00123008 0.00127712 0.00121908 0.00116465 0.00115722 0.00114314 0.00112438 0.00105425 0.00103374 0.00102033 0.00138982
threshold=0.6805403232574464 0.56534051895141613 2.3317277431488042 -6.6997458934783927 -5.306304693222045 157.98000335693362 0.011726319789886476 0.22505879402160647 15.500000000000002 0.33072917163372045 -2.0478918552398677 0.13058280944824222 23.500000000000004 -5.5141596794128409 0.086606651544570937 -7.1050715446472159 -1.8175354003906248 1.0000000180025095e-35 3.6473881006240849 520.59500122070324 0.32119846343994146 0.52704679965972911 -0.55335038900375355 -9.0420246124267565e-05 0.0046270787715911874 45.500000000000007 0.0016221106052398684 -6.9136915206909171 -0.31274998188018793 40.500000000000007
decision_type=2 2 2 2 2 2 2 2 2 2 2 2 2 2 2 2 2 2 2 2 2 2 2 2 2 2 2 2 2 2
left_child=2 13 6 10 5 14 -1 9 -9 23 11 15 -10 -2 21 -4 -16 24 -7 -20 28 -5 -19 -6 26 -25 -11 -17 29 -21
right_child=1 -3 3 4 7 18 -8 8 12 17 -12 -13 -14 -15 16 27 -18 22 19 20 -22 -23 -24 25 -26 -27 -28 -29 -30 -31
leaf_value=0 0 0.00052021914408730994 0.00035708042981457853 -9.7277261811762032e-06 0 -8.6583863457287049e-06 0.00040613778178458628 0.0002904025907220785 -2.6757135545065262e-05 3.5694498989946646e-05 3.4512870594203957e-05 0 0.00011981687279794429 0.00020192509706355532 2.2216533884602541e-05 0 -6.812081252176352e-06 -1.1947800057545082e-05 -3.7695677040899371e-06 0.00015379880091641101 0.00016589564690098766 -2.4287148931191489e-05 3.0774091481554374e-05 5.6849111485173345e-05 6.6599281258089278e-05 0.0002154911646236239 -4.8890632939825695e-05 0.00015137755475382533 -1.1897606770047447e-05 3.7160371629757807e-05
leaf_weight=41 84 73 41 8866 172 211 45 49 71 246 664 52 127 67 1545 44 4755 1914 136 99 86 7224 491 427 362 47 143 92 90 562
leaf_count=41 84 73 41 8866 172 211 45 49 71 246 664 52 127 67 1545 44 4755 1914 136 99 86 7224 491 427 362 47 143 92 90 562
internal_value=3.993e-07 0.00024904 -1.46919e-06 -2.28544e-06 -4.47909e-06 -9.11909e-06 0.000237363 2.19141e-05 0.000112622 1.53357e-05 6.27031e-05 0.000133067 5.48244e-05 9.89323e-05 -1.17137e-05 0.000178432 0 5.76897e-06 3.78054e-05 5.04466e-05 6.22332e-05 -1.6421e-05 -2.17755e-06 5.81286e-05 3.45104e-05 7.82631e-05 0 0.000104113 4.68331e-05 5.8612e-05
internal_weight=28826 224 28602 28516 27623 23574 86 4049 247 3802 893 229 198 151 22390 177 6300 3156 1184 973 837 16090 2405 646 751 474 389 136 751 661
internal_count=28826 224 28602 28516 27623 23574 86 4049 247 3802 893 229 198 151 22390 177 6300 3156 1184 973 837 16090 2405 646 751 474 389 136 751 661
is_linear=0
shrinkage=0.025


Tree=16
num_leaves=31
num_cat=0
split_feature=37 31 35 0 12 29 14 4 14 2 3 37 4 29 19 33 32 11 16 33 19 34 1 32 4 8 29 29 4 34
split_gain=0.0213969 0.0114427 0.00763169 0.00602541 0.00494088 0.00490101 0.00423624 0.0040541 0.00333181 0.00313619 0.00244945 0.0023915 0.00201252 0.00406739 0.00179621 0.00167543 0.0015434 0.00153126 0.00151 0.00114294 0.0011174 0.00111713 0.00110722 0.00163097 0.000995446 0.000986364 0.000980376 0.000945013 0.00134494 0.00346756
threshold=0.6805403232574464 0.56534051895141613 2.3317277431488042 -7.1050715446472159 222.84999847412112 -5.306304693222045 0.70900535583496105 0.011726319789886476 0.63762626051902782 3.2949680089950566 -0.0043782591819763175 0.13529872894287112 0.014108121395111086 -5.4936909675598136 0.20169491320848468 -0.86120975017547596 -1.464401066303253 2.5000000000000004 8.5000000000000018 -1.6353051662445066 0.60791924595832836 0.033675432205200202 -0.21292718499898908 -1.4708189964294431 0.011107563972473146 17.500000000000004 -6.5622901916503897 -5.4893445968627921 0.010269641876220705 0.06724992394447328
decision_type=2 2 2 2 2 2 2 2 2 2 2 2 2 2 2 2 2 2 2 2 2 2 2 2 2 2 2 2 2 2
left_child=2 12 7 6 5 11 24 -1 9 10 -7 14 13 -2 -5 -11 21 -12 26 -19 -18 -13 23 -6 -4 -17 -16 28 -23 -30
right_child=1 -3 3 4 22 8 -8 -9 -10 15 17 16 -14 -15 18 25 20 19 -20 -21 -22 27 -24 -25 -26 -27 -28 -29 29 -31
leaf_value=0 0 0.00050738943968836625 0.00031714162314067421 1.3105558736198195e-05 1.2261567065697757e-05 0.00022929182563221747 0 0.00039620505316871347 0.00010960493897932882 -1.0985815533832752e-05 0.00017362717759608821 -1.8633534973272376e-05 0 0.00035259207958092918 9.5867615184025556e-06 9.4129687113713277e-05 0 3.7093261940657646e-06 1.7851926345751655e-05 0.00011956632896047743 -4.1193125180219032e-05 2.2840912007422587e-05 0 0.00014161469370587167 5.4408836152761916e-05 1.550162643155305e-05 -1.8943465376070435e-05 -6.5474930336130232e-06 0.0002932145883715613 3.5540845315646157e-05
leaf_weight=41 58 73 66 1353 148 58 108 45 254 1899 57 331 52 41 672 134 2860 452 718 70 480 1538 63 222 42 1093 15302 320 46 230
leaf_count=41 58 73 66 1353 148 58 108 45 254 1899 57 331 52 41 672 134 2860 452 718 70 480 1538 63 222 42 1093 15302 320 46 230
internal_value=4.09223e-07 0.000243317 -1.41417e-06 -2.21423e-06 -3.30655e-06 -4.69478e-06 0.000128735 0.000232112 2.06597e-05 1.39642e-05 6.46836e-05 -9.07067e-06 9.67071e-05 0.000163688 -1.35963e-05 2.81204e-06 4.5668e-06 4.35171e-05 -1.59111e-05 2.42247e-05 -5.93842e-06 1.98115e-05 8.00811e-05 9.67845e-05 0.00023934 2.6194e-05 -1.75862e-05 2.69515e-05 3.42387e-05 8.84152e-05
internal_weight=28826 224 28602 28516 28300 27867 216 86 4017 3763 637 23850 151 99 18045 3126 5805 579 16692 522 3340 2465 433 370 108 1227 15974 2134 1814 276
internal_count=28826 224 28602 28516 28300 27867 216 86 4017 3763 637 23850 151 99 18045 3126 5805 579 16692 522 3340 2465 433 370 108 1227 15974 2134 1814 276
is_linear=0
shrinkage=0.025


Tree=17
num_leaves=31
num_cat=0
split_feature=37 31 35 30 12 29 31 14 32 18 34 13 34 10 18 30 29 31 32 12 19 32 37 29 37 1 32 14 13 31
split_gain=0.0203965 0.0108379 0.00729611 0.00583513 0.00485133 0.00478584 0.00322061 0.00312762 0.00311747 0.00248319 0.00245734 0.00224801 0.00225413 0.00207571 0.00201396 0.00185153 0.00183162 0.00153338 0.0014757 0.00118814 0.00132641 0.00118653 0.00142344 0.00163161 0.0011197 0.00109167 0.00161675 0.0010679 0.00108234 0.00180586
threshold=0.6805403232574464 0.56534051895141613 2.3317277431488042 -6.9768011569976798 222.84999847412112 -5.306304693222045 0.22505879402160647 0.22653958946466449 -1.6729418039321897 14.500000000000002 0.052070260047912605 1.2847999930381777 0.086606651544570937 1.5000000000000002 23.500000000000004 -6.6533205509185782 -5.5141596794128409 0.026821851730346683 -1.8175354003906248 77.325000762939467 0.33072917163372045 -2.0478918552398677 0.099165678024292006 -5.1422970294952384 0.10960137844085695 -0.21292718499898908 -1.4708189964294431 0.25962962210178381 7.1522998809814462 0.15971875190734866
decision_type=2 2 2 2 2 2 2 2 2 2 2 2 2 2 2 2 2 2 2 2 2 2 2 2 2 2 2 2 2 2
left_child=2 16 7 8 5 11 13 -1 10 -8 -4 17 15 -7 -11 19 -2 -5 -14 -13 -21 22 -15 -24 -12 26 -6 -20 -29 -30
right_child=1 -3 3 4 25 6 9 -9 -10 14 24 12 18 21 -16 -17 -18 -19 27 20 -22 -23 23 -25 -26 -27 -28 28 29 -31
leaf_value=0.00037818568970801104 0 0.00049487610029786625 0.00038395415895917855 -2.1754986179111225e-05 1.1957084898557201e-05 5.8611278913737075e-05 0.00029663343916498972 5.3401454893308994e-06 2.6703255035125253e-05 -1.9008762373433255e-05 0 0 2.1723850738217949e-05 0 0.00012306012739514462 -1.8033449303168609e-05 0.00019163640173621175 2.7814298177545146e-05 -2.4599145164197556e-05 0 0.00016461072890269388 6.1321842276017803e-08 0.00021185875788462717 0 0.00017739918142579861 0 0.00014098709571809767 -1.9006167996938918e-06 0 0.00017925693252826544
leaf_weight=44 84 73 41 461 148 561 43 42 203 76 44 214 1616 122 121 15245 67 1581 1365 44 76 2979 60 55 40 63 220 2925 158 55
leaf_count=44 84 73 41 461 148 561 43 42 203 76 44 214 1616 122 121 15245 67 1581 1365 44 76 2979 60 55 40 63 220 2925 158 55
internal_value=4.33987e-07 0.000237595 -1.34421e-06 -2.12843e-06 -3.43589e-06 -4.81455e-06 2.02255e-05 0.000226988 0.000102304 0.00011038 0.000204053 -9.15751e-06 -1.15839e-05 1.38075e-05 5.58064e-05 -1.66435e-05 9.43294e-05 1.53947e-05 8.89704e-07 3.9203e-05 0.000101941 5.19899e-06 5.90017e-05 0.000121704 8.33475e-05 7.93702e-05 9.60427e-05 -6.03519e-06 1.24879e-06 5.59867e-05
internal_weight=28826 224 28602 28516 28188 27757 4017 86 328 240 125 23740 21698 3777 197 15579 151 2042 6119 334 120 3216 237 115 84 431 368 4503 3138 213
internal_count=28826 224 28602 28516 28188 27757 4017 86 328 240 125 23740 21698 3777 197 15579 151 2042 6119 334 120 3216 237 115 84 431 368 4503 3138 213
is_linear=0
shrinkage=0.025


Tree=18
num_leaves=31
num_cat=0
split_feature=37 31 6 30 11 14 29 32 13 7 3 12 32 4 29 29 19 13 31 37 37 18 37 3 2 14 21 37 14 30
split_gain=0.019468 0.0102496 0.00684882 0.0055917 0.00469773 0.00440182 0.00429937 0.00296621 0.00269001 0.00268365 0.00239873 0.00231514 0.00220845 0.00192916 0.00373948 0.00182702 0.00170787 0.00162354 0.00286902 0.0013559 0.00125588 0.00115651 0.00156429 0.00115385 0.00111888 0.00106323 0.00183677 0.00276475 0.00103901 0.00179559
threshold=0.6805403232574464 0.56534051895141613 1.6776243448257449 -6.9768011569976798 13.500000000000002 0.13423423469066623 -5.2323460578918448 -1.6729418039321897 1.2847999930381777 323.45050048828131 0.0076486021280288705 222.84999847412112 -1.7757591009140012 0.014108121395111086 -5.4936909675598136 -4.8559370040893546 0.34654632210731512 8.9795498847961444 0.13297486305236819 0.21474933624267581 0.23789358139038089 11.500000000000002 0.047362327575683601 0.0056089162826538095 3.0193333625793461 0.36266924440860754 9.5000000000000018 0.21776390075683597 0.56711712479591381 -5.6585443019866934
decision_type=2 2 2 2 2 2 2 2 2 2 2 2 2 2 2 2 2 2 2 2 2 2 2 2 2 2 2 2 2 2
left_child=2 13 3 7 6 -4 8 16 21 15 11 -6 19 14 -2 -8 -1 24 -19 -10 28 -5 -23 -21 -11 -24 27 -27 29 -13
right_child=1 -3 5 4 10 -7 9 -9 12 17 -12 20 -14 -15 -16 -17 -18 18 -20 23 -22 22 25 -25 -26 26 -28 -29 -30 -31
leaf_value=4.1953272371694951e-05 0 0.00048267138830851761 0.00041177174402968737 7.9631269099910456e-07 1.0552162235297811e-05 9.2483230346934502e-06 4.2916045002647469e-05 2.6038947362216205e-05 -2.6169369303609044e-06 5.510050889558508e-05 0.00015252186965433972 0.00030055133637183146 -1.6542941094252757e-05 0 0.00033931031460053334 0.0001702772771339063 0.0002965355891073534 1.7096808267267434e-05 0.00023479759854336198 5.670760046455923e-05 0 -2.1297587780977604e-06 1.9290693844690876e-05 -8.6885541051914828e-06 -7.6551401207108212e-06 6.6423557725701327e-05 0 0.00031255169310515714 2.1486423852605327e-05 1.0384556552809143e-05
leaf_weight=58 58 73 40 1351 1037 53 586 203 4672 197 121 53 16450 52 41 106 67 275 51 477 40 250 286 168 1674 172 46 50 75 44
leaf_count=58 58 73 40 1351 1037 53 586 203 4672 197 121 53 16450 52 41 106 67 275 51 477 40 250 286 168 1674 172 46 50 75 44
internal_value=4.54615e-07 0.000232155 -1.28062e-06 -2.06986e-06 -3.3519e-06 0.000211511 -5.74185e-06 0.000100157 -9.29556e-06 2.28122e-05 4.15663e-05 2.87038e-05 -1.20011e-05 9.22176e-05 0.000158062 6.62502e-05 0.000199521 7.96894e-06 5.94134e-05 1.58122e-06 0.000105289 1.68652e-05 4.07263e-05 3.58171e-05 0 6.45392e-05 0.000103282 0.000134222 0.000134856 0.000195889
internal_weight=28826 224 28602 28509 28181 93 26811 328 23922 2889 1370 1249 21767 151 99 692 125 2197 326 5317 212 2155 804 645 1871 554 268 222 172 97
internal_count=28826 224 28602 28509 28181 93 26811 328 23922 2889 1370 1249 21767 151 99 692 125 2197 326 5317 212 2155 804 645 1871 554 268 222 172 97
is_linear=0
shrinkage=0.025


Tree=19
num_leaves=31
num_cat=0
split_feature=31 2 31 35 30 16 29 34 29 12 15 14 30 32 34 36 13 3 12 13 2 14 1 34 4 31 36 30 15 30
split_gain=0.0179209 0.00801237 0.00692124 0.0056542 0.00404522 0.00351374 0.0032786 0.00475738 0.00284508 0.0025759 0.00257388 0.00381915 0.00294078 0.00250748 0.00265872 0.0022879 0.0019121 0.00185634 0.00199399 0.00274791 0.0016513 0.00172007 0.00137538 0.00132607 0.00169319 0.00175976 0.00204425 0.00116487 0.00115009 0.00125486
threshold=0.56534051895141613 3.9332489967346196 0.23987364768981936 2.5482275485992436 -6.9768011569976798 8.5000000000000018 -4.8559370040893546 0.16067907214164737 -5.2416112422943106 26.354999542236332 3.5000000000000004 0.39504285156726843 -6.3602342605590811 -1.6988896727561948 0.055165767669677741 5.6694698333740243 0.81999999284744274 0.0085681080818176287 23.670000076293949 1.6525500416755678 3.3174252510070805 0.15470086038112643 -2.0330446958541866 0.1375345587730408 0.0025851428508758549 0.049804210662841804 4.6549887657165536 -6.6258239746093741 4.5000000000000009 -6.0537900924682608
decision_type=2 2 2 2 2 2 2 2 2 2 2 2 2 2 2 2 2 2 2 2 2 2 2 2 2 2 2 2 2 2
left_child=2 -2 3 6 13 8 7 -1 16 -4 12 -12 15 14 -5 -11 28 22 -19 -20 21 -14 -10 27 25 26 -25 -18 -6 -30
right_child=1 -3 9 4 5 -7 -8 -9 17 10 11 -13 20 -15 -16 -17 23 18 19 -21 -22 -23 -24 24 -26 -27 -28 -29 29 -31
leaf_value=6.0256086355712756e-05 7.3383798552972701e-05 0.00055770229349625018 0.00023300064660868318 0.00035992938343708112 9.0634540502884881e-06 2.8100035909281881e-05 0 0.00043806550015384961 8.8466792449093707e-05 0.00025997010222611076 0 0.00029090539335947379 0 1.6487744797488369e-05 4.3228133410379728e-05 0 2.091439496527125e-05 0.00016759988867326027 0.00019951638224517448 3.5842383058159221e-06 -6.5275955977169499e-06 0.00015453535466313656 0 0.00014686682303676163 -6.9987189425552808e-06 1.3295214619862991e-06 0 -1.5722112220567555e-05 0.00020447706500029505 0
leaf_weight=83 62 50 60 40 1021 1819 45 41 113 57 70 66 46 186 67 42 500 93 53 453 585 88 2039 156 1833 403 81 18562 44 68
leaf_count=83 62 50 60 40 1021 1819 45 41 113 57 70 66 46 186 67 42 500 93 53 453 585 88 2039 156 1833 403 81 18562 44 68
internal_value=4.77726e-07 0.000314743 -6.71934e-07 -3.10739e-06 -4.08306e-06 -5.16519e-06 0.000140217 0.000207682 -7.64503e-06 6.33332e-05 4.98117e-05 0.000154801 2.91361e-05 8.76865e-05 0.000187006 0.000157796 -1.06255e-05 1.60002e-05 5.52592e-05 2.93908e-05 7.754e-06 8.82078e-05 3.89089e-06 -1.23638e-05 4.08429e-06 3.96883e-05 9.41305e-05 -1.46289e-05 2.01919e-05 9.8538e-05
internal_weight=28826 112 28714 27700 27531 27238 169 124 25419 1014 954 136 818 293 107 99 22668 2751 599 506 719 134 2152 21535 2473 640 237 19062 1133 112
internal_count=28826 112 28714 27700 27531 27238 169 124 25419 1014 954 136 818 293 107 99 22668 2751 599 506 719 134 2152 21535 2473 640 237 19062 1133 112
is_linear=0
shrinkage=0.025


Tree=20
num_leaves=31
num_cat=0
split_feature=37 31 6 0 11 14 0 14 31 34 13 13 3 32 12 4 30 34 36 32 32 14 37 14 30 33 32 19 18 37
split_gain=0.0179483 0.00941005 0.0063632 0.00519741 0.00437713 0.00416839 0.00381203 0.00379762 0.00335975 0.00292113 0.00243348 0.00222017 0.00215047 0.00212316 0.00202829 0.00185272 0.00336825 0.00139528 0.00130939 0.00122352 0.00140114 0.00123374 0.0011544 0.00118768 0.00166413 0.00111864 0.00103094 0.00172688 0.000982298 0.00133537
threshold=0.6805403232574464 0.56534051895141613 1.6776243448257449 -7.1050715446472159 13.500000000000002 0.13423423469066623 -5.2391507625579825 0.70900535583496105 0.23987364768981936 0.16067907214164737 1.2847999930381777 3.8279999494552617 0.0076486021280288705 -1.7757591009140012 222.84999847412112 0.014108121395111086 -5.6412003040313712 0.087452903389930739 4.3157382011413583 -0.91876164078712452 -2.2750103473663326 0.14142857491970065 0.23789358139038089 0.56711712479591381 -5.6585443019866934 -1.986472427845001 -1.0410962104797361 0.13423423469066623 11.500000000000002 0.047362327575683601
decision_type=2 2 2 2 2 2 2 2 2 2 2 2 2 2 2 2 2 2 2 2 2 2 2 2 2 2 2 2 2 2
left_child=2 15 3 7 6 -4 10 -1 11 -10 28 -8 14 17 26 16 -2 18 -12 20 -13 -22 23 24 -16 -20 27 -6 -5 -30
right_child=1 -3 5 4 12 -7 8 -9 9 -11 13 19 -14 -15 22 -17 -18 -19 25 -21 21 -23 -24 -25 -26 -27 -28 -29 29 -31
leaf_value=0.00022426454099565383 0 0.00046339475590660164 0.00039857175936581704 1.1705862850276905e-06 0.00017331335677258803 6.1094943494363501e-06 4.1967036706628541e-05 0 1.3119479366185597e-05 0.00027909593750276448 -1.2187060397223881e-05 9.6451223760500162e-05 0.00014528352997456942 -1.5725741973123905e-05 0.00029231357985096384 0 0.00030415882149100078 2.0942267123359406e-05 8.8207074245713707e-05 2.9624697387835912e-05 5.5840857176937219e-06 -4.3066910254489565e-05 0 1.42828020164952e-05 9.8134739479670903e-06 0 -8.5164257529266826e-06 1.4837410302329764e-05 -7.9364454699956233e-07 5.9707937809376796e-05
leaf_weight=108 52 73 40 1373 56 53 1106 108 85 59 3203 56 122 16407 53 52 47 1717 151 490 420 778 40 77 44 253 566 423 252 562
leaf_count=108 52 73 40 1373 56 53 1106 108 85 59 3203 56 122 16407 53 52 47 1717 151 490 420 778 40 77 44 253 566 423 252 562
internal_value=5.03809e-07 0.000222976 -1.15884e-06 -1.92275e-06 -2.94373e-06 0.000203951 -5.25409e-06 0.000119689 2.10941e-05 0.000140511 -8.65755e-06 1.41363e-05 4.02412e-05 -1.12554e-05 2.7971e-05 8.80152e-05 0.000152822 2.0516e-06 -6.25112e-06 -2.09443e-06 -1.64944e-05 -2.39351e-05 9.95457e-05 0.000127661 0.000191087 3.45513e-05 1.08424e-05 3.88957e-05 1.60069e-05 3.79322e-05
internal_weight=28826 224 28602 28509 28293 93 26912 216 2994 144 23918 2850 1381 21731 1259 151 99 5324 3607 1744 1254 1198 214 174 97 404 1045 479 2187 814
internal_count=28826 224 28602 28509 28293 93 26912 216 2994 144 23918 2850 1381 21731 1259 151 99 5324 3607 1744 1254 1198 214 174 97 404 1045 479 2187 814
is_linear=0
shrinkage=0.025


Tree=21
num_leaves=31
num_cat=0
split_feature=37 31 35 0 12 0 4 35 31 32 19 18 4 30 37 0 30 12 37 33 22 7 4 13 37 18 34 4 18 8
split_gain=0.0170925 0.00892028 0.00626577 0.00495384 0.00402522 0.00387543 0.00379471 0.003611 0.00252528 0.0022297 0.00235207 0.00197378 0.00177931 0.00319739 0.00158736 0.00185368 0.00181048 0.00129175 0.00168874 0.00190596 0.00115784 0.00138564 0.00112458 0.00111747 0.00135414 0.00109832 0.00129886 0.00107623 0.00112438 0.0011931
threshold=0.6805403232574464 0.56534051895141613 2.3317277431488042 -7.1050715446472159 222.84999847412112 -5.2391507625579825 0.011726319789886476 5.566326618194581 0.22505879402160647 -1.8175354003906248 0.22305141389369967 20.500000000000004 0.014108121395111086 -5.6412003040313712 0.21474933624267581 -5.5412590503692618 -5.8455817699432364 97.444999694824233 0.265265703201294 -1.0718274712562559 1.0000000180025095e-35 258.27900695800787 0.0059863328933715829 12.290899753570558 0.099165678024292006 20.500000000000004 0.1884221434593201 0.012186557054519655 17.500000000000004 17.500000000000004
decision_type=2 2 2 2 2 2 2 2 2 2 2 2 2 2 2 2 2 2 2 2 2 2 2 2 2 2 2 2 2 2
left_child=2 12 6 7 5 9 -1 -4 11 14 17 27 13 -2 -5 16 25 -11 -19 -20 -12 -22 -10 -13 -25 26 -16 28 29 -7
right_child=1 -3 3 4 -6 8 -8 -9 22 10 20 23 -14 -15 15 -17 -18 18 19 -21 21 -23 -24 24 -26 -27 -28 -29 -30 -31
leaf_value=0 0 0.00045196643799253914 0.00026865254059551993 5.9263971755238007e-07 7.2419824133210256e-05 7.7847522272191872e-05 0.00036792038089555245 2.5799756707424824e-05 6.1222393075392254e-06 0 -2.0214485971510849e-05 -7.7092208483702974e-06 0 0.00029671325978900616 0.00012684456560731352 -2.755166640693868e-05 0.00012581266797639603 1.4650645370613135e-05 0 0.00019642644181918254 3.3096724543382122e-05 -9.70154221890019e-06 0.00016660059964578977 0 0.00014923912879581062 -6.0508676278698685e-06 0 9.385996582918369e-05 7.0305806479917663e-05 -1.0164965918169448e-05
leaf_weight=41 52 73 70 4653 433 114 45 146 83 1835 10293 1632 52 47 102 144 203 475 45 83 491 6142 111 151 64 210 57 232 247 500
leaf_count=41 52 73 70 4653 433 114 45 146 83 1835 10293 1632 52 47 102 144 203 475 45 83 491 6142 111 151 64 210 57 232 247 500
internal_value=5.25953e-07 0.000217629 -1.09446e-06 -1.82763e-06 -2.82624e-06 -4.08769e-06 0.000210503 0.000116898 2.18968e-05 -7.4821e-06 -1.14818e-05 1.51217e-05 8.5664e-05 0.000149248 6.47723e-06 4.11779e-05 6.28614e-05 1.0888e-05 4.26072e-05 0.000126055 -1.48521e-05 -6.15209e-06 0.000111146 0 5.27645e-05 2.12265e-05 7.26908e-05 4.17413e-05 2.47049e-05 2.21108e-06
internal_weight=28826 224 28602 28516 28300 27867 86 216 3134 24733 19364 2940 151 99 5369 716 572 2438 603 128 16926 6633 194 1847 215 369 159 1093 861 614
internal_count=28826 224 28602 28516 28300 27867 86 216 3134 24733 19364 2940 151 99 5369 716 572 2438 603 128 16926 6633 194 1847 215 369 159 1093 861 614
is_linear=0
shrinkage=0.025


Tree=22
num_leaves=31
num_cat=0
split_feature=37 31 35 29 11 29 4 7 37 32 30 12 4 29 29 34 13 34 36 18 31 30 12 32 37 10 7 34 35 33
split_gain=0.016279 0.00845517 0.00598409 0.00491487 0.00417962 0.00388193 0.00358902 0.0023995 0.00225521 0.00185833 0.00225143 0.00179203 0.00170903 0.0033071 0.00167043 0.00162924 0.00144662 0.00368129 0.00135994 0.00138436 0.00147867 0.00129646 0.00214271 0.00125165 0.00119076 0.00113669 0.00116535 0.00109949 0.00105414 0.00112064
threshold=0.6805403232574464 0.56534051895141613 2.3317277431488042 -6.6997458934783927 13.500000000000002 -5.2323460578918448 0.011726319789886476 323.45050048828131 0.084982872009277358 -0.14883381128311154 -7.1022071838378897 222.84999847412112 0.014108121395111086 -5.4936909675598136 -4.8559370040893546 0.1664407551288605 8.9795498847961444 0.16324782371520999 4.0736844539642343 13.500000000000002 0.14168310165405276 -6.8127291202545157 107.02499771118165 -1.6557701826095579 0.072561383247375502 4.5000000000000009 731.02700805664074 0.069265425205230727 3.029455423355103 -0.86120975017547596
decision_type=2 2 2 2 2 2 2 2 2 2 2 2 2 2 2 2 2 2 2 2 2 2 2 2 2 2 2 2 2 2
left_child=2 12 6 9 5 8 -1 14 -5 10 15 18 13 -2 -7 -4 28 -18 27 20 -20 -12 24 -10 -23 26 -25 -6 -9 -30
right_child=1 -3 3 4 11 7 -8 16 23 -11 21 -13 -14 -15 -16 -17 17 -19 19 -21 -22 22 -24 25 -26 -27 -28 -29 29 -31
leaf_value=0 0 0.00044081997903491792 0.00021072402755872193 -1.6066768309754337e-05 0.00013510272591551971 3.9616655827446577e-05 0.00035892233267709943 5.2877469613737758e-05 1.2922267187489933e-05 -9.7205392151012433e-06 0 0.00010593668515060057 0 0.00031591043030078131 0.00016170877318260279 0 1.4473512075786251e-05 0.00028163574706834368 7.282052224299391e-06 -1.1324472684102067e-05 0.00017364939904502153 9.4238210331594346e-05 0.00020549257110057324 -5.5602423923144459e-06 -7.1373455002979029e-06 -4.9469467624844958e-05 6.013503169204869e-05 6.9767598382740999e-06 -2.3349798803008656e-05 1.864358847882335e-05
leaf_weight=41 58 73 118 13541 114 586 45 197 3061 155 277 229 52 41 106 47 287 40 176 627 56 102 71 6248 123 369 168 140 1121 557
leaf_count=41 58 73 118 13541 114 586 45 197 3061 155 277 229 52 41 106 47 287 40 176 627 56 102 71 6248 123 369 168 140 1121 557
internal_value=5.39667e-07 0.000212413 -1.03961e-06 -1.7581e-06 -3.71004e-06 -5.99069e-06 0.000205746 2.10527e-05 -9.4448e-06 5.57611e-05 7.28915e-05 3.90627e-05 8.33703e-05 0.000145761 6.21325e-05 0.000160306 6.98585e-06 5.55349e-05 2.29764e-05 4.73857e-06 5.87422e-05 4.31289e-05 7.95184e-05 -8.31578e-08 2.79713e-05 -6.3199e-06 -3.44135e-06 7.45903e-05 -1.73568e-07 -7.91861e-06
internal_weight=28826 224 28602 28516 27623 26281 86 2894 23387 893 738 1342 151 99 692 165 2202 327 1113 859 232 573 296 9846 225 6785 6416 254 1875 1678
internal_count=28826 224 28602 28516 27623 26281 86 2894 23387 893 738 1342 151 99 692 165 2202 327 1113 859 232 573 296 9846 225 6785 6416 254 1875 1678
is_linear=0
shrinkage=0.025


Tree=23
num_leaves=31
num_cat=0
split_feature=37 31 35 30 12 0 4 32 31 34 32 19 18 4 30 37 0 30 34 16 18 34 22 7 37 36 37 13 34 3
split_gain=0.0155152 0.00800692 0.00571542 0.00456302 0.00378552 0.00361833 0.00339377 0.00243188 0.00240657 0.00223525 0.00198635 0.0020333 0.00181627 0.00164496 0.00293085 0.00156076 0.00179967 0.00166723 0.0011974 0.00114152 0.00111776 0.00140752 0.00109551 0.00121099 0.00106072 0.00105621 0.00137592 0.00129074 0.00105169 0.00103715
threshold=0.6805403232574464 0.56534051895141613 2.3317277431488042 -6.9768011569976798 222.84999847412112 -5.2391507625579825 0.011726319789886476 -1.6729418039321897 0.22505879402160647 0.052070260047912605 -1.8175354003906248 0.22305141389369967 20.500000000000004 0.014108121395111086 -5.6412003040313712 0.21474933624267581 -5.5412590503692618 -5.8455817699432364 0.1765202879905701 3.5000000000000004 20.500000000000004 0.1884221434593201 1.0000000180025095e-35 258.27900695800787 0.10960137844085695 3.7407640218734746 0.24837172031402591 3.7164099216461186 0.14134922623634341 0.012103989720344545
decision_type=2 2 2 2 2 2 2 2 2 2 2 2 2 2 2 2 2 2 2 2 2 2 2 2 2 2 2 2 2 2
left_child=2 13 6 7 5 10 -1 9 12 -4 15 18 29 14 -2 -5 17 20 -12 -20 21 -17 -13 -24 -11 26 -19 -28 -10 -7
right_child=1 -3 3 4 -6 8 -8 -9 28 24 11 22 -14 -15 -16 16 -18 25 19 -21 -22 -23 23 -25 -26 -27 27 -29 -30 -31
leaf_value=0 0 0.00042994839789006056 0.00035028837198340283 0 7.0267020224087497e-05 2.359752728926273e-05 0.00035014433042227254 2.2214184298754132e-05 3.4524544280429839e-05 0 7.2649555855492679e-07 -1.9495672359088844e-05 0 0 0.00028369118589277305 0.00013224752076885035 -2.7217022547621787e-05 0.00029746515823838617 0 7.8698986948931744e-05 -6.2360598856090272e-06 0 3.0975780224238055e-05 -9.1260194265376392e-06 0.00015843751499565638 0 0.00016726463883533145 0 0.0001942380813781981 9.2631416061136933e-05
leaf_weight=41 52 73 41 4626 431 872 45 203 121 44 2002 10272 1847 52 47 98 144 44 116 272 210 56 487 6137 40 49 49 61 73 221
leaf_count=41 52 73 41 4626 431 872 45 203 121 44 2002 10272 1847 52 47 98 144 44 116 272 210 56 487 6137 40 49 49 61 73 221
internal_value=5.55264e-07 0.000207398 -9.84444e-07 -1.68861e-06 -2.85493e-06 -4.08289e-06 0.000201105 9.06485e-05 2.10076e-05 0.000180886 -7.37865e-06 -1.1159e-05 1.43738e-05 8.124e-05 0.000142523 5.81353e-06 4.02918e-05 6.18561e-05 9.80927e-06 5.01254e-05 2.10253e-05 7.41293e-05 -1.42734e-05 -5.79612e-06 6.56419e-05 0.000122353 0.000154796 7.30396e-05 0.000108131 3.9913e-05
internal_weight=28826 224 28602 28516 28188 27757 86 328 3134 125 24623 19286 2940 151 99 5337 711 567 2390 388 364 154 16896 6624 84 203 154 110 194 1093
internal_count=28826 224 28602 28516 28188 27757 86 328 3134 125 24623 19286 2940 151 99 5337 711 567 2390 388 364 154 16896 6624 84 203 154 110 194 1093
is_linear=0
shrinkage=0.025


Tree=24
num_leaves=31
num_cat=0
split_feature=37 31 6 29 11 14 29 7 37 3 18 3 4 29 15 13 34 4 0 30 14 18 36 13 15 1 3 30 13 4
split_gain=0.014777 0.00758829 0.00534311 0.00454946 0.00396139 0.00395016 0.00353915 0.00223704 0.00208975 0.00175558 0.00160442 0.00159965 0.0015802 0.00304089 0.00146279 0.00143248 0.00344827 0.00143216 0.00190788 0.00139554 0.00191605 0.00132555 0.00140484 0.00120426 0.00205217 0.00112443 0.00122954 0.00107699 0.00145723 0.00101906
threshold=0.6805403232574464 0.56534051895141613 1.6776243448257449 -6.6997458934783927 13.500000000000002 0.13423423469066623 -5.2323460578918448 322.31750488281256 0.084982872009277358 0.0076486021280288705 22.500000000000004 0.016414180397987369 0.014108121395111086 -5.4936909675598136 6.5000000000000009 8.9795498847961444 0.16324782371520999 0.0026237964630126957 -6.0424609184265128 -7.3808417320251456 0.70900535583496105 13.500000000000002 4.0736844539642343 9.3427400588989276 3.5000000000000004 -1.6469054818153379 -0.0056415498256683341 -6.0121684074401847 4.8184399604797372 0.0074544548988342294
decision_type=2 2 2 2 2 2 2 2 2 2 2 2 2 2 2 2 2 2 2 2 2 2 2 2 2 2 2 2 2 2
left_child=2 12 3 10 6 -4 8 11 -5 14 19 -8 13 -2 21 -9 29 -16 -19 20 -1 23 -23 24 -6 26 27 28 -10 -17
right_child=1 -3 5 4 9 -7 7 15 25 -11 -12 -13 -14 -15 17 16 -18 18 -20 -21 -22 22 -24 -25 -26 -27 -28 -29 -30 -31
leaf_value=0.00025557064421554196 0 0.00041934494050282578 0.00037470225941832751 -1.5418958754140183e-05 0.00017756036913717829 0 3.9122161488870232e-05 -5.5007842914385905e-07 0.00011307208171177999 0.00013540059789460536 0.0002143539936385221 0.00016602019339306058 0 0.00030229047800059482 0 -8.4490524107466732e-06 0.00027416001106136788 0 0.00019235019015360368 2.6140827064421808e-05 0 5.2662893401681361e-05 -2.1491568825388039e-05 0 0 -5.9830550803374707e-06 3.1478072593601257e-06 6.4092932773876648e-06 0 8.2437323871999989e-05
leaf_weight=46 58 73 40 13541 94 53 591 1880 216 118 44 92 52 41 61 186 40 46 100 749 54 213 615 53 43 6758 2460 349 60 100
leaf_count=46 58 73 40 13541 94 53 591 1880 216 118 44 92 52 41 61 186 40 46 100 749 54 213 615 53 43 6758 2460 349 60 100
internal_value=5.67344e-07 0.00020243 -9.33183e-07 -1.64052e-06 -3.52227e-06 0.000187015 -5.74637e-06 2.00873e-05 -9.04564e-06 3.80995e-05 5.36948e-05 6.0088e-05 7.9047e-05 0.00013919 2.65848e-05 6.54828e-06 5.50054e-05 8.90475e-05 0.000131564 4.21849e-05 0.000136154 1.13554e-05 0 7.08905e-05 0.000111398 -2.32437e-08 1.22199e-05 4.38721e-05 8.2024e-05 1.47951e-05
internal_weight=28826 224 28602 28509 27616 93 26273 2889 23384 1343 893 683 151 99 1225 2206 326 207 146 849 100 1018 828 190 137 9843 3085 625 276 286
internal_count=28826 224 28602 28509 27616 93 26273 2889 23384 1343 893 683 151 99 1225 2206 326 207 146 849 100 1018 828 190 137 9843 3085 625 276 286
is_linear=0
shrinkage=0.025


Tree=25
num_leaves=31
num_cat=0
split_feature=31 33 31 35 16 29 34 12 30 20 29 30 1 35 35 1 7 4 13 3 12 13 1 34 30 4 32 33 31 14
split_gain=0.0130794 0.0088339 0.00580192 0.00454458 0.00327585 0.00314655 0.00426187 0.00240078 0.00216768 0.00233217 0.00213461 0.00202988 0.00338852 0.00189598 0.00176148 0.0017002 0.00365537 0.0016846 0.00163461 0.00153397 0.00186789 0.00254167 0.00125403 0.00111858 0.00158348 0.00109841 0.00101702 0.00236816 0.00098417 0.00094038
threshold=0.56534051895141613 -1.6442639231681822 0.23987364768981936 2.5482275485992436 8.5000000000000018 -4.8559370040893546 0.16067907214164737 26.354999542236332 -6.9768011569976798 1.0000000180025095e-35 -5.2416112422943106 -6.3602342605590811 -0.97810032963752735 3.3274015188217168 3.029455423355103 -0.4361411035060882 301.39201354980474 0.010564446449279787 0.81999999284744274 0.0085681080818176287 23.670000076293949 1.6525500416755678 -2.0330446958541866 0.075671911239624037 -6.6533205509185782 0.0054347217082977304 -1.1255499124526975 -1.2558609247207639 0.029815912246704105 0.57294833660125744
decision_type=2 2 2 2 2 2 2 2 2 2 2 2 2 2 2 2 2 2 2 2 2 2 2 2 2 2 2 2 2 2
left_child=2 -2 3 5 8 6 -1 -4 9 -5 18 12 -9 14 -13 26 -17 25 28 22 -21 -22 -12 24 -20 -11 27 -15 -10 -6
right_child=1 -3 7 4 29 -7 -8 11 10 17 19 13 -14 15 -16 16 -18 -19 23 20 21 -23 -24 -25 -26 -27 -28 -29 -30 -31
leaf_value=5.198921129595831e-05 0.00050815110261780475 1.5910637992449471e-05 0.00022169925769138321 0 3.8312445095924515e-05 -5.1245993539771928e-06 0.00041098096607519057 0.00026022165821115674 -1.6609627141941233e-05 3.1605336771463038e-05 8.3613922554497165e-05 1.2786182135553849e-05 0 -7.9634520751179612e-06 0.00022941162148543468 -3.6526614891701039e-06 0.00024032695744796817 0 3.7827428607678858e-05 0.00015738956459941582 0.00018691986607370417 0 -7.2605929901382133e-07 -2.3416507413083385e-06 -1.6318971310353659e-05 0.000310618255359507 -5.4565396997835102e-05 0.00015766553852998068 3.3263563503191411e-05 0
leaf_weight=83 52 60 60 129 1417 45 41 68 271 41 113 92 45 315 54 60 57 68 318 93 53 453 2039 7031 14186 43 203 60 862 414
leaf_count=83 52 60 60 129 1417 45 41 68 271 41 113 92 45 315 54 60 57 68 318 93 53 453 2039 7031 14186 43 203 60 862 414
internal_value=5.77017e-07 0.000269049 -3.92439e-07 -2.62988e-06 -3.51383e-06 0.000125839 0.000193026 5.82083e-05 -5.89679e-06 6.21781e-05 -6.7501e-06 4.50867e-05 0.000149694 2.79011e-05 0.00011093 6.7327e-06 9.50521e-05 0.000129045 -9.33999e-06 1.36775e-05 4.93161e-05 2.42506e-05 2.57818e-06 -1.09545e-05 -1.49569e-05 0.000205819 -6.96061e-06 1.22371e-05 1.91258e-05 2.85538e-05
internal_weight=28826 112 28714 27700 27531 169 124 1014 25700 281 25419 954 113 841 146 695 117 152 22668 2751 599 506 2152 21535 14504 84 578 375 1133 1831
internal_count=28826 112 28714 27700 27531 169 124 1014 25700 281 25419 954 113 841 146 695 117 152 22668 2751 599 506 2152 21535 14504 84 578 375 1133 1831
is_linear=0
shrinkage=0.025


Tree=26
num_leaves=31
num_cat=0
split_feature=37 31 35 29 11 29 4 7 37 32 0 0 12 3 12 4 29 34 32 29 13 34 37 4 32 3 15 8 9 0
split_gain=0.0136498 0.00698949 0.00509823 0.00417795 0.00366901 0.00325069 0.0031981 0.00211055 0.00193792 0.00170795 0.00215848 0.0017107 0.00221129 0.00159577 0.00165574 0.0015048 0.00285711 0.0014869 0.00188925 0.00148197 0.00129065 0.00329081 0.00122897 0.00122973 0.0010693 0.00110017 0.00147088 0.00123722 0.00207183 0.00118903
threshold=0.6805403232574464 0.56534051895141613 2.3317277431488042 -6.6997458934783927 13.500000000000002 -5.2323460578918448 0.011726319789886476 322.31750488281256 0.084982872009277358 -0.14883381128311154 -7.1050715446472159 -6.8178927898406974 111.43500137329103 0.0076486021280288705 222.84999847412112 0.014108121395111086 -5.4936909675598136 0.1664407551288605 -1.6729418039321897 -4.8559370040893546 8.9795498847961444 0.16324782371520999 0.19821476936340335 0.0027450025081634526 -1.6557701826095579 -0.0053957402706146232 1.0000000180025095e-35 34.500000000000007 3.5000000000000004 -5.7958033084869376
decision_type=2 2 2 2 2 2 2 2 2 2 2 2 2 2 2 2 2 2 2 2 2 2 2 2 2 2 2 2 2 2
left_child=2 15 6 9 5 8 -1 19 -5 10 17 -12 -13 14 -6 16 -2 18 -4 -7 -9 -22 23 -16 25 26 27 28 -10 -27
right_child=1 -3 3 4 13 7 -8 20 24 -11 11 12 -14 -15 22 -17 -18 -19 -20 -21 21 -23 -24 -25 -26 29 -28 -29 -30 -31
leaf_value=0 0 0.00040312277610929739 0.00029426699540741486 -1.4777762278706463e-05 9.6820764782663313e-06 3.6289065857125083e-05 0.00033426797930429615 -5.7529259522224647e-07 6.553039744942092e-06 -1.1078209858962324e-05 0 3.0563610959317824e-05 0.0002194328983387095 0.00013025877414709274 0 0 0.00029232696776965725 0 3.3427707430432902e-05 0.00015208455482662372 1.2735418511877268e-05 0.00026587530825054276 0 0.00017277385888155551 -5.7315545741721324e-06 -1.2882413064901712e-05 1.0667727176103208e-05 0 0.00023530657644797644 2.1952393447834692e-05
leaf_weight=41 58 73 68 13541 1017 577 45 1884 75 155 283 222 63 117 47 52 41 45 57 106 287 40 52 109 6785 1231 473 49 72 1161
leaf_count=41 58 73 68 13541 1017 577 45 1884 75 155 283 222 63 117 47 52 41 45 57 106 287 40 52 109 6785 1231 473 49 72 1161
internal_value=5.84027e-07 0.000194594 -8.54736e-07 -1.52466e-06 -3.33111e-06 -5.47345e-06 0.000190009 1.92513e-05 -8.64056e-06 5.14986e-05 6.80216e-05 3.8393e-05 8.16762e-05 3.67346e-05 2.56639e-05 7.53465e-05 0.000134291 0.000151593 0.000196375 5.81113e-05 6.09596e-06 5.20387e-05 9.1424e-05 0.000126567 0 1.20605e-05 4.0734e-05 0.000100179 0.00013632 2.98268e-06
internal_weight=28826 224 28602 28516 27623 26281 86 2894 23387 893 738 568 285 1342 1225 151 99 170 125 683 2211 327 208 156 9846 3061 669 196 147 2392
internal_count=28826 224 28602 28516 27623 26281 86 2894 23387 893 738 568 285 1342 1225 151 99 170 125 683 2211 327 208 156 9846 3061 669 196 147 2392
is_linear=0
shrinkage=0.025


Tree=27
num_leaves=31
num_cat=0
split_feature=37 31 33 0 30 14 11 0 31 13 3 7 12 32 4 30 34 34 30 37 14 30 36 6 3 33 31 3 31 32
split_gain=0.0130082 0.00661793 0.00498667 0.00464451 0.0046136 0.00397129 0.00332128 0.00298526 0.00271398 0.0020267 0.00200045 0.001835 0.00159655 0.00150463 0.00144877 0.00258761 0.00137216 0.00105894 0.00123779 0.00105157 0.001155 0.00162066 0.000950141 0.00102455 0.000923475 0.000882402 0.00136376 0.00108359 0.000870296 0.000838172
threshold=0.6805403232574464 0.56534051895141613 -3.2385551929473873 -7.1050715446472159 -6.0177025794982901 0.70900535583496105 13.500000000000002 -5.2391507625579825 0.22505879402160647 1.2847999930381777 0.0076486021280288705 322.31750488281256 222.84999847412112 -1.7757591009140012 0.014108121395111086 -5.6412003040313712 0.19227182865142825 0.06034433841705323 -6.4724853038787833 0.23789358139038089 0.56711712479591381 -5.6585443019866934 4.2139487266540536 -0.58034229278564442 -0.004437386989593505 -2.0295991897583003 0.19698190689086917 -0.010305255651473997 0.026821851730346683 -1.0410962104797361
decision_type=2 2 2 2 2 2 2 2 2 2 2 2 2 2 2 2 2 2 2 2 2 2 2 2 2 2 2 2 2 2
left_child=2 14 4 5 -1 -4 7 9 11 28 12 24 29 17 15 -2 -10 18 22 20 21 -14 -11 -24 -9 27 -27 -19 -5 -8
right_child=1 -3 3 6 -6 -7 10 8 16 13 -12 -13 19 -15 -16 -17 -18 25 -20 -21 -22 -23 23 -25 -26 26 -28 -29 -30 -31
leaf_value=1.2100501001387926e-06 0 0.00039318088489282571 0.00022633025507319459 -1.1418566060144821e-05 0.00038099657358011096 0 3.3571144987268083e-05 -4.5683157444960033e-06 3.8952545892794715e-05 -1.6210971516557038e-05 0.00013688497529344676 0 0.00027250942376364645 -1.3688254418137592e-05 0 0.00026382984244264666 0.00021936135922996552 0.00011948826058985704 -1.5031496652027644e-05 0 4.1268298324818396e-06 0 0 0.00013127438137840861 5.9673367501503969e-05 1.9138337508317483e-05 0.00013010164655861446 -2.009514225078668e-06 2.3914129401027669e-05 -9.385585436019035e-06
leaf_weight=67 52 73 102 478 40 108 477 93 131 56 120 2167 53 16407 52 47 62 46 2490 40 77 44 87 95 587 889 89 1535 1696 566
leaf_count=67 52 73 102 478 40 108 477 93 131 56 120 2167 53 16407 52 47 62 46 2490 40 77 44 87 95 587 889 89 1535 1696 566
internal_value=5.97415e-07 0.000189993 -8.05046e-07 -1.5346e-06 0.000168548 0.000115076 -2.49278e-06 -4.51369e-06 1.8579e-05 -7.56034e-06 3.51582e-05 1.14246e-05 2.33584e-05 -9.93641e-06 7.33752e-05 0.000131295 0.000110626 1.23419e-06 -9.0675e-06 8.67883e-05 0.000114059 0.000174882 4.26705e-05 7.44386e-05 4.72225e-05 1.3192e-05 3.19124e-05 1.85426e-08 1.49944e-05 7.87872e-06
internal_weight=28826 224 28602 28495 107 210 28285 26908 3040 23868 1377 2847 1257 21694 151 99 193 5287 2728 214 174 97 238 182 680 2559 978 1581 2174 1043
internal_count=28826 224 28602 28495 107 210 28285 26908 3040 23868 1377 2847 1257 21694 151 99 193 5287 2728 214 174 97 238 182 680 2559 978 1581 2174 1043
is_linear=0
shrinkage=0.025


Tree=28
num_leaves=31
num_cat=0
split_feature=37 7 31 33 0 30 35 29 13 35 37 33 34 20 30 20 7 1 0 31 15 35 36 31 35 36 12 12 1 37
split_gain=0.0123874 0.0064264 0.0113567 0.00477748 0.00442496 0.00435916 0.00435254 0.00328853 0.00265128 0.00256976 0.00416005 0.00293165 0.00163448 0.00161262 0.00152761 0.00149322 0.00126824 0.00105535 0.00122021 0.00106552 0.000975223 0.00103723 0.00111205 0.00108542 0.00106553 0.00100703 0.00098306 0.00101646 0.000909805 0.000895454
threshold=0.6805403232574464 293.34350585937506 0.56534051895141613 -3.2385551929473873 -7.1050715446472159 -6.0177025794982901 5.566326618194581 -5.306304693222045 1.2847999930381777 3.2778991460800175 0.35825586318969732 -0.27808722853660578 0.086606651544570937 8.5000000000000018 -6.6533205509185782 3.5000000000000004 641.23300170898449 -2.0618058443069454 -4.8738768100738517 0.12632799148559573 6.5000000000000009 4.3474967479705819 4.054366111755372 0.010389089584350588 3.940607070922852 3.4802231788635258 71.344997406005874 96.024997711181655 -1.7858526110649107 0.11285996437072755
decision_type=2 2 2 2 2 2 2 2 2 2 2 2 2 2 2 2 2 2 2 2 2 2 2 2 2 2 2 2 2 2
left_child=3 -2 15 5 6 -1 -5 8 13 10 17 16 14 -6 -10 -3 -11 18 19 29 21 22 24 -24 25 26 -14 -28 -27 -9
right_child=1 2 -4 4 7 -7 -8 9 12 11 -12 -13 20 -15 -16 -17 -18 -19 -20 -21 -22 -23 23 -25 -26 28 27 -29 -30 -31
leaf_value=1.1802504527355141e-06 -4.9472419556141602e-05 0.00015829488184138001 0.00054774587909825207 0.00028657340768068726 1.375227582468803e-05 0.00037170397425098802 1.7527802284800233e-05 0 3.4448725895239946e-05 -7.9875928058085561e-06 0.00028769290571709956 6.1203444688308641e-05 4.966384706629882e-05 0.00013167479318969817 -1.4454646754373163e-05 0 4.0124079387169335e-05 0 0 0.00019484114633245477 0.00012071219019099073 -7.8720697501498953e-06 0.00012090005244317583 2.1808251793347232e-05 -3.8799752965453001e-05 4.5446678695562653e-05 -9.6108124386827358e-05 -7.573409050579238e-07 -7.1001918957335866e-06 0.00011572754256791853
leaf_weight=67 41 78 58 64 2258 40 146 128 380 2495 51 558 96 81 15276 47 393 272 52 68 42 3549 95 840 340 605 118 314 199 75
leaf_count=67 41 78 58 64 2258 40 146 128 380 2495 51 558 96 81 15276 47 393 272 52 68 42 3549 95 840 340 605 118 314 199 75
internal_value=6.05774e-07 0.000185426 0.000251623 -7.60696e-07 -1.47664e-06 0.000165001 0.000112341 -2.41399e-06 -5.99781e-06 1.816e-05 6.45199e-05 8.72776e-06 -8.78402e-06 1.89589e-05 -1.31059e-05 9.11246e-05 -5.63567e-07 4.07455e-05 7.13423e-05 9.41624e-05 1.72993e-06 4.92642e-07 1.28371e-05 3.46658e-05 0 1.06996e-05 -1.29642e-05 -3.27377e-05 2.93424e-05 4.73928e-05
internal_weight=28826 224 183 28602 28495 107 210 28285 24193 4092 646 3446 21854 2339 15656 125 2888 595 323 271 6198 6156 2607 935 1672 1332 528 432 804 203
internal_count=28826 224 183 28602 28495 107 210 28285 24193 4092 646 3446 21854 2339 15656 125 2888 595 323 271 6198 6156 2607 935 1672 1332 528 432 804 203
is_linear=0
shrinkage=0.025


Tree=29
num_leaves=31
num_cat=0
split_feature=37 7 7 33 0 35 35 29 13 14 35 37 34 20 7 33 10 7 4 13 0 21 4 11 10 13 3 16 0 0
split_gain=0.0117675 0.00615745 0.0096924 0.00457764 0.00423037 0.00411946 0.00372331 0.00313685 0.0025261 0.00251851 0.00263545 0.00205656 0.00155276 0.00153044 0.0013663 0.00120809 0.001144 0.00106466 0.00140047 0.00107784 0.000905355 0.000899535 0.00112116 0.000981441 0.000906502 0.0015215 0.000840008 0.00118426 0.00162826 0.00348899
threshold=0.6805403232574464 293.34350585937506 389.47499084472662 -3.2385551929473873 -7.1050715446472159 5.566326618194581 2.5482275485992436 -5.306304693222045 1.2847999930381777 0.63762626051902782 3.3008154630661015 0.35825586318969732 0.086606651544570937 8.5000000000000018 563.57550048828136 -0.86120975017547596 2.5000000000000004 298.15100097656256 0.0033622384071350102 2.6506999731063847 -6.686753273010253 3.5000000000000004 0.00053972005844116222 7.5000000000000009 3.5000000000000004 3.3314499855041508 -0.0027647018432617183 7.5000000000000009 -5.9761357307434073 -5.6739213466644278
decision_type=2 2 2 2 2 2 2 2 2 2 2 2 2 2 2 2 2 2 2 2 2 2 2 2 2 2 2 2 2 2
left_child=3 -2 -3 6 5 -5 -1 8 13 10 11 16 20 -6 -4 -12 17 -9 -19 -20 -10 22 23 24 25 -22 -14 -28 -29 -30
right_child=1 2 14 4 7 -7 -8 9 12 -11 15 -13 26 -15 -16 -17 -18 18 19 -21 21 -23 -24 -25 -26 -27 27 28 29 -31
leaf_value=0.0003381448831221658 -4.8265056296562158e-05 0.00059746361614781474 0.00019936294536915071 0.00027951929583594812 1.3408620749174022e-05 1.7092586932158405e-05 0 0 2.6009833545349132e-05 9.4981132269857804e-05 -1.0049093078001502e-05 0.0002194615770937302 -5.9978080367133156e-06 0.00012842306878333259 0 2.1448639022459339e-05 5.563731390385347e-06 0 0.00027700023908189248 6.7951066886466418e-05 0 -4.9410461874555002e-06 -2.0358278087020138e-05 -5.4208903098984403e-05 -1.6282589325529377e-05 0.00011074709596783112 3.7896555888323498e-06 -1.0538687416183668e-05 0.00018933711036394623 5.9174690109752446e-06
leaf_weight=44 41 41 75 64 2258 146 63 43 323 256 1922 51 3473 81 67 1233 391 44 43 109 151 5438 9421 75 85 163 2271 126 119 209
leaf_count=44 41 41 75 64 2258 146 63 43 323 256 1922 51 3473 81 67 1233 391 44 43 109 151 5438 9421 75 85 163 2271 126 119 209
internal_value=6.13109e-07 0.00018075 0.000245629 -7.16518e-07 -1.41918e-06 0.000109864 0.000161541 -2.33764e-06 -5.83973e-06 1.77533e-05 1.19244e-05 5.6614e-05 -8.5613e-06 1.85131e-05 0.000123093 1.47123e-06 3.91423e-05 8.34075e-05 0.000108872 0.000144854 -1.27742e-05 -1.37559e-05 -1.83467e-05 1.63308e-05 3.59426e-05 5.80233e-05 1.67744e-06 1.23752e-05 4.97246e-05 8.0435e-05
internal_weight=28826 224 183 28602 28495 210 107 28285 24193 4092 3836 681 21854 2339 142 3155 630 239 196 152 15656 15333 9895 474 399 314 6198 2725 454 328
internal_count=28826 224 183 28602 28495 210 107 28285 24193 4092 3836 681 21854 2339 142 3155 630 239 196 152 15656 15333 9895 474 399 314 6198 2725 454 328
is_linear=0
shrinkage=0.025


Tree=30
num_leaves=31
num_cat=0
split_feature=37 32 31 33 30 30 11 29 32 14 34 19 2 13 19 12 14 30 36 34 30 34 18 32 12 33 19 4 1 33
split_gain=0.0112288 0.00601975 0.011755 0.00438312 0.00408258 0.0039582 0.00309103 0.00278363 0.0026353 0.00238471 0.00216217 0.0037238 0.00328929 0.00190889 0.00172612 0.00146076 0.00128715 0.00184986 0.00128624 0.00127376 0.00118982 0.00109157 0.00127741 0.00108656 0.00137393 0.00132705 0.00109181 0.00111335 0.00124613 0.00129489
threshold=0.6805403232574464 -1.9740556478500364 0.41876363754272466 -3.2385551929473873 -6.9768011569976798 -6.0177025794982901 13.500000000000002 -5.2229983806610099 -1.6729418039321897 0.43534001708030706 0.22742259502410891 0.42740046977996832 3.6383908987045293 1.2847999930381777 0.41897973418235784 222.84999847412112 0.56711712479591381 -5.7044994831085196 4.0736844539642343 0.086606651544570937 -6.6533205509185782 0.088213771581649794 26.500000000000004 -1.8175354003906248 72.18500137329103 -2.000800251960754 0.70659971237182628 0.0031045079231262211 -1.9582259654998777 -2.158111453056335
decision_type=2 2 2 2 2 2 2 2 2 2 2 2 2 2 2 2 2 2 2 2 2 2 2 2 2 2 2 2 2 2
left_child=3 -2 -3 5 8 -1 7 13 9 -5 14 -12 -13 -6 -9 18 17 -17 21 20 -15 22 -8 24 26 -26 27 -21 29 -29
right_child=1 2 -4 4 6 -7 15 10 -10 -11 11 12 -14 19 -16 16 -18 -19 -20 23 -22 -23 -24 -25 25 -27 -28 28 -30 -31
leaf_value=1.5663246278349545e-07 0 4.3289406242331975e-05 0.00054732005528057928 0.00027844878312823992 1.4778539916094221e-05 0.00035521532920339694 0.00024659129296196626 4.5091279799096387e-05 1.807588295288916e-05 0 -3.7274761641050247e-06 0.00031078742865302603 0 3.2245170868861453e-05 0 0.00024852073468411201 0 1.2789783829340602e-05 2.13435333833026e-06 0 -1.4368827688507059e-05 0 3.1777293288052865e-05 -6.1884846329072005e-06 -1.2561110694467824e-05 4.663504137670316e-05 0 5.4802095672067512e-05 0 0.00026962539802363088
leaf_weight=67 85 80 59 70 2148 40 42 706 203 47 80 65 54 317 1919 64 100 68 881 97 15472 119 92 4427 859 319 148 86 57 55
leaf_count=67 85 80 59 70 2148 40 42 706 203 47 80 65 54 317 1919 64 100 68 881 97 15472 119 92 4427 859 319 148 86 57 55
internal_value=6.21696e-07 0.000176586 0.000277469 -6.75115e-07 -1.36457e-06 0.000158097 -2.46085e-06 -4.41316e-06 8.70787e-05 0.000184447 1.88155e-05 9.98199e-05 0.000189716 -7.253e-06 1.16869e-05 3.40013e-05 9.41468e-05 0.00014689 1.94217e-05 -9.53519e-06 -1.32726e-05 6.95318e-05 0.000118953 0 1.77238e-05 1.3746e-06 5.54668e-05 8.31877e-05 0.000117431 0.000157513
internal_weight=28826 224 139 28602 28495 107 28175 26809 320 117 2824 199 119 23985 2625 1366 232 132 1134 21837 15789 253 134 6048 1621 1178 443 295 198 141
internal_count=28826 224 139 28602 28495 107 28175 26809 320 117 2824 199 119 23985 2625 1366 232 132 1134 21837 15789 253 134 6048 1621 1178 443 295 198 141
is_linear=0
shrinkage=0.025


Tree=31
num_leaves=31
num_cat=0
split_feature=37 0 29 33 0 35 29 35 11 29 34 19 2 3 13 19 12 37 37 14 4 1 12 35 19 13 11 20 4 15
split_gain=0.0107247 0.00570837 0.0179303 0.00420019 0.0039201 0.00377594 0.00343863 0.00336007 0.00296374 0.00260082 0.00205277 0.00357747 0.00309641 0.00186719 0.00177284 0.00164209 0.00139931 0.00119341 0.00100594 0.00105077 0.0013722 0.00100341 0.00106343 0.000961064 0.00110378 0.0018994 0.00137896 0.00151255 0.00127757 0.00128247
threshold=0.6805403232574464 -5.1008982658386222 -5.4791145324707022 -3.2385551929473873 -7.1050715446472159 5.566326618194581 -6.0053641796112052 2.5482275485992436 13.500000000000002 -5.2229983806610099 0.22742259502410891 0.42740046977996832 3.6383908987045293 0.0076486021280288705 1.3703500032424929 0.41897973418235784 222.84999847412112 0.13529872894287112 0.23789358139038089 0.56711712479591381 0.0040051043033599862 -0.66955748200416554 12.194999694824221 5.2996895313262948 0.48435972630977636 2.2228599786758427 7.5000000000000009 3.5000000000000004 0.010269641876220705 1.0000000180025095e-35
decision_type=2 2 2 2 2 2 2 2 2 2 2 2 2 2 2 2 2 2 2 2 2 2 2 2 2 2 2 2 2 2
left_child=3 2 6 7 5 -5 -2 -1 9 14 15 -12 -13 16 -6 -11 -10 -16 19 20 -18 22 -17 24 25 -19 27 -27 -26 -30
right_child=1 -3 -4 4 8 -7 -8 -9 13 10 11 12 -14 -15 17 21 18 23 -20 -21 -22 -23 -24 -25 28 26 -28 -29 29 -31
leaf_value=0.00032277410685330529 0.00022202460420446408 0 0.00071152066121945483 0.00026845640543391575 1.3176530554610279e-05 1.6188431422435104e-05 -1.2962369694244389e-05 0 7.2481425086745141e-06 4.39655931226069e-05 -3.6354373034196145e-06 0.00030313546473652509 0 0.00013169167252527578 -1.2363471528739025e-05 5.3417387033148972e-05 0 -3.6226358623774593e-05 0 2.0328564502191353e-06 0.00024796875260704086 3.5744399186401818e-05 -1.7351298645253167e-05 -2.3513618034877687e-05 -1.2675258343741293e-05 7.8092615839850114e-05 5.7525480153578111e-06 0 0.0001234301270787178 0
leaf_weight=44 57 60 40 64 2389 146 67 63 1043 706 80 65 54 120 16732 133 40 271 40 77 57 379 1407 787 1983 561 826 233 86 216
leaf_count=44 57 60 40 64 2389 146 67 63 1043 706 80 65 54 120 16732 133 40 271 40 77 57 379 1407 787 1983 561 826 233 86 216
internal_value=6.45378e-07 0.000172614 0.000249505 -6.19995e-07 -1.29677e-06 0.000105826 7.59679e-05 0.000154806 -2.18419e-06 -4.09821e-06 1.83576e-05 9.7332e-05 0.000185507 3.33793e-05 -6.83575e-06 1.13838e-05 2.19093e-05 -9.15518e-06 8.13715e-05 0.000108293 0.000166252 0 -9.58644e-06 1.15775e-06 6.4103e-06 2.07845e-05 3.18802e-05 5.58748e-05 -4.39565e-06 4.15817e-05
internal_weight=28826 224 164 28602 28495 210 124 107 28285 26908 2824 199 119 1377 24084 2625 1257 21695 214 174 97 1919 1540 4963 4176 1891 1620 794 2285 302
internal_count=28826 224 164 28602 28495 210 124 107 28285 26908 2824 199 119 1377 24084 2625 1257 21695 214 174 97 1919 1540 4963 4176 1891 1620 794 2285 302
is_linear=0
shrinkage=0.025


Tree=32
num_leaves=31
num_cat=0
split_feature=37 7 31 33 30 30 11 29 32 14 30 3 37 14 30 3 11 15 29 0 18 15 18 36 31 1 1 35 34 18
split_gain=0.0101731 0.00587835 0.010387 0.00402197 0.00377091 0.00359247 0.00285347 0.00252662 0.00238457 0.00225895 0.00199355 0.00184929 0.00159655 0.00142281 0.00133155 0.00114666 0.00112068 0.00111846 0.00123928 0.00260784 0.00110211 0.0010529 0.00123207 0.000982657 0.000915721 0.000909611 0.00105724 0.00169865 0.000880671 0.000836132
threshold=0.6805403232574464 293.34350585937506 0.56534051895141613 -3.2385551929473873 -6.9768011569976798 -6.0177025794982901 13.500000000000002 -5.2229983806610099 -1.6729418039321897 0.43534001708030706 -5.3964383602142325 0.0076486021280288705 0.084982872009277358 0.39208073914051061 -6.6258239746093741 0.0085681080818176287 2.5000000000000004 6.5000000000000009 -6.0790343284606925 -5.6251280307769767 13.500000000000002 3.5000000000000004 8.5000000000000018 4.0736844539642343 0.053786993026733405 -1.6469054818153379 -2.4441860914230342 3.0731320381164555 0.0054594278335571298 21.500000000000004
decision_type=2 2 2 2 2 2 2 2 2 2 2 2 2 2 2 2 2 2 2 2 2 2 2 2 2 2 2 2 2 2
left_child=3 -2 13 5 8 -1 7 12 9 -5 -9 17 14 -3 -6 -12 -17 20 -19 -20 21 22 -8 -22 -13 26 -14 -28 -29 -18
right_child=1 2 -4 4 6 -7 11 10 -10 -11 15 24 25 -15 -16 16 29 18 19 -21 23 -23 -24 -25 -26 -27 27 28 -30 -31
leaf_value=0 -5.6069090441312813e-05 0 0.00051469300121317571 0.00026781792340891986 2.9736609243588499e-05 0.00033946625255871707 1.3775614405884996e-05 0.00019610351405856087 1.7383709667375811e-05 0 3.8271580850527819e-06 0 -1.4564927368730336e-05 0.00016746229863078414 -1.3893182178681873e-05 0.00012710296018267402 5.4016905415242149e-05 0 0.00018982984109024983 0 4.0650641338391518e-05 0 0.00019629504883986171 -2.0744226406370682e-05 0.00018596988127300346 -4.3878136233645695e-06 0.00017737556082688066 -5.8347041696923735e-05 1.9114422825588541e-05 0
leaf_weight=67 41 67 58 70 416 40 102 40 203 47 2090 44 651 58 13450 99 298 55 99 55 211 49 55 621 75 6937 44 80 2407 297
leaf_count=67 41 67 58 70 416 40 102 40 203 47 2090 44 651 58 13450 99 298 55 99 55 211 49 55 621 75 6937 44 80 2407 297
internal_value=6.55203e-07 0.000168142 0.000231993 -5.74916e-07 -1.23906e-06 0.000151518 -2.2961e-06 -4.1753e-06 8.37594e-05 0.000176614 1.79444e-05 3.2732e-05 -6.88454e-06 7.79355e-05 -1.24019e-05 1.44175e-05 4.26621e-05 2.12635e-05 7.55641e-05 0.000112841 7.86182e-06 6.01614e-05 9.4376e-05 -2.14282e-06 0.000130898 4.29282e-07 1.17144e-05 1.94642e-05 1.55954e-05 2.42279e-05
internal_weight=28826 224 183 28602 28495 107 28175 26809 320 117 2824 1366 23985 125 13866 2784 694 1247 209 154 1038 206 157 832 119 10119 3182 2531 2487 595
internal_count=28826 224 183 28602 28495 107 28175 26809 320 117 2824 1366 23985 125 13866 2784 694 1247 209 154 1038 206 157 832 119 10119 3182 2531 2487 595
is_linear=0
shrinkage=0.025


Tree=33
num_leaves=31
num_cat=0
split_feature=37 32 32 35 29 4 11 29 7 37 18 19 35 29 13 34 32 32 34 37 33 36 12 34 35 1 11 4 1 3
split_gain=0.00967566 0.00567178 0.00855757 0.00386459 0.00323131 0.00303487 0.00287098 0.00237175 0.00180956 0.00156996 0.00148883 0.00139998 0.00220584 0.00134518 0.00120337 0.00289003 0.00104133 0.00119387 0.00112307 0.00358647 0.000951366 0.00270601 0.000924517 0.00129569 0.00119461 0.000886688 0.00124473 0.000926886 0.00086259 0.00109249
threshold=0.6805403232574464 -1.9740556478500364 -1.1122158765792844 2.3317277431488042 -6.6997458934783927 0.011726319789886476 13.500000000000002 -5.2323460578918448 323.45050048828131 0.084982872009277358 22.500000000000004 0.28165064752101904 3.88756275177002 -4.8559370040893546 8.9795498847961444 0.16324782371520999 -0.14883381128311154 -0.49817594885826105 0.1664407551288605 0.21474933624267581 -1.986472427845001 4.6936275959014901 188.45499420166018 0.06724992394447328 4.4093704223632821 -0.81872671842575062 20.500000000000004 0.0062676072120666513 -1.6469054818153379 -0.0056415498256683341
decision_type=2 2 2 2 2 2 2 2 2 2 2 2 2 2 2 2 2 2 2 2 2 2 2 2 2 2 2 2 2 2
left_child=3 -2 -3 5 10 -1 7 9 13 -6 16 12 -8 -9 -10 -16 17 18 19 20 21 -5 23 -13 -24 -14 27 -27 29 -11
right_child=1 2 -4 4 6 -7 11 8 14 28 -12 22 25 -15 15 -17 -18 -19 -20 -21 -22 -23 24 -25 -26 26 -28 -29 -30 -31
leaf_value=0 0 0.00044628769375849511 1.0339395104727537e-05 0 -1.2876302672478122e-05 0.00030516988625648719 0.00022238754391115179 3.1410729767800984e-05 -2.3642314872551087e-06 4.1008857950512315e-05 0.00019862784841097894 2.818677705346807e-05 0 0.00014136964594782113 1.1323849393060451e-05 0.00024929732539287838 -1.2470557874516649e-05 0.00016818298469889532 -2.7872825146634848e-05 0.00023155799933842253 0 0.00021233231789929879 0 -4.3611812389934518e-05 0.00013845837830116841 1.5502850817574653e-05 0 0.000158291047673383 -4.7521773345153697e-06 2.589427034137026e-06
leaf_weight=41 85 74 65 110 13541 45 55 586 1875 625 44 301 202 106 287 40 155 58 103 62 307 54 70 303 69 99 133 110 6758 2463
leaf_count=41 85 74 65 110 13541 45 55 586 1875 625 44 301 202 106 287 40 155 58 103 62 307 54 70 303 69 99 133 110 6758 2463
internal_value=6.61262e-07 0.000164001 0.000261814 -5.36237e-07 -1.13087e-06 0.000165645 -2.73019e-06 -4.63538e-06 1.64462e-05 -7.35159e-06 4.54917e-05 3.26943e-05 6.17078e-05 5.20413e-05 4.10675e-06 4.8727e-05 3.43898e-05 4.84558e-05 3.33657e-05 4.99115e-05 2.0264e-05 6.91253e-05 5.89211e-06 -3.71171e-06 6.52094e-05 4.04972e-05 6.49735e-05 0.000102955 0 1.11855e-05
internal_weight=28826 224 139 28602 28516 86 27623 26281 2894 23387 893 1342 599 692 2202 327 849 694 636 533 471 164 743 604 139 544 342 209 9846 3088
internal_count=28826 224 139 28602 28516 86 27623 26281 2894 23387 893 1342 599 692 2202 327 849 694 636 533 471 164 743 604 139 544 342 209 9846 3088
is_linear=0
shrinkage=0.025


Tree=34
num_leaves=31
num_cat=0
split_feature=31 30 11 35 12 29 34 16 16 0 8 22 30 37 3 12 12 15 22 13 19 31 13 12 30 31 1 30 34 14
split_gain=0.00927512 0.00865751 0.00994722 0.0031409 0.00290138 0.00277071 0.00405289 0.00262377 0.0018897 0.00348489 0.00185221 0.00124409 0.00127597 0.00119906 0.00119197 0.00114439 0.00106142 0.00103112 0.0010129 0.00251485 0.0025726 0.00133648 0.00113422 0.000937077 0.000873053 0.00192183 0.00501949 0.00103801 0.000762099 0.00113241
threshold=0.23987364768981936 -6.4407777786254874 6.5000000000000009 2.5482275485992436 30.599999427795414 -4.8559370040893546 0.16067907214164737 8.5000000000000018 6.5000000000000009 -5.2671790122985831 17.500000000000004 1.0000000180025095e-35 -5.2180325984954825 0.13529872894287112 0.0095915794372558611 38.795000076293952 172.85499572753909 3.5000000000000004 1.5000000000000002 2.3436599969863896 0.29459981620311743 0.020026922225952152 4.2612900733947763 79.454998016357436 -5.4953265190124503 0.3042218685150147 -1.7858526110649107 -4.8441071510314933 0.011350274085998537 0.81322672963142406
decision_type=2 2 2 2 2 2 2 2 2 2 2 2 2 2 2 2 2 2 2 2 2 2 2 2 2 2 2 2 2 2
left_child=3 2 -2 5 -3 6 -1 10 24 17 11 12 -5 14 16 -13 -12 -10 21 20 -20 22 -9 -15 25 -6 -27 -26 -17 -30
right_child=1 4 -4 7 8 -7 -8 18 9 -11 13 15 -14 23 -16 28 -18 -19 19 -21 -22 -23 -24 -25 27 26 -28 -29 29 -31
leaf_value=3.2669067911791942e-05 6.6389616181424316e-05 0.00019366923769848656 0.00057847592984843583 -3.0417705884644323e-06 -1.6529640769528309e-05 -1.8627543316182232e-05 0.00037861342070668583 8.0046252246607725e-06 -9.7370436486969578e-07 0.00023318194368398073 -1.2586259837585297e-05 0 8.5984729856410831e-05 -7.1195821418828073e-06 1.763894339339697e-05 0 5.6339384098151875e-05 9.721284694645461e-05 0.00032220348365242699 1.6673129071843336e-05 6.1945067459924329e-06 1.7633469209548432e-06 0.00015244910912327054 1.3933622675656286e-05 -6.9320544442711801e-05 0.00027658121409762838 0 4.4749902544270563e-05 8.357125639477934e-05 0
leaf_weight=83 80 79 44 1647 211 45 41 138 167 72 16975 268 105 2566 830 78 127 78 44 288 53 1231 77 2574 182 58 115 40 462 68
leaf_count=83 80 79 44 1647 211 45 41 138 167 72 16975 268 105 2566 830 78 127 78 44 288 53 1231 77 2574 182 58 115 40 462 68
internal_value=6.69361e-07 7.10382e-05 0.000271272 -2.10333e-06 4.35205e-05 0.000104642 0.000169168 -2.85317e-06 2.77679e-05 7.71651e-05 -4.9952e-06 1.45721e-05 9.13602e-07 -7.33289e-06 -1.04163e-05 3.90063e-05 -1.1925e-05 2.03912e-05 2.58342e-05 6.38658e-05 0.000176874 1.39434e-05 7.17763e-05 2.93778e-06 0 2.45972e-05 8.89321e-05 -3.7448e-05 5.8013e-05 6.89702e-05
internal_weight=28826 1126 124 27700 1002 169 124 27531 923 317 25700 2628 1752 23072 17932 876 17102 245 1831 385 97 1446 215 5140 606 384 173 222 608 530
internal_count=28826 1126 124 27700 1002 169 124 27531 923 317 25700 2628 1752 23072 17932 876 17102 245 1831 385 97 1446 215 5140 606 384 173 222 608 530
is_linear=0
shrinkage=0.025


Tree=35
num_leaves=31
num_cat=0
split_feature=37 32 31 33 0 35 30 29 14 35 12 37 3 11 20 11 15 4 20 18 11 14 33 33 37 30 35 3 6 1
split_gain=0.0089776 0.00548756 0.0108214 0.00368391 0.00346562 0.00343168 0.003345 0.00253115 0.00225448 0.00229826 0.00213428 0.00247993 0.00194218 0.0020144 0.00192802 0.00200971 0.00159416 0.00142649 0.00116119 0.00110198 0.00109191 0.0024218 0.00106562 0.000941819 0.000913328 0.00127643 0.0012828 0.00103716 0.000891524 0.000942899
threshold=0.6805403232574464 -1.9740556478500364 0.41876363754272466 -3.2385551929473873 -7.1050715446472159 5.566326618194581 -6.0177025794982901 -5.306304693222045 0.63762626051902782 3.3008154630661015 111.43500137329103 0.19216394424438479 -0.0045527219772338859 2.5000000000000004 1.5000000000000002 7.5000000000000009 6.5000000000000009 0.0014440417289733889 5.5000000000000009 28.500000000000004 14.500000000000002 0.56711712479591381 -0.86120975017547596 -1.6353051662445066 0.077981472015380873 -6.6258239746093741 4.5127663612365732 -0.00053855776786804188 -1.2121787071228025 0.8956199884414674
decision_type=2 2 2 2 2 2 2 2 2 2 2 2 2 2 2 2 2 2 2 2 2 2 2 2 2 2 2 2 2 2
left_child=3 -2 -3 6 5 -5 -1 10 9 12 19 16 -9 -14 15 -13 -12 18 -16 24 -18 -22 -11 -15 25 26 -6 -27 29 -26
right_child=1 2 -4 4 7 -7 -8 8 -10 22 11 14 13 23 17 -17 20 -19 -20 -21 21 -23 -24 -25 28 27 -28 -29 -30 -31
leaf_value=0 0 2.9094196578637225e-05 0.00051222248275977714 0.00025455274340660815 0.00016238185166002952 1.3408908717177045e-05 0.00032625611115491202 0.00019522864988351602 8.9137083329310178e-05 -1.0066142327574783e-05 -3.6413238955279609e-06 0.00029364052209678265 0.00017080628046187488 0 0.00017058548849227488 2.7340307144760643e-05 0 1.1091285131737222e-05 0 -2.4659982560502425e-05 0.00021194371728675576 0 1.9574779481906531e-05 9.870680158303618e-05 -1.8933524779535978e-05 -1.8502657029282943e-05 6.6709068820789216e-06 4.0706937587071791e-07 5.8141578565880295e-06 3.0724575369230619e-05
leaf_weight=67 85 80 59 64 43 146 40 61 256 1922 3620 42 63 487 75 75 118 724 47 2519 69 61 1233 70 2083 6798 334 2125 5225 235
leaf_count=67 85 80 59 64 43 146 40 61 256 1922 3620 42 63 487 75 75 118 724 47 2519 69 61 1233 70 2083 6798 334 2125 5225 235
internal_value=6.76224e-07 0.000158012 0.000254214 -4.74047e-07 -1.11345e-06 9.96068e-05 0.000145091 -1.95312e-06 1.6083e-05 1.05341e-05 -5.10761e-06 9.50865e-06 5.22307e-05 3.3844e-05 4.53986e-05 0.0001458 0 2.8406e-05 0.000109908 -8.88392e-06 6.17138e-05 0.000111574 7.28164e-07 1.35941e-05 -6.37475e-06 -1.16175e-05 3.14274e-05 -1.37196e-05 0 -1.281e-05
internal_weight=28826 224 139 28602 28495 210 107 28285 4092 3836 24193 4831 681 620 963 117 3868 846 122 19362 248 130 3155 557 16843 9300 377 8923 7543 2318
internal_count=28826 224 139 28602 28495 210 107 28285 4092 3836 24193 4831 681 620 963 117 3868 846 122 19362 248 130 3155 557 16843 9300 377 8923 7543 2318
is_linear=0
shrinkage=0.025


Tree=36
num_leaves=31
num_cat=0
split_feature=31 30 34 35 12 16 16 0 8 19 12 35 22 7 7 37 35 18 22 30 12 36 22 13 19 31 31 13 32 15
split_gain=0.00858759 0.00825197 0.00986239 0.00288988 0.00272064 0.00257621 0.00178543 0.00329153 0.0017053 0.00122628 0.00279194 0.00225407 0.00248058 0.00129499 0.00370301 0.00118007 0.00131327 0.00120472 0.00116706 0.00119165 0.00107826 0.00106934 0.00102137 0.00217837 0.00253171 0.00133485 0.00100189 0.000998039 0.000978868 0.000964903
threshold=0.23987364768981936 -6.4407777786254874 0.10917252302169801 2.3317277431488042 30.599999427795414 8.5000000000000018 6.5000000000000009 -5.2671790122985831 17.500000000000004 0.26138716936111456 96.540000915527358 4.8901491165161142 1.0000000180025095e-35 518.94549560546886 654.34552001953136 0.10642123222351076 3.9847067594528203 13.500000000000002 1.0000000180025095e-35 -5.2180325984954825 38.795000076293952 4.2496685981750497 1.5000000000000002 2.3436599969863896 0.29459981620311743 0.020026922225952152 0.13297486305236819 4.2612900733947763 -1.4099550843238828 3.5000000000000004
decision_type=2 2 2 2 2 2 2 2 2 2 2 2 2 2 2 2 2 2 2 2 2 2 2 2 2 2 2 2 2 2
left_child=3 2 -2 -1 -3 8 -6 29 18 10 -10 12 13 -12 -15 -11 17 -17 19 -5 -20 -18 25 24 -24 27 28 -7 -23 -8
right_child=1 4 -4 5 6 22 7 -9 9 15 11 -13 -14 14 -16 16 21 -19 20 -21 -22 26 23 -25 -26 -27 -28 -29 -30 -31
leaf_value=0.00015248261334951775 0 0.00018691474571551228 0.00048200863332340302 -2.8789173715272095e-06 0 1.0767186172864018e-05 -1.660477597354093e-06 0.00022569917340337122 -6.5859911448468104e-06 -1.2942716452711366e-05 3.3714307331748283e-05 8.8954956862168925e-06 0 0.00038783601409865217 4.6048120574012692e-05 0.00014897207798640014 -3.3179798773540376e-05 1.2590901494833427e-05 0 8.3130191576959278e-05 5.6293286140230309e-05 3.545046917428755e-05 0.00031352517743491468 1.930174889855646e-05 2.9791199856183721e-06 1.7498339248388097e-06 -2.5157881465622874e-05 0.00014851420654080218 -7.5252480671581355e-07 9.3352781598385483e-05
leaf_weight=74 61 79 63 1647 606 141 167 72 1916 14278 78 478 110 50 66 45 832 1907 268 105 608 565 44 292 54 1236 832 77 1997 78
leaf_count=74 61 79 63 1647 606 141 167 72 1916 14278 78 478 110 50 66 45 832 1907 268 105 608 565 44 292 54 1236 832 77 1997 78
internal_value=6.95285e-07 6.84066e-05 0.000263898 -1.96929e-06 4.14825e-05 -2.479e-06 2.61405e-05 7.41256e-05 -4.60353e-06 -6.84297e-06 8.52829e-06 4.87142e-05 0.000102893 0.000156555 0.000216794 -8.99285e-06 0 1.70897e-05 1.41712e-05 8.94093e-07 3.78434e-05 -7.69668e-06 2.58566e-05 6.37542e-05 0.000169419 1.39365e-05 -7.05477e-07 7.12925e-05 6.26665e-06 1.86826e-05
internal_weight=28826 1126 124 27700 1002 27626 923 317 25782 23154 2698 782 304 194 116 20456 6178 1952 2628 1752 876 4226 1844 390 98 1454 3394 218 2562 245
internal_count=28826 1126 124 27700 1002 27626 923 317 25782 23154 2698 782 304 194 116 20456 6178 1952 2628 1752 876 4226 1844 390 98 1454 3394 218 2562 245
is_linear=0
shrinkage=0.025


Tree=37
num_leaves=31
num_cat=0
split_feature=37 7 31 33 0 30 10 11 3 37 4 3 29 13 32 12 3 33 37 33 36 37 6 11 34 7 31 30 32 36
split_gain=0.00834864 0.00548377 0.00929192 0.00345113 0.0032306 0.00313776 0.00272814 0.0024105 0.0021513 0.00267962 0.00200992 0.00161955 0.00132761 0.00125299 0.00130162 0.00117926 0.00100033 0.000966785 0.00130859 0.00339071 0.00112161 0.000928878 0.000886536 0.00126529 0.00108191 0.00171453 0.000830193 0.00141925 0.000823717 0.000803589
threshold=0.6805403232574464 293.34350585937506 0.56534051895141613 -3.2385551929473873 -7.1050715446472159 -6.0177025794982901 1.0000000180025095e-35 13.500000000000002 0.019309341907501224 0.24319958686828616 0.014108121395111086 0.0076486021280288705 -5.2229983806610099 1.3703500032424929 -1.7757591009140012 222.84999847412112 -0.010305255651473997 -2.0435094833374019 0.22132766246795657 -1.8931448459625242 4.4456627368927011 0.23789358139038089 -0.89353752136230458 5.5000000000000009 0.19227182865142825 539.63150024414074 0.087197780609130873 -5.4302496910095206 -2.0324417352676387 4.9799098968505868
decision_type=2 2 2 2 2 2 2 2 2 2 2 2 2 2 2 2 2 2 2 2 2 2 2 2 2 2 2 2 2 2
left_child=3 -2 10 5 6 -1 -5 8 12 26 -3 15 13 -6 16 -9 -15 20 -19 -20 -18 -17 23 -14 -24 -26 -10 -28 -8 -13
right_child=1 2 -4 4 7 -7 28 11 9 -11 -12 29 22 14 -16 21 17 18 19 -21 -22 -23 24 -25 25 -27 27 -29 -30 -31
leaf_value=0 -6.4431988257205203e-05 0.00015289794920812338 0.00048197887004974643 4.5387145066953727e-06 1.0439041846385165e-05 0.00031595587623930288 0.00031608278682830225 5.7503681699198965e-06 -4.1810454913079306e-06 0.00017631462257254913 -1.7550981494274977e-05 0.00017998884373810145 0.0001043751588886759 6.1628936231393125e-05 -1.199722224502122e-05 0.00010018478595629859 -1.2251197953944579e-05 4.8230023913518635e-06 0.0001934039908494391 0 8.0520611208600884e-05 0 0 0 0 0.00015033645666762038 0.00016049561876060214 0 4.2666912294651675e-05 0
leaf_weight=67 41 77 58 130 2319 40 40 1043 257 87 48 70 149 169 16259 174 2932 1810 86 132 77 40 2153 111 159 80 56 72 40 50
leaf_count=67 41 77 58 130 2319 40 40 1043 257 87 48 70 149 169 16259 174 2932 1810 86 132 77 40 2153 111 159 80 56 72 40 50
internal_value=7.08125e-07 0.00015243 0.000214689 -3.97984e-07 -1.01969e-06 0.000140497 9.62242e-05 -1.83343e-06 -3.56809e-06 4.88286e-05 6.79845e-05 3.02272e-05 -4.59998e-06 -6.53903e-06 -8.49014e-06 1.93989e-05 1.98301e-06 0 1.33074e-05 7.19922e-05 -9.02065e-06 7.39555e-05 1.18436e-05 5.68429e-05 5.88597e-06 5.62398e-05 1.31613e-05 6.71238e-05 0.000212454 0.000121895
internal_weight=28826 224 183 28602 28495 107 210 28285 26908 472 125 1377 26436 23784 21465 1257 5206 5037 2028 218 3009 214 2652 260 2392 239 385 128 80 120
internal_count=28826 224 183 28602 28495 107 210 28285 26908 472 125 1377 26436 23784 21465 1257 5206 5037 2028 218 3009 214 2652 260 2392 239 385 128 80 120
is_linear=0
shrinkage=0.025


Tree=38
num_leaves=31
num_cat=0
split_feature=31 30 33 16 33 0 0 4 8 0 2 37 32 30 22 7 19 7 31 13 37 32 33 13 3 33 22 13 19 32
split_gain=0.0079367 0.00783427 0.00978155 0.00256881 0.00258776 0.00219301 0.00523282 0.00465821 0.00170166 0.00146502 0.00142601 0.00134132 0.00126149 0.00123611 0.00126031 0.00113902 0.00112818 0.00161231 0.00137926 0.00148626 0.00111343 0.00125668 0.00142194 0.00112356 0.000963003 0.00122865 0.00094913 0.00189846 0.00196335 0.00116121
threshold=0.23987364768981936 -6.4407777786254874 -1.0642279982566831 8.5000000000000018 -3.2385551929473873 -5.2308609485626212 -5.1238980293273917 0.02033483982086182 17.500000000000004 -5.3710961341857901 3.1971975564956669 0.6805403232574464 -1.2900508642196653 -5.1476287841796866 1.0000000180025095e-35 525.57199096679699 0.23240589350461963 566.59851074218761 0.15263128280639651 7.9315500259399423 0.11164212226867677 -1.4028711915016172 -1.2861105799674986 1.2847999930381777 8.7201595306396498e-05 -1.7172563076019285 1.5000000000000002 2.3436599969863896 0.29459981620311743 -2.670190572738647
decision_type=2 2 2 2 2 2 2 2 2 2 2 2 2 2 2 2 2 2 2 2 2 2 2 2 2 2 2 2 2 2
left_child=3 2 -2 4 -1 9 -7 15 13 10 -3 -12 -11 14 -6 -8 17 -10 19 -19 -18 22 23 24 25 -22 29 28 -28 -5
right_child=1 5 -4 26 8 6 7 -9 16 12 11 -13 -14 -15 -16 -17 20 18 -20 -21 21 -23 -24 -25 -26 -27 27 -29 -30 -31
leaf_value=0.0001602852383544136 0.0004523821789106088 0.00015722516482388272 0 9.7289705866457485e-05 -1.8981344816156101e-06 0.00037429588675078735 -8.2380868301823232e-05 0.00027789543615654118 1.028002814590159e-06 -0.00015976683702319862 0 0.00012828316077745209 0 9.0888207277223557e-05 3.4617306979906783e-05 4.7718550514189471e-05 -1.2031681480444216e-05 0.00014551014250707714 -1.1415011963849377e-05 0 0.00021632841656393494 -1.0226897354179123e-05 0.00013310359155372089 4.4864143165215061e-06 0 0 0.00028921105858424438 2.0836086450160712e-05 8.5282662205697406e-06 6.5764483072302026e-06
leaf_weight=58 69 55 55 103 1668 40 86 40 1693 48 573 59 40 132 829 61 15174 142 43 50 47 3152 62 2699 43 43 45 298 55 1364
leaf_count=58 69 55 55 103 1668 40 86 40 1693 48 573 59 40 132 829 61 15174 142 43 50 47 3152 62 2699 43 43 45 298 55 1364
internal_value=7.20366e-07 6.58157e-05 0.000256312 -1.83778e-06 -3.9679e-06 3.95167e-05 0.000109786 3.82188e-05 -4.44066e-06 1.5598e-05 3.05502e-05 1.53459e-05 -7.20731e-05 1.43165e-05 9.23314e-06 -1.15445e-05 -6.67951e-06 1.10761e-05 7.25606e-05 0.000104283 -8.41099e-06 2.63116e-07 1.25515e-05 8.98374e-06 8.08778e-05 0.00012746 2.63163e-05 6.26849e-05 0.000161201 1.47105e-05
internal_weight=28826 1126 124 27700 25835 1002 227 187 25777 775 687 632 88 2629 2497 147 23148 1928 235 192 21220 6046 2894 2832 133 90 1865 398 100 1467
internal_count=28826 1126 124 27700 25835 1002 227 187 25777 775 687 632 88 2629 2497 147 23148 1928 235 192 21220 6046 2894 2832 133 90 1865 398 100 1467
is_linear=0
shrinkage=0.025


Tree=39
num_leaves=31
num_cat=0
split_feature=37 0 29 35 0 29 14 11 29 7 3 18 32 3 19 35 31 31 3 14 37 30 14 12 12 35 6 11 29 30
split_gain=0.00766029 0.00537569 0.017228 0.00308207 0.00293218 0.00262696 0.00252296 0.00241572 0.00199757 0.00141933 0.00225295 0.00140798 0.00135475 0.00295421 0.00125685 0.00203701 0.00117861 0.0011647 0.00175238 0.00122434 0.00113764 0.000953072 0.00133252 0.000926818 0.00079549 0.00112483 0.000784782 0.00120646 0.000778721 0.000881225
threshold=0.6805403232574464 -5.1008982658386222 -5.4791145324707022 2.3317277431488042 -6.0303001403808585 -6.6997458934783927 0.22653958946466449 13.500000000000002 -5.2504940032958975 323.45050048828131 0.016414180397987369 22.500000000000004 -1.9877269864082334 0.00026619434356689459 0.28165064752101904 4.1151394844055185 0.087969779968261733 0.13960790634155276 -0.0062461793422698966 0.57294833660125744 0.084982872009277358 -7.3808417320251456 0.70900535583496105 203.21500396728518 188.45499420166018 4.4093704223632821 -1.2403852939605711 17.500000000000004 -6.5220460891723624 -6.2461104393005362
decision_type=2 2 2 2 2 2 2 2 2 2 2 2 2 2 2 2 2 2 2 2 2 2 2 2 2 2 2 2 2 2
left_child=3 2 4 6 -2 11 -1 8 20 10 -10 21 13 -11 15 -9 -12 19 -19 23 -7 22 -5 -17 -16 -26 27 -21 -22 -30
right_child=1 -3 -4 5 -6 7 -8 14 9 12 16 -13 -14 -15 24 17 -18 18 -20 26 28 -23 -24 -25 25 -27 -28 -29 29 -31
leaf_value=0.00027828403892797522 0.00020309949629546072 -2.0816361540941304e-05 0.00067277832399690294 0.0002065752043903984 -2.0421335679743238e-05 -1.1384594059057825e-05 0 0.0001840631828733272 2.3292478570494052e-05 0.00025120584364252189 3.0182256877165416e-05 0.00018932604203776769 -1.494348961028536e-06 6.7737204988267936e-06 -4.0424647658188062e-06 0 0.00027800452910707379 0.00022118957328956992 0 8.5316307718231763e-05 -3.8443538404930392e-05 1.6535614104241177e-05 0 0.00016746883537246293 0 0.00013127376183235488 -6.5435214038492035e-05 -3.467766241096656e-05 2.402782967372819e-05 -1.1460290030559391e-06
leaf_weight=44 51 60 40 46 73 13431 42 78 648 42 57 44 2115 203 604 50 41 48 73 89 320 749 54 46 70 69 119 96 955 8469
leaf_count=44 51 60 40 46 73 13431 42 78 648 42 57 44 2115 203 604 50 41 48 73 89 320 749 54 46 70 69 119 96 955 8469
internal_value=7.33529e-07 0.000146063 0.000222024 -3.22297e-07 5.24e-05 -8.62739e-07 0.000148093 -2.31349e-06 -4.06854e-06 1.45044e-05 4.49044e-05 4.1169e-05 3.82111e-06 5.96898e-05 3.01723e-05 5.7622e-05 0.000160876 3.35866e-05 0.000103309 6.05604e-06 -6.66614e-06 3.03358e-05 0.000107759 8.7278e-05 4.63479e-06 5.99569e-05 -1.15983e-05 9.75664e-06 0 1.14204e-06
internal_weight=28826 224 164 28602 124 28516 86 27623 26281 3106 746 893 2360 245 1342 599 98 521 121 400 23175 849 100 96 743 139 304 185 9744 9424
internal_count=28826 224 164 28602 124 28516 86 27623 26281 3106 746 893 2360 245 1342 599 98 521 121 400 23175 849 100 96 743 139 304 185 9744 9424
is_linear=0
shrinkage=0.025


Tree=40
num_leaves=31
num_cat=0
split_feature=31 30 11 12 35 11 16 16 0 8 19 32 12 22 30 19 12 21 1 6 29 30 14 13 29 6 19 30 31 1
split_gain=0.00740131 0.00736628 0.00944113 0.00251192 0.0025057 0.00281313 0.00215927 0.0016546 0.00297553 0.00152254 0.00106216 0.00109083 0.00119513 0.00105514 0.00104772 0.00101611 0.00101212 0.000986378 0.00133437 0.000974506 0.000933301 0.000961717 0.000926267 0.00309206 0.00230119 0.00193682 0.00160406 0.000878853 0.00171931 0.00471997
threshold=0.23987364768981936 -6.4407777786254874 6.5000000000000009 30.599999427795414 2.5482275485992436 4.5000000000000009 8.5000000000000018 6.5000000000000009 -5.2671790122985831 17.500000000000004 0.48435972630977636 -2.0183835029602046 172.85499572753909 1.0000000180025095e-35 -5.4851608276367179 0.47100840508937841 38.795000076293952 3.5000000000000004 -2.313444852828979 -0.31590580940246576 -4.9789233207702628 -6.139291286468505 0.57294833660125744 1.1977500319480898 -5.6661343574523917 -0.47506570816040034 0.13423423469066623 -5.4953265190124503 0.3042218685150147 -1.7858526110649107
decision_type=2 2 2 2 2 2 2 2 2 2 2 2 2 2 2 2 2 2 2 2 2 2 2 2 2 2 2 2 2 2
left_child=4 2 -2 -3 5 -1 9 27 -9 13 11 17 15 14 -6 -13 -15 18 -11 -17 21 -12 23 25 -24 -8 -26 28 -5 -30
right_child=1 3 -4 7 6 -7 22 8 -10 10 20 12 -14 16 -16 19 -18 -19 -20 -21 -22 -23 24 -25 26 -27 -28 -29 29 -31
leaf_value=0.00024298404396606865 4.9107040155191763e-05 0.00017757282793820652 0.00054606775603153644 -1.6724879790346228e-05 -6.1798424254767599e-06 3.9969836632672836e-07 0.00023779146673235426 1.6179477645973232e-05 0.00021344833056265427 0 2.5465209520649537e-06 -7.2701670761868841e-06 6.0242254306545613e-05 0 4.6759249191222647e-05 0 5.3762492015533944e-05 3.3116588925370955e-06 0.00010823054613278739 7.8502830792675067e-05 2.0449940222914574e-05 -1.5945295352926605e-05 -4.723238409693492e-05 1.665167255093802e-05 0.00019504506123608893 3.6470418950320102e-05 0 -4.0527939800819862e-05 0.0002651590677728024 0
leaf_weight=54 80 79 44 211 1479 115 74 245 72 186 1851 8617 174 268 273 397 608 794 171 163 491 10228 295 1229 46 114 73 222 58 115
leaf_count=54 80 79 44 211 1479 115 74 245 72 186 1851 8617 174 268 273 397 608 794 171 163 491 10228 295 1229 46 114 73 222 58 115
internal_value=7.35461e-07 6.35976e-05 0.000248406 3.80098e-05 -1.73183e-06 9.35911e-05 -2.41115e-06 2.31796e-05 6.9377e-05 -4.36254e-06 -6.48964e-06 -3.72142e-07 -3.4326e-06 1.33564e-05 6.6507e-07 -4.91873e-06 3.58586e-05 2.2303e-05 5.74311e-05 2.67562e-05 -1.14014e-05 -1.29047e-05 2.36014e-05 3.35049e-05 -4.27048e-06 0.00012978 8.09045e-05 0 2.18021e-05 8.29855e-05
internal_weight=28826 1126 124 1002 27700 169 27531 923 317 25700 23072 10502 9351 2628 1752 9177 876 1151 357 560 12570 12079 1831 1417 414 188 119 606 384 173
internal_count=28826 1126 124 1002 27700 169 27531 923 317 25700 23072 10502 9351 2628 1752 9177 876 1151 357 560 12570 12079 1831 1417 414 188 119 606 384 173
is_linear=0
shrinkage=0.025


Tree=41
num_leaves=31
num_cat=0
split_feature=37 32 31 33 30 30 29 14 14 2 13 4 4 18 37 14 16 37 19 36 8 33 4 18 1 30 33 32 37 30
split_gain=0.00707159 0.00528715 0.00976313 0.00300042 0.00294559 0.0029052 0.00220465 0.0020759 0.00202377 0.00201245 0.00176496 0.00148091 0.00253308 0.0013921 0.00163921 0.00246106 0.00196801 0.00115773 0.0011534 0.00134293 0.00188613 0.00194909 0.00118388 0.00100566 0.00105154 0.00180095 0.000979476 0.000902561 0.000753101 0.000880346
threshold=0.6805403232574464 -1.9740556478500364 0.41876363754272466 -3.2385551929473873 -6.0177025794982901 -6.9768011569976798 -5.306304693222045 0.70900535583496105 0.63762626051902782 3.2949680089950566 1.2847999930381777 0.011107563972473146 0.0054347217082977304 11.500000000000002 0.12285864353179933 0.36266924440860754 12.500000000000002 0.35825586318969732 0.51887464523315441 4.5037014484405526 57.500000000000007 -1.5725157260894773 0.0025851428508758549 28.500000000000004 -2.0783673524856563 -5.228557586669921 -0.86120975017547596 -1.8284643888473509 0.19216394424438479 -5.5047471523284903
decision_type=2 2 2 2 2 2 2 2 2 2 2 2 2 2 2 2 2 2 2 2 2 2 2 2 2 2 2 2 2 2
left_child=3 -2 -3 4 -1 7 10 11 9 17 13 12 -5 -7 -15 -16 -17 23 19 20 22 -22 28 24 25 -8 -11 -20 -12 -30
right_child=1 2 -4 5 -6 6 8 -9 -10 26 18 -13 -14 14 15 16 -18 -19 27 -21 21 -23 -24 -25 -26 -27 -28 -29 29 -31
leaf_value=0 0 2.0147153718201561e-05 0.00047971343896521524 2.2829403020837809e-06 0.00030031480410465654 0 0.00023582090569702403 0 8.4288343356864293e-05 -9.9461302540673918e-06 1.510680873188868e-05 2.7715054212434984e-06 0.00032063941022864094 7.1043521265630468e-06 0 0.00017445751568316128 0 0.00017262607314882594 -1.3987363874443003e-07 -7.8425047546508897e-06 0 0.00024934234712938117 -1.5141580878274916e-06 0 2.0157195961343983e-06 2.7108963603335296e-05 1.8527727136387334e-05 -1.7862314846944193e-05 0.00010511780639882836 0
leaf_weight=67 85 80 59 46 40 1380 54 153 256 1911 1027 68 53 555 154 170 46 53 2761 7604 41 41 2769 300 167 118 1233 7323 153 59
leaf_count=67 85 80 59 46 40 1380 54 153 256 1911 1027 68 53 555 154 170 46 53 2761 7604 41 41 2769 300 167 118 1233 7323 153 59
internal_value=7.49041e-07 0.00014038 0.000235105 -2.61959e-07 0.000131119 -8.47616e-07 -1.78627e-06 7.3758e-05 1.50318e-05 9.73754e-06 -4.74817e-06 0.000134602 0.000199218 1.57191e-05 3.94323e-05 8.10359e-05 0.000135335 4.83647e-05 -7.02985e-06 -1.44448e-06 9.83843e-06 0.000129551 6.73392e-06 3.38983e-05 6.33375e-05 0.00010807 4.28049e-07 -1.32583e-05 2.71698e-05 7.35245e-05
internal_weight=28826 224 139 28602 107 28495 28175 320 4092 3836 24083 167 99 2305 925 370 216 692 21778 11694 4090 82 4008 639 339 172 3144 10084 1239 212
internal_count=28826 224 139 28602 107 28495 28175 320 4092 3836 24083 167 99 2305 925 370 216 692 21778 11694 4090 82 4008 639 339 172 3144 10084 1239 212
is_linear=0
shrinkage=0.025


Tree=42
num_leaves=31
num_cat=0
split_feature=31 30 34 12 16 6 16 0 8 13 12 19 14 2 29 19 13 22 22 30 0 12 32 13 11 12 15 30 31 1
split_gain=0.0068533 0.00701756 0.0091718 0.00235452 0.00223727 0.00169353 0.00157324 0.00280116 0.00140476 0.00107077 0.0010591 0.00223554 0.0010586 0.00288755 0.00204468 0.00163602 0.00130501 0.00158242 0.0009975 0.000987154 0.000977494 0.000962864 0.000880143 0.00096634 0.000936908 0.00106676 0.00086492 0.000845545 0.00159767 0.00448782
threshold=0.23987364768981936 -6.4407777786254874 0.10917252302169801 30.599999427795414 8.5000000000000018 1.6776243448257449 6.5000000000000009 -5.2671790122985831 17.500000000000004 0.37510000169277197 172.85499572753909 0.31296642124652868 0.57294833660125744 5.2634546756744394 -5.6661343574523917 0.13423423469066623 1.1977500319480898 1.0000000180025095e-35 1.0000000180025095e-35 -5.5094137191772452 -5.3710961341857901 29.695000648498539 -1.8175354003906248 12.290899753570558 12.500000000000002 96.540000915527358 3.5000000000000004 -5.4953265190124503 0.3042218685150147 -1.7858526110649107
decision_type=2 2 2 2 2 2 2 2 2 2 2 2 2 2 2 2 2 2 2 2 2 2 2 2 2 2 2 2 2 2
left_child=4 2 -2 -3 5 8 27 26 18 20 22 -12 13 16 -14 -16 17 -6 19 -1 -10 -20 24 -24 -11 -26 -8 28 -5 -30
right_child=1 3 -4 6 12 -7 7 -9 9 10 11 -13 14 -15 15 -17 -18 -19 21 -21 -22 -23 23 -25 25 -27 -28 -29 29 -31
leaf_value=-6.3626140730683289e-06 0 0.00017135884351955611 0.0004512260892533959 -1.6336113618943376e-05 9.0475444127166779e-06 0.00013006475340607095 -3.9841608671460034e-06 0.00020663534988085453 1.1890612095798902e-05 0 0.00018092007922201322 0 -4.6427854726848517e-05 0.00023962098062555825 0.00018882035342183837 0 1.49586686231232e-05 0.00019126831054471543 -7.509076648041839e-06 4.337186134630628e-05 0.00014546075192376284 4.8325484475333056e-05 -1.0837557313398086e-05 3.5473038167779373e-05 0 0.00016240563132062868 8.662260802465646e-05 -4.054139441028269e-05 0.00025739240339736185 0
leaf_weight=1456 61 79 63 211 112 57 167 72 453 4619 57 76 295 44 46 74 1226 68 166 296 45 710 17539 261 53 47 78 222 58 115
leaf_count=1456 61 79 63 211 112 57 167 72 453 4619 57 76 295 44 46 74 1226 68 166 296 45 710 17539 261 53 47 78 222 58 115
internal_value=7.57322e-07 6.1248e-05 0.000241634 3.62136e-05 -1.61348e-06 -3.60736e-06 2.17679e-05 6.68498e-05 -4.00495e-06 -6.04553e-06 -6.93284e-06 6.11609e-05 2.46542e-05 3.50497e-05 -5.65494e-06 7.34726e-05 2.67052e-05 9.23751e-05 1.3015e-05 6.33836e-07 2.92375e-05 3.48978e-05 -7.44872e-06 -1.00161e-05 1.70586e-06 7.70304e-05 1.49343e-05 0 2.05092e-05 7.96512e-05
internal_weight=28826 1126 124 1002 27700 25835 923 317 25778 23150 22652 133 1865 1450 415 120 1406 180 2628 1752 498 876 22519 17800 4719 100 245 606 384 173
internal_count=28826 1126 124 1002 27700 25835 923 317 25778 23150 22652 133 1865 1450 415 120 1406 180 2628 1752 498 876 22519 17800 4719 100 245 606 384 173
is_linear=0
shrinkage=0.025


Tree=43
num_leaves=31
num_cat=0
split_feature=37 0 29 33 30 0 35 29 29 14 35 3 11 13 20 34 30 33 33 3 16 0 0 36 14 31 14 0 13 18
split_gain=0.00653592 0.00514924 0.0164164 0.00280847 0.00277924 0.00273103 0.00301579 0.00264928 0.00203198 0.0018984 0.00192383 0.00176688 0.00184146 0.00154394 0.00119752 0.00107413 0.00107659 0.000927191 0.000914867 0.000738032 0.000941189 0.00156833 0.00330449 0.0011954 0.000770339 0.000758446 0.00140761 0.000700301 0.000686777 0.00126554
threshold=0.6805403232574464 -5.1008982658386222 -5.4791145324707022 -3.2385551929473873 -6.0177025794982901 -7.1050715446472159 5.566326618194581 -6.0053641796112052 -5.306304693222045 0.63762626051902782 3.3008154630661015 -0.0045527219772338859 2.5000000000000004 1.2847999930381777 8.5000000000000018 0.086606651544570937 -6.6533205509185782 -0.86120975017547596 -1.6353051662445066 -0.0027647018432617183 7.5000000000000009 -5.9761357307434073 -5.6739213466644278 3.7933022975921635 0.1742581129074097 0.070154905319213881 0.19139194488525393 -6.8178927898406974 2.6045349836349492 7.5000000000000009
decision_type=2 2 2 2 2 2 2 2 2 2 2 2 2 2 2 2 2 2 2 2 2 2 2 2 2 2 2 2 2 2
left_child=3 2 7 4 -1 6 -5 -2 13 10 11 -10 -13 14 -7 16 27 -12 -14 24 -21 -22 -23 -24 -17 26 -26 -15 -11 -30
right_child=1 -3 -4 5 -6 8 -8 -9 9 28 17 12 18 15 -16 19 -18 -19 -20 20 21 22 23 -25 25 -27 -28 -29 29 -31
leaf_value=0 0.00017726644892687108 -2.8785603892890219e-05 0.00064930780342121314 0.00023320898838126317 0.00029118454972398822 9.9684608239748013e-06 7.0980540986551393e-06 -3.3427468194585183e-05 0.0001838026978939231 1.4963571327868408e-05 -9.5922628598279922e-06 0.00016036534556405969 0 0 0.00011170477927829248 -2.7357841513720637e-05 -1.1184278155416262e-05 1.8074687811373164e-05 9.4367196362442677e-05 4.177893468687124e-06 -1.4073419857652874e-05 0.00018162333873503184 -3.662826150852757e-05 7.9381598753822447e-05 0.00010786287742356998 1.5167420038870685e-05 -1.7685701691609752e-05 5.8158040538533923e-05 0.00025012063087585074 3.2993317283906566e-05
leaf_weight=67 57 60 40 64 40 2258 146 67 61 127 1922 63 487 152 81 767 15276 1233 70 2271 126 119 116 93 53 1266 1387 228 44 85
leaf_count=67 57 60 40 64 40 2258 146 67 61 127 1922 63 487 152 81 767 15276 1233 70 2271 126 119 116 93 53 1266 1387 228 44 85
internal_value=7.6043e-07 0.000134996 0.000209879 -2.08131e-07 0.000126904 -7.77611e-07 8.86351e-05 4.40671e-05 -1.53294e-06 1.46188e-05 9.46741e-06 4.76073e-05 2.99073e-05 -4.36866e-06 1.46062e-05 -6.51448e-06 -1.00296e-05 4.30369e-07 1.04105e-05 1.96147e-06 1.19868e-05 4.5459e-05 7.59002e-05 3.22078e-06 -5.1862e-06 1.82476e-07 -1.12583e-05 2.97351e-05 8.17439e-05 0.000127637
internal_weight=28826 224 164 28602 107 28495 210 124 28285 4092 3836 681 620 24193 2339 21854 15656 3155 557 6198 2725 454 328 209 3473 2706 1440 380 256 129
internal_count=28826 224 164 28602 107 28495 210 124 28285 4092 3836 681 620 24193 2339 21854 15656 3155 557 6198 2725 454 328 209 3473 2706 1440 380 256 129
is_linear=0
shrinkage=0.025


Tree=44
num_leaves=31
num_cat=0
split_feature=31 30 33 12 35 16 16 0 8 19 35 15 12 12 19 12 31 12 37 29 4 30 3 30 29 12 31 8 34 21
split_gain=0.00635232 0.00666386 0.00917332 0.00222067 0.00213316 0.00196179 0.0014886 0.00265655 0.00130701 0.00102595 0.00123343 0.00100755 0.000992216 0.000911898 0.00167191 0.00100805 0.00155134 0.000897784 0.000869303 0.00103857 0.00119063 0.00090992 0.000833571 0.00112748 0.00179198 0.000815457 0.000951703 0.00140594 0.000905624 0.0013212
threshold=0.23987364768981936 -6.4407777786254874 -1.0642279982566831 30.599999427795414 2.3317277431488042 8.5000000000000018 6.5000000000000009 -5.2671790122985831 17.500000000000004 0.48435972630977636 3.5487270355224614 1.0000000180025095e-35 172.85499572753909 96.024997711181655 0.43534001708030706 65.389999389648452 0.11263585090637208 126.83499908447267 0.052452087402343757 -5.43749976158142 0.0076147913932800302 -5.068652629852294 -0.0077002048492431632 -5.6452972888946524 -5.9722986221313468 99.024997711181655 0.032810211181640632 37.500000000000007 0.028079584240913395 10.500000000000002
decision_type=2 2 2 2 2 2 2 2 2 2 2 2 2 2 2 2 2 2 2 2 2 2 2 2 2 2 2 2 2 2
left_child=4 2 -2 -3 -1 8 -5 22 -6 10 13 18 -12 15 17 16 -10 -15 -11 -20 -21 -22 -8 24 -24 -7 28 -28 -27 -30
right_child=1 3 -4 6 5 25 7 -9 9 11 12 -13 -14 14 -16 -17 -18 -19 19 20 21 -23 23 -25 -26 26 27 -29 29 -31
leaf_value=0.00013115504187298941 0.00042468659491610847 0.00016578685253261938 0 0 1.2579927291493804e-05 -3.9996310838182831e-05 -4.9919866180668282e-05 0.0002003966437240868 0 -1.3533446499595613e-05 -4.1052169355038315e-06 -1.477147537598828e-05 5.3079768129935944e-05 0.00010886592579428604 -1.8269562465804405e-05 -1.9243277413313213e-05 0.00018074098526914089 0 0 1.2995941176228675e-05 0 0.00016769034752192407 0 0 0.0002000543028926976 0 6.1494414145778413e-05 0 0.00010386240801626176 0
leaf_weight=74 69 79 55 606 2628 90 59 72 129 1369 9416 9385 188 239 93 349 44 86 1361 370 48 77 56 75 55 90 301 1012 281 70
leaf_count=74 69 79 55 606 2628 90 59 72 129 1369 9416 9385 188 239 93 349 44 86 1361 370 48 77 56 75 55 90 301 1012 281 70
internal_value=7.66473e-07 5.9005e-05 0.000234807 3.45441e-05 -1.51271e-06 -1.9633e-06 2.04381e-05 6.43385e-05 -3.82847e-06 -5.79927e-06 0 -1.06112e-05 -2.72012e-06 2.7271e-05 5.50492e-05 1.84217e-07 5.36293e-05 8.36901e-05 7.21584e-07 1.25841e-05 4.36071e-05 0.000113552 1.35394e-05 4.71973e-05 0.000100055 2.27476e-05 2.74125e-05 1.41561e-05 6.11038e-05 7.93492e-05
internal_weight=28826 1126 124 1002 27700 27626 923 317 25782 23154 10544 12610 9604 940 418 522 173 325 3225 1856 495 125 245 186 111 1844 1754 1313 441 351
internal_count=28826 1126 124 1002 27700 27626 923 317 25782 23154 10544 12610 9604 940 418 522 173 325 3225 1856 495 125 245 186 111 1844 1754 1313 441 351
is_linear=0
shrinkage=0.025


Tree=45
num_leaves=31
num_cat=0
split_feature=37 12 16 33 30 8 30 29 14 14 35 12 37 37 20 11 15 32 34 18 19 30 11 14 18 8 31 33 12 22
split_gain=0.00605355 0.00519651 0.0114727 0.00262757 0.0026204 0.00259826 0.00257756 0.00195129 0.00193121 0.00182286 0.00179368 0.00162647 0.00194219 0.00157203 0.00148772 0.00244982 0.001255 0.00111478 0.00233618 0.0010666 0.00156499 0.0014151 0.00100395 0.00273246 0.000918006 0.000922836 0.00125437 0.000887545 0.0008869 0.000877417
threshold=0.6805403232574464 96.540000915527358 7.5000000000000009 -3.2385551929473873 -6.0177025794982901 22.500000000000004 -6.9768011569976798 -5.306304693222045 0.70900535583496105 0.63762626051902782 3.3008154630661015 111.43500137329103 0.19216394424438479 0.35825586318969732 1.5000000000000002 7.5000000000000009 6.5000000000000009 -1.6729418039321897 0.060986280441284187 28.500000000000004 0.55051019787788402 -5.228557586669921 15.500000000000002 0.56711712479591381 28.500000000000004 30.500000000000004 0.068792343139648451 -0.86120975017547596 100.11999893188478 1.5000000000000002
decision_type=2 2 2 2 2 2 2 2 2 2 2 2 2 2 2 2 2 2 2 2 2 2 2 2 2 2 2 2 2 2
left_child=3 5 -3 4 -1 -2 8 11 17 10 13 24 16 19 15 -14 -13 18 -5 20 21 -9 -18 -24 25 -8 -27 -12 -23 -28
right_child=1 2 -4 6 -6 -7 7 9 -10 -11 27 12 14 -15 -16 -17 22 -19 -20 -21 -22 28 23 -25 -26 26 29 -29 -30 -31
leaf_value=0 -0.00012358561488023649 0.00050842814093498005 0 0.00034012309159152214 0.00028223305312854882 0.00010826298112270275 -8.5750959407243186e-06 0.00024593363996584317 0 7.9987207040749459e-05 -9.4018132059947105e-06 -3.3065511528779362e-06 0.00029140499659683331 0.00018855815807070872 2.491035459447711e-05 7.2571630318028212e-06 0 6.4963669021802839e-06 3.0477671386768758e-05 0 0 3.2071148382927176e-06 0.00025071830713850623 0 -2.2121913930199919e-05 -6.2258996502904207e-06 1.293949204075416e-05 1.7668099906378734e-05 0.00015151631743799007 7.2925864484213337e-05
leaf_weight=67 47 54 48 41 40 75 13102 42 153 256 1922 3613 40 51 844 74 150 68 58 288 104 151 48 49 2519 2119 1313 1233 45 212
leaf_count=67 47 54 48 41 40 75 13102 42 153 256 1922 3613 40 51 844 74 150 68 58 288 104 151 48 49 2519 2119 1313 1233 45 212
internal_value=7.58502e-07 0.000129944 0.000261568 -1.70334e-07 0.000122781 0 -7.24046e-07 -1.61332e-06 6.95463e-05 1.42024e-05 9.14093e-06 -4.40488e-06 8.33838e-06 4.59692e-05 4.01889e-05 0.000130364 0 0.000128164 0.000185834 3.01838e-05 6.01628e-05 9.63698e-05 5.4804e-05 0.000118336 -7.72189e-06 -5.40531e-06 5.30502e-06 3.87436e-07 5.05443e-05 2.29592e-05
internal_weight=28826 224 102 28602 107 122 28495 28175 320 4092 3836 24083 4818 681 958 114 3860 167 99 630 342 238 247 97 19265 16746 3644 3155 196 1525
internal_count=28826 224 102 28602 107 122 28495 28175 320 4092 3836 24083 4818 681 958 114 3860 167 99 630 342 238 247 97 19265 16746 3644 3155 196 1525
is_linear=0
shrinkage=0.025


Tree=46
num_leaves=31
num_cat=0
split_feature=31 18 7 33 30 13 29 37 35 9 34 12 37 3 11 29 36 19 19 22 19 33 7 34 20 0 9 19 31 13
split_gain=0.00588549 0.00848761 0.0169237 0.00276588 0.00257995 0.00219555 0.00182689 0.00325069 0.00457436 0.00132303 0.00169692 0.00121967 0.001954 0.00154897 0.00308307 0.00244082 0.00160257 0.00118111 0.00201607 0.00117834 0.00116612 0.00115596 0.00106712 0.00100564 0.000997879 0.000964834 0.000933554 0.00178573 0.00419219 0.00176809
threshold=0.3619599342346192 14.500000000000002 293.34350585937506 -3.2385551929473873 -6.0177025794982901 0.47955000400543218 -5.2229983806610099 0.35825586318969732 3.3274015188217168 4.5000000000000009 0.19227182865142825 111.43500137329103 0.18931317329406741 -0.0015691816806793211 6.5000000000000009 -5.9175405502319327 5.0833044052124032 0.35805861651897436 0.20169491320848468 1.0000000180025095e-35 0.53410854935646068 -0.27808722853660578 258.27900695800787 0.41199886798858648 2.5000000000000004 -5.4596455097198477 4.5000000000000009 0.4803846031427384 0.076378345489501967 4.1799700260162362
decision_type=2 2 2 2 2 2 2 2 2 2 2 2 2 2 2 2 2 2 2 2 2 2 2 2 2 2 2 2 2 2
left_child=3 2 -2 4 -1 23 11 21 -9 20 -11 19 -13 16 15 -15 -14 18 -16 -7 25 -8 24 -5 -21 -3 29 28 -28 -24
right_child=1 9 -4 5 -6 6 7 8 -10 10 -12 12 13 14 17 -17 -18 -19 -20 22 -22 -23 26 -25 -26 -27 27 -29 -30 -31
leaf_value=0 0 0 0.00056187020390362089 2.4899438492404946e-05 0.00028456101353562766 -1.2627195788548503e-05 1.8568488717277388e-06 0.00032815777922514831 0 0 0.00018458279586226054 -7.1685633028246532e-07 -8.6505317020244755e-06 3.624171296861474e-06 0 0.00034812410789764612 0.00010977018582663022 0 0.00017912618910694231 0 2.8207319314455292e-05 4.9268880861415347e-05 2.238745555829003e-06 0.00016387018593377436 7.2048791438644817e-05 -0.00019006441627252141 0 2.6605825868885608e-07 0.00021316987778774411 -2.5304239755560295e-05
leaf_weight=66 60 45 61 1174 40 11675 2379 49 71 41 48 3594 412 40 43 45 81 170 69 384 40 398 3836 41 236 41 150 1230 88 2219
leaf_count=66 60 45 61 1174 40 11675 2379 49 71 41 48 3594 412 40 43 45 81 170 69 384 40 398 3836 41 236 41 150 1230 88 2219
internal_value=7.64455e-07 0.000104658 0.000271547 -3.76705e-07 0.000126325 -9.42381e-07 -2.49867e-06 1.60656e-05 0.000144468 0 8.22525e-05 -4.81799e-06 6.70884e-06 4.06097e-05 8.02622e-05 0.000217003 5.92811e-06 2.95907e-05 9.34107e-05 -7.53494e-06 -4.14315e-05 9.56716e-06 0 3.17758e-05 3.1254e-05 -0.000102509 -2.83208e-06 1.44839e-05 7.71936e-05 -7.44474e-06
internal_weight=28826 336 121 28490 106 28384 27169 2897 120 215 89 24272 4454 860 367 85 493 282 112 19818 126 2777 8143 1215 620 86 7523 1468 238 6055
internal_count=28826 336 121 28490 106 28384 27169 2897 120 215 89 24272 4454 860 367 85 493 282 112 19818 126 2777 8143 1215 620 86 7523 1468 238 6055
is_linear=0
shrinkage=0.025


Tree=47
num_leaves=31
num_cat=0
split_feature=31 37 32 32 16 3 36 35 35 12 36 1 8 8 14 35 29 19 13 22 19 12 35 22 7 7 37 3 22 12
split_gain=0.00565349 0.0047356 0.00854749 0.0119322 0.00186016 0.00168089 0.00160716 0.00146378 0.00125791 0.00298208 0.00200747 0.00240654 0.00165006 0.00121235 0.00101008 0.00279499 0.0019335 0.00155063 0.00127666 0.00121218 0.000921077 0.00241606 0.0021077 0.00236234 0.00126643 0.00342579 0.00089838 0.00115656 0.000896777 0.000891234
threshold=0.23987364768981936 0.6805403232574464 -1.9740556478500364 -1.1122158765792844 8.5000000000000018 0.013488054275512697 2.9614400863647465 2.3317277431488042 3.49977719783783 70.235000610351577 5.1407737731933603 -0.87119677662849415 20.500000000000004 17.500000000000004 0.57294833660125744 5.3145160675048837 -5.6661343574523917 0.13423423469066623 1.1977500319480898 1.0000000180025095e-35 0.26138716936111456 96.540000915527358 4.8901491165161142 1.0000000180025095e-35 518.94549560546886 654.34552001953136 0.074807643890380873 -0.0053329169750213614 1.0000000180025095e-35 38.795000076293952
decision_type=2 2 2 2 2 2 2 2 2 2 2 2 2 2 2 2 2 2 2 2 2 2 2 2 2 2 2 2 2 2
left_child=4 5 -3 -4 7 8 -7 -1 9 -2 -10 -12 -13 28 15 18 -16 -18 19 -6 21 -15 23 24 -23 -26 27 -22 -9 -30
right_child=1 2 3 -5 14 6 -8 13 10 -11 11 12 -14 20 16 -17 17 -19 -20 -21 26 22 -24 -25 25 -27 -28 -29 29 -31
leaf_value=0.00012556555655868985 0.00026623457079616989 -1.5130592352252893e-05 0.00058688935959922534 0 1.2814711237138987e-05 0 0.0002173443909308289 4.1904741164083486e-07 -2.2205002029712646e-05 0 0.00024580262342990356 -4.5495185929515481e-05 0.0001000125447598262 -6.1676971609828997e-06 -4.6816386368821418e-05 0.00024367264298744867 0.00018160480557584226 0 1.3207577873684354e-05 0.00017707885703670661 -2.2356195884285122e-05 2.8841918466253136e-05 6.6511309102217679e-06 0 0.00037359120916602586 4.2912260881356779e-05 -1.1929500857546193e-06 -5.2809420064583505e-06 0 4.9800015594688861e-05
leaf_weight=53 40 58 52 46 114 44 58 1752 520 93 40 89 86 1916 295 40 46 74 1227 69 4362 78 478 110 50 66 9115 6979 268 608
leaf_count=53 40 58 52 46 114 44 58 1752 520 93 40 89 86 1916 295 40 46 74 1227 69 4362 78 478 110 50 66 9115 6979 268 608
internal_value=7.6798e-07 5.57111e-05 0.000186639 0.000330253 -1.37713e-06 3.19094e-05 0.000131555 -3.20301e-06 1.71851e-05 8.81957e-05 8.36449e-07 6.79835e-05 1.19689e-05 -3.56954e-06 2.25644e-05 3.27903e-05 -7.14808e-06 6.92897e-05 2.48676e-05 8.89631e-05 -5.47108e-06 7.81516e-06 4.52319e-05 9.74777e-05 0.000149778 0.000208789 -7.34594e-06 -1.20703e-05 1.22288e-05 3.29701e-05
internal_weight=28826 1126 156 98 27700 970 102 25835 868 133 735 215 175 25782 1865 1450 415 120 1410 183 23154 2698 782 304 194 116 20456 11341 2628 876
internal_count=28826 1126 156 98 27700 970 102 25835 868 133 735 215 175 25782 1865 1450 415 120 1410 183 23154 2698 782 304 194 116 20456 11341 2628 876
is_linear=0
shrinkage=0.025


Tree=48
num_leaves=31
num_cat=0
split_feature=31 30 34 12 35 11 13 12 32 19 37 35 0 1 31 12 4 30 18 9 11 33 33 0 30 32 36 34 19 33
split_gain=0.00540139 0.00621022 0.00914036 0.00203947 0.00180243 0.00270404 0.00152077 0.00138084 0.00177414 0.0022066 0.00219559 0.00135046 0.00113831 0.00102485 0.00213876 0.000939963 0.00111893 0.0010821 0.00116936 0.00107368 0.00113446 0.00106801 0.000907935 0.000894756 0.00122143 0.000843977 0.000953864 0.000986942 0.000901483 0.00101995
threshold=0.23987364768981936 -6.4724853038787833 0.10917252302169801 30.599999427795414 2.5482275485992436 4.5000000000000009 0.37510000169277197 96.024997711181655 -0.52721285820007313 0.19264507293701175 0.6805403232574464 3.9955710172653203 -7.338059425354003 -2.1098027229309078 0.3042218685150147 157.98000335693362 0.0044564008712768563 -5.5237412452697745 10.500000000000002 5.5000000000000009 9.5000000000000018 -1.5446367263793943 -0.93118366599082936 -5.7380881309509268 -5.2180325984954825 -1.7757591009140012 4.3238375186920175 0.077881097793579115 0.31698563694953924 -1.9553197026252744
decision_type=2 2 2 2 2 2 2 2 2 2 2 2 2 2 2 2 2 2 2 2 2 2 2 2 2 2 2 2 2 2
left_child=4 2 -2 -3 5 -1 -6 13 9 -9 11 23 -8 14 -5 17 19 25 -19 20 -17 -22 -23 -11 -25 26 27 -14 -28 -30
right_child=1 3 -4 7 6 -7 12 8 -10 10 -12 -13 15 -15 -16 16 -18 18 -20 -21 21 22 -24 24 -26 -27 28 -29 29 -31
leaf_value=0.00022418546568686991 0 0.00015673786621118782 0.00043919554707827041 -9.0891329649214919e-06 2.7555588267271009e-05 0 8.8692806880649979e-05 -0.00010256958463287446 0.00021700397426251415 0 0.00023428237547964924 -2.5759349090053809e-05 -1.2972646175066278e-05 -2.5232507580977966e-05 0.00019719856552993326 0.00018983976188121504 0 3.1701845367805218e-05 0 0 -1.406465986140876e-06 0.00016444614249589256 0 0.00018030402484274581 0 -1.0954183168784301e-05 -3.0098477325546532e-05 1.3554571087741515e-05 8.7211156543741148e-05 7.2388000324346915e-06
leaf_weight=54 59 79 61 44 1035 115 81 55 41 41 41 122 2438 433 43 60 543 805 6655 110 95 55 54 67 40 13655 85 1310 219 331
leaf_count=54 59 79 61 44 1035 115 81 55 41 41 41 122 2438 433 43 60 543 805 6655 110 95 55 54 67 40 13655 85 1310 219 331
internal_value=7.70189e-07 5.44748e-05 0.000227211 3.11822e-05 -1.32453e-06 7.9492e-05 -1.9143e-06 1.76309e-05 5.28055e-05 2.70585e-05 5.82512e-05 2.15296e-05 -3.16081e-06 -5.15006e-06 6.55423e-05 -3.54046e-06 2.08368e-05 -4.51598e-06 3.25778e-06 5.41085e-05 8.17025e-05 3.69314e-05 9.27814e-05 7.72008e-05 0.000115761 -7.86958e-06 1.1704e-06 -3.03287e-06 2.98762e-05 4.372e-05
internal_weight=28826 1126 120 1006 27700 169 27531 927 407 366 311 270 26496 520 87 26415 917 25498 7460 374 264 204 109 148 107 18038 4383 3748 635 550
internal_count=28826 1126 120 1006 27700 169 27531 927 407 366 311 270 26496 520 87 26415 917 25498 7460 374 264 204 109 148 107 18038 4383 3748 635 550
is_linear=0
shrinkage=0.025


Tree=49
num_leaves=31
num_cat=0
split_feature=31 33 31 33 29 0 35 7 18 35 1 37 21 16 7 19 29 7 13 4 0 29 14 29 14 37 34 12 19 14
split_gain=0.00515085 0.0085078 0.00238686 0.00174932 0.00183293 0.00177435 0.0026264 0.00165968 0.00393253 0.00241919 0.00176731 0.00158274 0.001565 0.00133718 0.0012406 0.00127138 0.00169988 0.00150506 0.00103337 0.00095798 0.00105287 0.000817378 0.000795855 0.00208047 0.00187947 0.00240578 0.00137421 0.000763499 0.00169093 0.000760479
threshold=0.56534051895141613 -1.6442639231681822 0.23987364768981936 -3.2385551929473873 -6.0933206081390372 -7.1050715446472159 5.566326618194581 463.63848876953131 19.500000000000004 4.014312982559205 -1.2610242366790769 0.25355672836303716 3.5000000000000004 8.5000000000000018 417.01550292968756 0.74464204907417308 -5.9582512378692618 309.44000244140631 0.47955000400543218 0.010369479656219484 -6.4893412590026847 -5.2416112422943106 0.57294833660125744 -5.6661343574523917 0.5178799331188203 0.13374400138854983 0.067944347858428969 172.85499572753909 0.31296642124652868 0.64400920271873485
decision_type=2 2 2 2 2 2 2 2 2 2 2 2 2 2 2 2 2 2 2 2 2 2 2 2 2 2 2 2 2 2
left_child=2 -2 3 4 -1 6 -5 14 10 11 -9 -10 -13 18 15 16 17 -4 19 -7 -21 27 24 -24 -15 -26 -25 -20 -29 -18
right_child=1 -3 7 5 -6 13 -8 8 9 -11 -12 12 -14 22 -16 -17 29 -19 21 20 -22 -23 23 26 25 -27 -28 28 -30 -31
leaf_value=0 0.00040172921394531727 0 0 0.00021147170939851399 0.00022891944035932069 1.9614991259088222e-06 0 0.00036242462660572155 0 -4.0394000779170632e-05 8.0036188859643572e-05 0.00026687207541359158 2.7957420943615336e-05 1.5500641601612595e-05 -7.3299345883330526e-05 0.0001575310148236472 -6.281420132195383e-05 0.00014397038154475881 -7.0178974980953863e-06 0 0.00010069882358120432 7.4524353102016671e-06 -4.940627745271155e-05 0 1.6071717104280417e-06 0.00024568458994811713 0.00013924239230905905 0.0001630303991809136 0 2.4621993413246751e-05
leaf_weight=53 52 60 116 59 41 607 123 40 69 153 73 46 74 1270 92 42 182 83 21871 65 166 2780 291 44 86 56 75 52 61 44
leaf_count=53 52 60 116 59 41 607 123 40 69 153 73 46 74 1270 92 42 182 83 21871 65 166 2780 291 44 86 56 75 52 61 44
internal_value=7.63906e-07 0.000169228 1.38738e-08 -1.27861e-06 0.000105401 -1.73622e-06 7.54483e-05 3.77509e-05 7.36723e-05 2.27769e-05 0.000204229 8.70165e-05 0.000141651 -2.34235e-06 3.96894e-06 2.46569e-05 5.31834e-06 6.32631e-05 -3.89586e-06 2.28739e-05 6.68044e-05 -4.90357e-06 1.81057e-05 -8.1227e-06 2.74913e-05 0.000116391 7.15684e-05 -6.58004e-06 5.55557e-05 -3.47445e-05
internal_weight=28826 112 28714 27700 94 27606 182 1014 455 342 113 189 120 27424 559 467 425 199 25602 838 231 24764 1822 410 1412 142 119 21984 113 226
internal_count=28826 112 28714 27700 94 27606 182 1014 455 342 113 189 120 27424 559 467 425 199 25602 838 231 24764 1822 410 1412 142 119 21984 113 226
is_linear=0
shrinkage=0.025


Tree=50
num_leaves=31
num_cat=0
split_feature=31 30 11 12 33 22 30 35 13 16 29 34 16 30 18 20 29 37 4 20 37 31 35 30 31 33 8 30 16 21
split_gain=0.00492634 0.00581197 0.00883106 0.00193254 0.00166784 0.00275465 0.00180547 0.00292934 0.00131934 0.00131767 0.0024694 0.00296437 0.00120544 0.00109846 0.00120781 0.0009594 0.00116255 0.00160114 0.0017046 0.000888687 0.000988155 0.00168109 0.00088697 0.000853874 0.00132276 0.00292367 0.00118726 0.000947198 0.00082392 0.000678326
threshold=0.23987364768981936 -6.4407777786254874 6.5000000000000009 30.599999427795414 -3.2385551929473873 1.5000000000000002 -7.1022071838378897 5.4137783050537118 0.73319998383522045 6.5000000000000009 -5.4320232868194571 0.13225007057189944 10.500000000000002 -5.5237412452697745 13.500000000000002 4.5000000000000009 -6.0790343284606925 0.078716993331909194 0.0039179325103759774 5.5000000000000009 0.10642123222351076 0.12808322906494143 3.831453919410706 -5.4953265190124503 0.3042218685150147 -1.6536361575126646 24.500000000000004 -4.8441071510314933 3.5000000000000004 4.5000000000000009
decision_type=2 2 2 2 2 2 2 2 2 2 2 2 2 2 2 2 2 2 2 2 2 2 2 2 2 2 2 2 2 2
left_child=4 2 -2 -3 5 -1 7 -6 15 23 -11 -12 13 29 -15 -8 -17 -18 -19 20 -16 22 -22 24 -5 -26 -27 -25 -23 -10
right_child=1 3 -4 9 6 -7 8 -9 12 10 11 -13 -14 14 19 16 17 18 -20 -21 21 28 -24 27 25 26 -28 -29 -30 -31
leaf_value=0.00023595940870498974 2.4141913557814627e-05 0.00015105658331958697 0.00050136520739437807 -1.6978967716465188e-05 0.0002535665164792186 0 4.3923724625200849e-06 2.4114496260127555e-07 -1.0473936052485377e-05 0 0 0.00026155965666000086 3.4681986375081116e-05 2.62950041487731e-05 -4.0163599936653277e-06 0 0 0 0.00018017315116520606 -2.3095353923227302e-05 6.1692316751344776e-05 3.7543872759751238e-05 1.2572690984308685e-05 -7.3843961856722367e-05 0.00021358827802957377 -7.7851444429759267e-05 8.1604635411746467e-05 2.7731609468280175e-05 -3.4555887716261445e-05 7.991411526214128e-07
leaf_weight=48 80 79 44 211 44 46 1000 138 14062 208 45 64 487 1202 3662 132 124 61 122 965 514 100 722 182 58 61 54 40 422 3849
leaf_count=48 80 79 44 211 44 46 1000 138 14062 208 45 64 487 1202 3662 132 124 61 122 965 514 100 722 182 58 61 54 40 422 3849
internal_value=7.67382e-07 5.2057e-05 0.000216135 2.90641e-05 -1.22908e-06 0.000102931 -1.67803e-06 7.61968e-05 -2.28876e-06 1.57649e-05 5.74829e-05 0.000153568 -3.66144e-06 -4.49316e-06 3.24819e-06 2.07478e-05 5.22275e-05 7.90936e-05 0.000126136 -7.02419e-07 2.82687e-06 1.84971e-05 3.50538e-05 -1.99805e-06 1.60094e-05 7.0478e-05 0 -4.4289e-05 -1.59182e-05 -7.91192e-06
internal_weight=28826 1126 124 1002 27700 94 27606 182 27424 923 317 109 25985 25498 7587 1439 439 307 183 6385 5420 1758 1236 606 384 173 115 222 522 17911
internal_count=28826 1126 124 1002 27700 94 27606 182 27424 923 317 109 25985 25498 7587 1439 439 307 183 6385 5420 1758 1236 606 384 173 115 222 522 17911
is_linear=0
shrinkage=0.025


end of trees

feature_importances:
Column_31=108
Column_37=107
Column_29=101
Column_30=97
Column_12=90
Column_32=81
Column_35=79
Column_34=70
Column_19=67
Column_33=67
Column_0=66
Column_4=66
Column_13=66
Column_14=55
Column_3=47
Column_7=43
Column_11=43
Column_16=36
Column_1=35
Column_18=35
Column_36=29
Column_8=24
Column_15=24
Column_22=19
Column_2=17
Column_6=16
Column_20=14
Column_21=13
Column_10=9
Column_9=5
Column_24=1

parameters:
[boosting: gbdt]
[objective: huber]
[metric: l1,huber]
[tree_learner: serial]
[device_type: cpu]
[data_sample_strategy: bagging]
[data: ]
[valid: ]
[num_iterations: 1500]
[learning_rate: 0.025]
[num_leaves: 31]
[num_threads: 16]
[seed: 43]
[deterministic: 0]
[force_col_wise: 0]
[force_row_wise: 0]
[histogram_pool_size: -1]
[max_depth: -1]
[min_data_in_leaf: 40]
[min_sum_hessian_in_leaf: 0.001]
[bagging_fraction: 0.85]
[pos_bagging_fraction: 1]
[neg_bagging_fraction: 1]
[bagging_freq: 0]
[bagging_seed: 11149]
[bagging_by_query: 0]
[feature_fraction: 0.85]
[feature_fraction_bynode: 1]
[feature_fraction_seed: 21351]
[extra_trees: 0]
[extra_seed: 16806]
[early_stopping_round: 0]
[early_stopping_min_delta: 0]
[first_metric_only: 0]
[max_delta_step: 0]
[lambda_l1: 0.1]
[lambda_l2: 1]
[linear_lambda: 0]
[min_gain_to_split: 0]
[drop_rate: 0.1]
[max_drop: 50]
[skip_drop: 0.5]
[xgboost_dart_mode: 0]
[uniform_drop: 0]
[drop_seed: 2965]
[top_rate: 0.2]
[other_rate: 0.1]
[min_data_per_group: 100]
[max_cat_threshold: 32]
[cat_l2: 10]
[cat_smooth: 10]
[max_cat_to_onehot: 4]
[top_k: 20]
[monotone_constraints: ]
[monotone_constraints_method: basic]
[monotone_penalty: 0]
[feature_contri: ]
[forcedsplits_filename: ]
[refit_decay_rate: 0.9]
[cegb_tradeoff: 1]
[cegb_penalty_split: 0]
[cegb_penalty_feature_lazy: ]
[cegb_penalty_feature_coupled: ]
[path_smooth: 0]
[interaction_constraints: ]
[verbosity: -1]
[saved_feature_importance_type: 0]
[use_quantized_grad: 0]
[num_grad_quant_bins: 4]
[quant_train_renew_leaf: 0]
[stochastic_rounding: 1]
[linear_tree: 0]
[max_bin: 255]
[max_bin_by_feature: ]
[min_data_in_bin: 3]
[bin_construct_sample_cnt: 200000]
[data_random_seed: 179]
[is_enable_sparse: 1]
[enable_bundle: 1]
[use_missing: 1]
[zero_as_missing: 0]
[feature_pre_filter: 1]
[pre_partition: 0]
[two_round: 0]
[header: 0]
[label_column: ]
[weight_column: ]
[group_column: ]
[ignore_column: ]
[categorical_feature: ]
[forcedbins_filename: ]
[precise_float_parser: 0]
[parser_config_file: ]
[objective_seed: 26397]
[num_class: 1]
[is_unbalance: 0]
[scale_pos_weight: 1]
[sigmoid: 1]
[boost_from_average: 1]
[reg_sqrt: 0]
[alpha: 0.9]
[fair_c: 1]
[poisson_max_delta_step: 0.7]
[tweedie_variance_power: 1.5]
[lambdarank_truncation_level: 30]
[lambdarank_norm: 1]
[label_gain: ]
[lambdarank_position_bias_regularization: 0]
[eval_at: ]
[multi_error_top_k: 1]
[auc_mu_weights: ]
[num_machines: 1]
[local_listen_port: 12400]
[time_out: 120]
[machine_list_filename: ]
[machines: ]
[gpu_platform_id: -1]
[gpu_device_id: -1]
[gpu_use_dp: 0]
[num_gpu: 1]

end of parameters

pandas_categorical:null
