{
  "tag": "replacement30k",
  "n_eval": 1977,
  "eval_set_counts": {
    "ood1000": 999,
    "p8_targeted_hard": 978
  },
  "all": {
    "HOMO": {
      "mae": 0.18537679314613342,
      "r2": 0.7347588539123535
    },
    "LUMO": {
      "mae": 0.19783706963062286,
      "r2": 0.8945244550704956
    },
    "Gap": {
      "mae": 0.2669302821159363,
      "r2": 0.8522270917892456
    },
    "average": {
      "mae": 0.21671471496423086,
      "r2": 0.8271701335906982
    }
  },
  "by_eval_set": {
    "ood1000": {
      "HOMO": {
        "mae": 0.17351369559764862,
        "r2": 0.7839694023132324
      },
      "LUMO": {
        "mae": 0.18568256497383118,
        "r2": 0.9238729476928711
      },
      "Gap": {
        "mae": 0.2372061312198639,
        "r2": 0.9067547917366028
      },
      "average": {
        "mae": 0.19880079726378122,
        "r2": 0.8715323805809021
      }
    },
    "p8_targeted_hard": {
      "HOMO": {
        "mae": 0.19749461114406586,
        "r2": 0.6463304162025452
      },
      "LUMO": {
        "mae": 0.21025259792804718,
        "r2": 0.807475745677948
      },
      "Gap": {
        "mae": 0.29729270935058594,
        "r2": 0.654861569404602
      },
      "average": {
        "mae": 0.23501330614089966,
        "r2": 0.7028892437616984
      }
    }
  }
}