{
  "best_params": {
    "fusion_type": "gate",
    "hidden": 192,
    "dropout": 0.0009528721349203921,
    "lr": 0.0005395060430178208,
    "weight_decay": 4.4132081179616e-06,
    "batch_size": 1024
  },
  "test_metrics": {
    "best_val_mae": 0.0670931265066458,
    "HOMO": {
      "mae": 0.06400411576032639,
      "r2": 0.9578065872192383
    },
    "LUMO": {
      "mae": 0.061708807945251465,
      "r2": 0.9853302240371704
    },
    "Gap": {
      "mae": 0.0756288468837738,
      "r2": 0.9764338731765747
    }
  },
  "n_trials": 60
}