{
  "best_params": {
    "hidden_channels": 192,
    "num_layers": 7,
    "num_heads": 4,
    "dropout": 0.05,
    "lr": 0.0004754654349367296,
    "weight_decay": 1.3094136884618282e-05,
    "batch_size": 256,
    "scheduler": "cosine"
  },
  "best_val_mae": 0.10701701571544012,
  "HOMO": {
    "mae": 0.09791267663240433,
    "r2": 0.9132503867149353
  },
  "LUMO": {
    "mae": 0.09536837041378021,
    "r2": 0.9712893962860107
  },
  "Gap": {
    "mae": 0.12644068896770477,
    "r2": 0.948874294757843
  }
}