{
  "best_val_mae": 0.105,
  "best_epoch": 80,
  "best_params": {
    "hidden_channels": 192,
    "num_filters": 192,
    "num_interactions": 6,
    "num_gaussians": 50,
    "cutoff": 6.0,
    "dropout": 0.0
  },
  "HOMO": {
    "mae": 0.09551131725311279,
    "r2": 0.9240366220474243
  },
  "LUMO": {
    "mae": 0.09574143588542938,
    "r2": 0.9723610877990723
  },
  "Gap": {
    "mae": 0.12391509115695953,
    "r2": 0.9553998708724976
  },
  "avg": {
    "mae": 0.10505594809850057,
    "r2": 0.950599193572998
  }
}