{
  "seed": 42,
  "win_delta_eV": 0.002,
  "selection": "R0-R3 and policy thresholds selected on weighted scaffold validation only",
  "feature_ablation": {
    "R0": {
      "n_features": 1,
      "features": [
        "base_gap"
      ],
      "ood_threshold": 2.016700081281927,
      "validation_policies": {
        "full_replacement": {
          "strategy": "full_replacement",
          "alpha": 0.0,
          "keep_utility": -0.0010233984048633792,
          "keep_probability": 0.5,
          "add_utility": -0.0010233984048633792,
          "add_probability": 0.5,
          "max_route_fraction": 0.25,
          "route_n": 153,
          "route_fraction": 0.018429294145988918,
          "weighted_gap_mae": 0.14760235728534557,
          "weighted_gap_delta_vs_fixed": -4.933416754032693e-06
        },
        "suppress_only": {
          "strategy": "suppress_only",
          "alpha": 1.0,
          "keep_utility": -0.016314455727033078,
          "keep_probability": 0.45,
          "add_utility": -0.016314455727033078,
          "add_probability": 0.45,
          "max_route_fraction": 0.25,
          "route_n": 507,
          "route_fraction": 0.061069621777884844,
          "weighted_gap_mae": 0.14748725546727542,
          "weighted_gap_delta_vs_fixed": -0.00012003523482417844
        },
        "add_only": {
          "strategy": "add_only",
          "alpha": 0.0,
          "keep_utility": -0.0010233984048633792,
          "keep_probability": 0.5,
          "add_utility": -0.0010233984048633792,
          "add_probability": 0.5,
          "max_route_fraction": 0.25,
          "route_n": 1077,
          "route_fraction": 0.1297277764394122,
          "weighted_gap_mae": 0.1476072907020996,
          "weighted_gap_delta_vs_fixed": 0.0
        },
        "bidirectional": {
          "strategy": "bidirectional",
          "alpha": 1.0,
          "keep_utility": -0.016314455727033078,
          "keep_probability": 0.45,
          "add_utility": -0.016278139742084887,
          "add_probability": 0.55,
          "max_route_fraction": 0.25,
          "route_n": 507,
          "route_fraction": 0.061069621777884844,
          "weighted_gap_mae": 0.14748725546727542,
          "weighted_gap_delta_vs_fixed": -0.00012003523482417844
        }
      }
    },
    "R1": {
      "n_features": 7,
      "features": [
        "base_homo",
        "base_lumo",
        "base_gap",
        "gap_consistency_signed",
        "gap_consistency_abs",
        "fixed_route_flag",
        "fixed_route_margin"
      ],
      "ood_threshold": 3.429830086056569,
      "validation_policies": {
        "full_replacement": {
          "strategy": "full_replacement",
          "alpha": 0.0,
          "keep_utility": -0.0011717875145559498,
          "keep_probability": 0.5,
          "add_utility": -0.0011717875145559498,
          "add_probability": 0.5,
          "max_route_fraction": 0.25,
          "route_n": 313,
          "route_fraction": 0.037701758612382556,
          "weighted_gap_mae": 0.14747341258694968,
          "weighted_gap_delta_vs_fixed": -0.00013387811514992132
        },
        "suppress_only": {
          "strategy": "suppress_only",
          "alpha": 0.0,
          "keep_utility": -0.00056800647908557,
          "keep_probability": 0.45,
          "add_utility": -0.00056800647908557,
          "add_probability": 0.45,
          "max_route_fraction": 0.25,
          "route_n": 304,
          "route_fraction": 0.03661768248614792,
          "weighted_gap_mae": 0.14751722019077138,
          "weighted_gap_delta_vs_fixed": -9.007051132822741e-05
        },
        "add_only": {
          "strategy": "add_only",
          "alpha": 0.0,
          "keep_utility": -0.0010103822158829539,
          "keep_probability": 0.5,
          "add_utility": -0.0010103822158829539,
          "add_probability": 0.5,
          "max_route_fraction": 0.25,
          "route_n": 1146,
          "route_fraction": 0.13803902674054444,
          "weighted_gap_mae": 0.14747517635519156,
          "weighted_gap_delta_vs_fixed": -0.00013211434690804658
        },
        "bidirectional": {
          "strategy": "bidirectional",
          "alpha": 0.0,
          "keep_utility": -0.00056800647908557,
          "keep_probability": 0.45,
          "add_utility": -0.0009527948726480383,
          "add_probability": 0.55,
          "max_route_fraction": 0.25,
          "route_n": 313,
          "route_fraction": 0.037701758612382556,
          "weighted_gap_mae": 0.14750828722096854,
          "weighted_gap_delta_vs_fixed": -9.900348113106583e-05
        }
      }
    },
    "R2": {
      "n_features": 29,
      "features": [
        "base_homo",
        "base_lumo",
        "base_gap",
        "gap_consistency_signed",
        "gap_consistency_abs",
        "fixed_route_flag",
        "fixed_route_margin",
        "mw",
        "heavy_atoms",
        "ring_count",
        "aromatic_rings",
        "rotatable_bonds",
        "tpsa",
        "logp",
        "fraction_csp3",
        "hbd",
        "hba",
        "formal_charge",
        "conjugated_bonds",
        "aromatic_atom_fraction",
        "n_N",
        "n_O",
        "n_S",
        "n_F",
        "n_Cl",
        "n_Br",
        "n_B",
        "n_P",
        "n_Si"
      ],
      "ood_threshold": 6.277600907178832,
      "validation_policies": {
        "full_replacement": {
          "strategy": "full_replacement",
          "alpha": 0.0,
          "keep_utility": -0.0008824477728032643,
          "keep_probability": 0.5,
          "add_utility": -0.0008824477728032643,
          "add_probability": 0.5,
          "max_route_fraction": 0.25,
          "route_n": 747,
          "route_fraction": 0.08997831847747531,
          "weighted_gap_mae": 0.14721510525402104,
          "weighted_gap_delta_vs_fixed": -0.0003921854480785636
        },
        "suppress_only": {
          "strategy": "suppress_only",
          "alpha": 0.0,
          "keep_utility": -0.001256856649026091,
          "keep_probability": 0.45,
          "add_utility": -0.001256856649026091,
          "add_probability": 0.45,
          "max_route_fraction": 0.25,
          "route_n": 610,
          "route_fraction": 0.07347627077812575,
          "weighted_gap_mae": 0.14760723343662013,
          "weighted_gap_delta_vs_fixed": -5.7265479469492675e-08
        },
        "add_only": {
          "strategy": "add_only",
          "alpha": 0.0,
          "keep_utility": -0.0007332657240772868,
          "keep_probability": 0.5,
          "add_utility": -0.0007332657240772868,
          "add_probability": 0.5,
          "max_route_fraction": 0.25,
          "route_n": 1445,
          "route_fraction": 0.17405444471211756,
          "weighted_gap_mae": 0.14710063631602882,
          "weighted_gap_delta_vs_fixed": -0.0005066543860707817
        },
        "bidirectional": {
          "strategy": "bidirectional",
          "alpha": 0.0,
          "keep_utility": -0.001256856649026091,
          "keep_probability": 0.45,
          "add_utility": -0.0008824477728032643,
          "add_probability": 0.55,
          "max_route_fraction": 0.25,
          "route_n": 752,
          "route_fraction": 0.0905805829920501,
          "weighted_gap_mae": 0.14735701836392673,
          "weighted_gap_delta_vs_fixed": -0.0002502723381728744
        }
      }
    },
    "R3": {
      "n_features": 38,