{
  "phase": "6",
  "experiment": "phase6_schnet_expanded",
  "model": "SchNet_3D_ETKDG_expanded",
  "data_desc": "44827 CHONSFCl MW200-1000",
  "mw_range": "200-1000",
  "n_data": 44827,
  "split": "random_test",
  "metrics": {
    "homo": {
      "mae": 0.13533852994441986,
      "rmse": 0.19097827241927567,
      "r2": 0.8519869446754456
    },
    "lumo": {
      "mae": 0.14646127820014954,
      "rmse": 0.20745067576084328,
      "r2": 0.926360547542572
    },
    "gap": {
      "mae": 0.19170983135700226,
      "rmse": 0.2708336420546508,
      "r2": 0.8914260864257812
    },
    "average": {
      "mae": 0.1578365465005239,
      "rmse": 0.22308753007825657,
      "r2": 0.8899245262145996
    }
  }
}