{
  "step": "step4_chonsfcl_mw200_500",
  "n_molecules": 10000,
  "n_features": 5874,
  "n_train": 9000,
  "n_test": 1000,
  "metrics": {
    "homo": {
      "mae": 0.14403693991202546,
      "rmse": 0.2108862608143334,
      "r2": 0.8488673328324048
    },
    "lumo": {
      "mae": 0.16640133188264866,
      "rmse": 0.24678481296370955,
      "r2": 0.9077454513625051
    },
    "gap": {
      "mae": 0.2158569386465597,
      "rmse": 0.3218705775258725,
      "r2": 0.864098542023715
    },
    "average": {
      "mae": 0.17543173681374458,
      "rmse": 0.25984721710130515,
      "r2": 0.873570442072875
    }
  },
  "elements": [
    "C",
    "Cl",
    "F",
    "H",
    "N",
    "O",
    "S"
  ],
  "mw_range": "200-500"
}