{
  "step": "step1_chon_mw200_500",
  "n_molecules": 10000,
  "n_features": 5688,
  "n_train": 9000,
  "n_test": 1000,
  "metrics": {
    "homo": {
      "mae": 0.13069894270549987,
      "rmse": 0.18740075260418187,
      "r2": 0.8495046931589296
    },
    "lumo": {
      "mae": 0.15812885433763818,
      "rmse": 0.23384686749949193,
      "r2": 0.9305335219916476
    },
    "gap": {
      "mae": 0.19965558429036473,
      "rmse": 0.2895264171104927,
      "r2": 0.8859077713852029
    },
    "average": {
      "mae": 0.16282779377783427,
      "rmse": 0.2369246790713888,
      "r2": 0.8886486621785933
    }
  },
  "elements": [
    "C",
    "H",
    "N",
    "O"
  ],
  "mw_range": "200-500"
}