{
  "HOMO": {
    "mae": 0.18214327096939087,
    "rmse": 0.24253091767431728,
    "r2": 0.7277083396911621
  },
  "LUMO": {
    "mae": 0.18946430087089539,
    "rmse": 0.25597179651153107,
    "r2": 0.9225257635116577
  },
  "Gap": {
    "mae": 0.23408852517604828,
    "rmse": 0.31294154920752465,
    "r2": 0.8940796852111816
  },
  "average": {
    "mae": 0.20189869900544485,
    "rmse": 0.27048142113112433,
    "r2": 0.8481045961380005
  }
}