{
  "encoder": "schnet",
  "n_params": 1041028,
  "use_charges": true,
  "batch_size": 64,
  "epochs_ran": 72,
  "train_seconds": 381.6,
  "sec_per_epoch": 5.3,
  "peak_train_mem_mb": 1496.6,
  "peak_infer_mem_mb": 205.9,
  "best_val_mae": 0.2039,
  "emb_dim": 192,
  "test": {
    "HOMO": {
      "mae": 0.17637471854686737,
      "rmse": 0.23526283427740122,
      "r2": 0.743783712387085
    },
    "LUMO": {
      "mae": 0.17438910901546478,
      "rmse": 0.2334160738231217,
      "r2": 0.935577929019928
    },
    "Gap": {
      "mae": 0.2388210892677307,
      "rmse": 0.3200671256337659,
      "r2": 0.8892012238502502
    },
    "average": {
      "mae": 0.19652830561002096,
      "rmse": 0.2629153445780963,
      "r2": 0.856187621752421
    }
  }
}