{
  "encoder": "tensornet",
  "n_params": 786563,
  "use_charges": false,
  "batch_size": 32,
  "epochs_ran": 101,
  "train_seconds": 1997.4,
  "sec_per_epoch": 19.78,
  "peak_train_mem_mb": 2066.5,
  "peak_infer_mem_mb": 404.0,
  "best_val_mae": 0.1909,
  "emb_dim": 128,
  "test": {
    "HOMO": {
      "mae": 0.1644454300403595,
      "rmse": 0.21549517102318572,
      "r2": 0.7850313186645508
    },
    "LUMO": {
      "mae": 0.16216376423835754,
      "rmse": 0.218348910263514,
      "r2": 0.9436264634132385
    },
    "Gap": {
      "mae": 0.22216759622097015,
      "rmse": 0.29499429483069395,
      "r2": 0.9058803915977478
    },
    "average": {
      "mae": 0.18292559683322906,
      "rmse": 0.24294612537246454,
      "r2": 0.8781793912251791
    }
  }
}