{
  "encoder": "visnet",
  "n_params": 1098115,
  "use_charges": false,
  "batch_size": 64,
  "epochs_ran": 114,
  "train_seconds": 1870.0,
  "sec_per_epoch": 16.4,
  "peak_train_mem_mb": 3512.5,
  "peak_infer_mem_mb": 778.8,
  "best_val_mae": 0.2034,
  "emb_dim": 128,
  "test": {
    "HOMO": {
      "mae": 0.1780596822500229,
      "rmse": 0.2360885919478312,
      "r2": 0.7419819235801697
    },
    "LUMO": {
      "mae": 0.17382465302944183,
      "rmse": 0.2321674974433054,
      "r2": 0.9362652897834778
    },
    "Gap": {
      "mae": 0.2339198738336563,
      "rmse": 0.31229403383979326,
      "r2": 0.8945175409317017
    },
    "average": {
      "mae": 0.1952680697043737,
      "rmse": 0.26018337441031,
      "r2": 0.8575882514317831
    }
  }
}