{
  "encoder": "schnet",
  "fusion": "gate",
  "hidden": 128,
  "best_val_mae": 0.1903,
  "test": {
    "HOMO": {
      "mae": 0.18364399671554565,
      "rmse": 0.2431636335376801,
      "r2": 0.7262858152389526
    },
    "LUMO": {
      "mae": 0.16165773570537567,
      "rmse": 0.21537255318934972,
      "r2": 0.9451528787612915
    },
    "Gap": {
      "mae": 0.22298039495944977,
      "rmse": 0.29110493665608966,
      "r2": 0.9083458781242371
    },
    "average": {
      "mae": 0.18942737579345703,
      "rmse": 0.24988037446103983,
      "r2": 0.8599281907081604
    }
  }
}