{
  "encoder": "visnet",
  "fusion": "gate",
  "hidden": 128,
  "best_val_mae": 0.1936,
  "test": {
    "HOMO": {
      "mae": 0.1749691367149353,
      "rmse": 0.23086121650387348,
      "r2": 0.75328129529953
    },
    "LUMO": {
      "mae": 0.16456079483032227,
      "rmse": 0.2175036242884635,
      "r2": 0.9440621137619019
    },
    "Gap": {
      "mae": 0.21910443902015686,
      "rmse": 0.29166278950067,
      "r2": 0.907994270324707
    },
    "average": {
      "mae": 0.18621145685513815,
      "rmse": 0.24667587676433564,
      "r2": 0.868445893128713
    }
  }
}