{
  "encoder": "tensornet",
  "fusion": "gate",
  "hidden": 128,
  "best_val_mae": 0.1866,
  "test": {
    "HOMO": {
      "mae": 0.1645105928182602,
      "rmse": 0.21671058896574197,
      "r2": 0.7825995683670044
    },
    "LUMO": {
      "mae": 0.15616938471794128,
      "rmse": 0.2087428399531277,
      "r2": 0.948477566242218
    },
    "Gap": {
      "mae": 0.2174871563911438,
      "rmse": 0.2883361893279977,
      "r2": 0.9100810289382935
    },
    "average": {
      "mae": 0.17938904464244843,
      "rmse": 0.2379298727489558,
      "r2": 0.8803860545158386
    }
  }
}