{
  "base_csv": "data\\raw\\phase8_replacement_300k.csv",
  "candidate_csvs": [
    "data\\raw\\phase8_v3_topup_balanced_200k.csv",
    "data\\raw\\phase8_v3_topup_general_60k.csv",
    "data\\raw\\phase8_targeted_topup_200k.csv",
    "data\\raw\\phase8_targeted_topup_balanced_probe.csv",
    "data\\raw\\phase8_targeted_topup_probe.csv"
  ],
  "out_csv": "data\\raw\\phase8_expansion_500k.csv",
  "target_size": 500000,
  "base": {
    "n": 300000,
    "mw": {
      "mean": 380.8162007496458,
      "p1": 205.20994,
      "p50": 356.41556,
      "p99": 791.7871594000002
    },
    "homo": {
      "mean": -5.82634064829512,
      "p1": -7.12394060609,
      "p50": -5.804188431165,
      "p99": -4.699406198135
    },
    "lumo": {
      "mean": -1.0600533827971375,
      "p1": -2.92794503138,
      "p50": -1.1020610945250002,
      "p99": 1.5837026099099996
    },
    "gap": {
      "mean": 4.766287265497983,
      "p1": 2.707532812475,
      "p50": 4.710290752154999,
      "p99": 7.43415039566
    }
  },
  "candidate_pool": {
    "n": 216105,
    "mw": {
      "mean": 485.37682587563853,
      "p1": 209.24654,
      "p50": 493.55806,
      "p99": 903.9820021119999
    },
    "homo": {
      "mean": -5.716037331560999,
      "p1": -6.957951157285,
      "p50": -5.706227444985,
      "p99": -4.639541151025001
    },
    "lumo": {
      "mean": -1.3700833338620526,
      "p1": -3.13475155776,
      "p50": -1.3687326680150005,
      "p99": 0.432661022295
    },
    "gap": {
      "mean": 4.3459539976989445,
      "p1": 2.4544669315099994,
      "p50": 4.329331361455,
      "p99": 6.838221063065
    },
    "bucket_counts": {
      "general_indomain": 60000,
      "large_mw_500_700": 56308,
      "s_or_cl_hard": 31853,
      "large_aromatic_edge": 20024,
      "aromatic_edge_general": 17314,
      "flexible_hard": 15524,
      "very_large_general": 14946,
      "very_low_gap": 124,
      "low_gap_aromatic_edge": 12
    }
  },
  "appended": {
    "n": 200000,
    "mw": {
      "mean": 491.7939585379845,
      "p1": 210.2562,
      "p50": 502.0108328,
      "p99": 908.1010210000003
    },
    "homo": {
      "mean": -5.708032933988762,
      "p1": -6.936182049245001,
      "p50": -5.700785167975,
      "p99": -4.63682001252
    },
    "lumo": {
      "mean": -1.376677235965735,
      "p1": -3.148357250285,
      "p50": -1.37145380652,
      "p99": 0.4027284987400001
    },
    "gap": {
      "mean": 4.3313556980230254,
      "p1": 2.4490246545,
      "p50": 4.318446807435,
      "p99": 6.79740398549
    },
    "bucket_counts": {
      "large_mw_500_700": 55332,
      "general_indomain": 46844,
      "s_or_cl_hard": 30769,
      "large_aromatic_edge": 19845,
      "aromatic_edge_general": 17177,
      "flexible_hard": 15385,
      "very_large_general": 14648
    }
  },
  "expanded": {
    "n": 500000,
    "mw": {
      "mean": 425.2073038649812,
      "p1": 206.28412,
      "p50": 403.3761496,
      "p99": 864.00358
    },
    "homo": {
      "mean": -5.779017562572576,
      "p1": -7.072238974495001,
      "p50": -5.7606502150850005,
      "p99": -4.666752536075
    },
    "lumo": {
      "mean": -1.1867029240645761,
      "p1": -3.023184879055,
      "p50": -1.21907005024,
      "p99": 1.2299546042599996
    },
    "gap": {
      "mean": 4.592314638507999,
      "p1": 2.566033610215,
      "p50": 4.547022441855,
      "p99": 7.287208916389999
    }
  },
  "complete": true,
  "missing_rows": 0
}