{
  "base_csv": "data\\raw\\phase8_expansion_500k.csv",
  "candidate_csvs": [
    "data\\raw\\phase8_tail_probe_30k.csv"
  ],
  "out_csv": "data\\raw\\phase8_expansion_tail_probe_521k.csv",
  "target_size": 550000,
  "base": {
    "n": 500000,
    "mw": {
      "mean": 425.2073038649812,
      "p1": 206.28412,
      "p50": 403.3761496,
      "p99": 864.00358
    },
    "homo": {
      "mean": -5.779017562572576,
      "p1": -7.072238974495001,
      "p50": -5.7606502150850005,
      "p99": -4.666752536075
    },
    "lumo": {
      "mean": -1.1867029240645761,
      "p1": -3.023184879055,
      "p50": -1.21907005024,
      "p99": 1.2299546042599996
    },
    "gap": {
      "mean": 4.592314638507999,
      "p1": 2.566033610215,
      "p50": 4.547022441855,
      "p99": 7.287208916389999
    }
  },
  "candidate_pool": {
    "n": 20829,
    "mw": {
      "mean": 579.4563219117142,
      "p1": 233.2951176,
      "p50": 526.5135832,
      "p99": 989.5239781120005
    },
    "homo": {
      "mean": -5.443823417243924,
      "p1": -6.77563487745,
      "p50": -5.48037294907,
      "p99": -3.79326707597
    },
    "lumo": {
      "mean": -1.962454415106256,
      "p1": -3.7299189715736,
      "p50": -2.097997787355,
      "p99": -0.0544227701000004
    },
    "gap": {
      "mean": 3.4813690021376678,
      "p1": 1.4558091001750002,
      "p50": 3.148357250285,
      "p99": 6.127677376639413
    },
    "bucket_counts": {
      "low_gap_general": 7200,
      "very_large_general": 4384,
      "very_low_gap": 3121,
      "flexible_hard": 3000,
      "very_large_tail": 2558,
      "low_gap_aromatic_edge": 566
    }
  },
  "appended": {
    "n": 20829,
    "mw": {
      "mean": 579.4563219117142,
      "p1": 233.2951176,
      "p50": 526.5135832,
      "p99": 989.5239781120005
    },
    "homo": {
      "mean": -5.443823417243924,
      "p1": -6.77563487745,
      "p50": -5.48037294907,
      "p99": -3.79326707597
    },
    "lumo": {
      "mean": -1.962454415106256,
      "p1": -3.7299189715736,
      "p50": -2.097997787355,
      "p99": -0.0544227701000004
    },
    "gap": {
      "mean": 3.4813690021376678,
      "p1": 1.4558091001750002,
      "p50": 3.148357250285,
      "p99": 6.127677376639413
    },
    "bucket_counts": {
      "low_gap_general": 7200,
      "very_large_general": 4384,
      "very_low_gap": 3121,
      "flexible_hard": 3000,
      "very_large_tail": 2558,
      "low_gap_aromatic_edge": 566
    }
  },
  "expanded": {
    "n": 520829,
    "mw": {
      "mean": 431.3760325588431,
      "p1": 206.62838,
      "p50": 407.50206,
      "p99": 895.3439159999994
    },
    "homo": {
      "mean": -5.765612474044382,
      "p1": -7.06407555898,
      "p50": -5.749765661065,
      "p99": -4.60960862747
    },
    "lumo": {
      "mean": -1.2177267875723823,
      "p1": -3.1020978957,
      "p50": -1.2381180197750004,
      "p99": 1.1938178849135244
    },
    "gap": {
      "mean": 4.547885686472,
      "p1": 2.38371733038,
      "p50": 4.519811056805,
      "p99": 7.26543980835
    }
  },
  "complete": false,
  "missing_rows": 29171
}