{
  "n_eval": 1977,
  "eval_set_counts": {
    "ood1000": 999,
    "p8_targeted_hard": 978
  },
  "models": {
    "phase7_full": {
      "gps_2d": {
        "all": {
          "HOMO": {
            "mae": 0.1344565898180008,
            "r2": 0.8474997878074646
          },
          "LUMO": {
            "mae": 0.13411714136600494,
            "r2": 0.9433342814445496
          },
          "Gap": {
            "mae": 0.1890394389629364,
            "r2": 0.9106837511062622
          },
          "average": {
            "mae": 0.15253772338231406,
            "r2": 0.9005059401194254
          }
        },
        "ood1000": {
          "HOMO": {
            "mae": 0.11791463941335678,
            "r2": 0.8852400779724121
          },
          "LUMO": {
            "mae": 0.11591895669698715,
            "r2": 0.9679275155067444
          },
          "Gap": {
            "mae": 0.15654732286930084,
            "r2": 0.9514524936676025
          },
          "average": {
            "mae": 0.13012697299321493,
            "r2": 0.934873362382253
          }
        },
        "p8_targeted_hard": {
          "HOMO": {
            "mae": 0.15135373175144196,
            "r2": 0.7864154577255249
          },
          "LUMO": {
            "mae": 0.1527060866355896,
            "r2": 0.8798612952232361
          },
          "Gap": {
            "mae": 0.2222292274236679,
            "r2": 0.7749688625335693
          },
          "average": {
            "mae": 0.1754296819368998,
            "r2": 0.8137485384941101
          }
        }
      },
      "schnet_3d": {
        "all": {
          "HOMO": {
            "mae": 0.14358997344970703,
            "r2": 0.832832932472229
          },
          "LUMO": {
            "mae": 0.1485820859670639,
            "r2": 0.9317719340324402
          },
          "Gap": {
            "mae": 0.2028396725654602,
            "r2": 0.902519941329956
          },
          "average": {
            "mae": 0.1650039106607437,
            "r2": 0.8890416026115417
          }
        },
        "ood1000": {
          "HOMO": {
            "mae": 0.13349516689777374,
            "r2": 0.8646200895309448
          },
          "LUMO": {
            "mae": 0.1334044337272644,
            "r2": 0.9593331217765808
          },
          "Gap": {
            "mae": 0.1779921054840088,
            "r2": 0.9440370798110962
          },
          "average": {
            "mae": 0.1482972353696823,
            "r2": 0.9226634303728739
          }
        },
        "p8_targeted_hard": {
          "HOMO": {
            "mae": 0.15390154719352722,
            "r2": 0.7762637734413147
          },
          "LUMO": {
            "mae": 0.16408565640449524,
            "r2": 0.8592284917831421
          },
          "Gap": {
            "mae": 0.22822077572345734,
            "r2": 0.760661780834198
          },
          "average": {
            "mae": 0.18206932644049326,
            "r2": 0.7987180153528849
          }
        }
      },
      "hybrid": {
        "all": {
          "HOMO": {
            "mae": 0.12735281884670258,
            "r2": 0.8626492619514465
          },
          "LUMO": {
            "mae": 0.12920549511909485,
            "r2": 0.9468686580657959
          },
          "Gap": {
            "mae": 0.17930033802986145,
            "r2": 0.9186779260635376
          },
          "average": {
            "mae": 0.1452862173318863,
            "r2": 0.90939861536026
          }
        },
        "ood1000": {
          "HOMO": {
            "mae": 0.1122770830988884,
            "r2": 0.8967739939689636
          },
          "LUMO": {
            "mae": 0.11184309422969818,
            "r2": 0.9703799486160278
          },
          "Gap": {
            "mae": 0.1488102227449417,
            "r2": 0.9566246271133423
          },
          "average": {
            "mae": 0.12431013335784276,
            "r2": 0.941259523232778
          }
        },
        "p8_targeted_hard": {
          "HOMO": {
            "mae": 0.1427522897720337,
            "r2": 0.807488203048706
          },
          "LUMO": {
            "mae": 0.14694072306156158,
            "r2": 0.8864989876747131
          },
          "Gap": {
            "mae": 0.21044516563415527,
            "r2": 0.7933714389801025
          },
          "average": {
            "mae": 0.16671272615591684,
            "r2": 0.8291195432345072
          }
        }
      }
    },
    "replacement300k_full": {
      "gps_2d": {
        "all": {
          "HOMO": {
            "mae": 0.13066241145133972,
            "r2": 0.8602268695831299
          },
          "LUMO": {
            "mae": 0.12840797007083893,
            "r2": 0.9497427940368652
          },
          "Gap": {
            "mae": 0.18108397722244263,
            "r2": 0.923018217086792
          },
          "average": {
            "mae": 0.14671811958154043,
            "r2": 0.9109959602355957
          }
        },
        "ood1000": {
          "HOMO": {
            "mae": 0.12353260815143585,
            "r2": 0.8833647966384888
          },
          "LUMO": {
            "mae": 0.11695435643196106,
            "r2": 0.968624472618103
          },
          "Gap": {
            "mae": 0.1637214869260788,
            "r2": 0.9510100483894348
          },
          "average": {
            "mae": 0.13473615050315857,
            "r2": 0.9343331058820089
          }
        },
        "p8_targeted_hard": {
          "HOMO": {
            "mae": 0.13794530928134918,
            "r2": 0.8166577816009521
          },
          "LUMO": {
            "mae": 0.14010751247406006,
            "r2": 0.8989948630332947
          },
          "Gap": {
            "mae": 0.19881927967071533,
            "r2": 0.8210722208023071
          },
          "average": {
            "mae": 0.15895736714204153,
            "r2": 0.845574955145518
          }
        }
      },
      "schnet_3d": {
        "all": {
          "HOMO": {
            "mae": 0.12923464179039001,
            "r2": 0.8635073900222778
          },
          "LUMO": {
            "mae": 0.13212354481220245,
            "r2": 0.9431165456771851
          },
          "Gap": {
            "mae": 0.17841391265392303,
            "r2": 0.9216974973678589
          },
          "average": {
            "mae": 0.14659069975217184,
            "r2": 0.9094404776891073
          }
        },
        "ood1000": {
          "HOMO": {
            "mae": 0.13113971054553986,
            "r2": 0.8707938194274902
          },
          "LUMO": {
            "mae": 0.12569069862365723,
            "r2": 0.9629900455474854
          },
          "Gap": {
            "mae": 0.1688765436410904,
            "r2": 0.9497949481010437
          },
          "average": {
            "mae": 0.14190231760342917,
            "r2": 0.9278596043586731
          }
        },
        "p8_targeted_hard": {
          "HOMO": {
            "mae": 0.12728866934776306,
            "r2": 0.8375588655471802
          },
          "LUMO": {
            "mae": 0.13869452476501465,
            "r2": 0.8885126709938049
          },
          "Gap": {
            "mae": 0.18815606832504272,
            "r2": 0.818790078163147
          },
          "average": {
            "mae": 0.15137975414594015,
            "r2": 0.8482872049013773
          }
        }
      },
      "hybrid": {
        "all": {
          "HOMO": {
            "mae": 0.11496211588382721,
            "r2": 0.8859801888465881
          },
          "LUMO": {
            "mae": 0.1140948086977005,
            "r2": 0.9581166505813599
          },
          "Gap": {
            "mae": 0.15609177947044373,
            "r2": 0.9388702511787415
          },
          "average": {
            "mae": 0.12838290135065714,
            "r2": 0.9276556968688965
          }
        },
        "ood1000": {
          "HOMO": {
            "mae": 0.11308570206165314,