{
  "created_at": "2026-06-26",
  "dataset": "data/raw/phase8_replacement_300k.csv",
  "graph_build": {
    "csv": "D:\\\u6587\u6863\\molgap\\data\\raw\\phase8_replacement_300k.csv",
    "n_input": 300000,
    "max_rows": null,
    "results": [
      {
        "kind": "2d",
        "processed": 300000,
        "graphs": 300000,
        "failed": 0,
        "elapsed_s": 240.96069598197937,
        "out": "D:\\\u6587\u6863\\molgap\\results\\phase8\\pyg_2d_graphs_bond_replacement_300k.pt"
      },
      {
        "kind": "3d",
        "processed": 300000,
        "graphs": 298957,
        "failed": 1043,
        "elapsed_s": 3538.606346845627,
        "out": "D:\\\u6587\u6863\\molgap\\results\\phase8\\pyg_3d_graphs_etkdg_replacement_300k.pt",
        "n_jobs": 15
      }
    ]
  },
  "checkpoints": {
    "gps": "models/phase8_gps_replacement_300k.pt",
    "schnet": "models/phase8_schnet_replacement_300k.pt",
    "fusion": "models/phase8_hybrid_fusion_replacement_300k.pt"
  },
  "embeddings": {
    "gps": "results/phase8/gps_replacement_300k_embeddings.pt",
    "schnet": "results/phase8/schnet_replacement_300k_embeddings.pt"
  },
  "internal_test": {
    "gps": {
      "best_val_mae": 0.10880159889062245,
      "best_epoch": 0,
      "test_avg_mae": 0.10869623472293218,
      "test_gap_mae": 0.13052678108215332,
      "test_homo_mae": 0.0991034209728241,
      "test_lumo_mae": 0.09645850211381912
    },
    "schnet": {
      "best_val_mae": 0.12229516894836492,
      "best_epoch": 3,
      "test_avg_mae": 0.12341547509034474,
      "test_gap_mae": 0.1484163999557495,
      "test_homo_mae": 0.1102353185415268,
      "test_lumo_mae": 0.11159470677375793
    },
    "fusion": {
      "n_aligned": 298957,
      "best_val_mae": 0.09660957859155227,
      "best_epoch": 49,
      "test_avg_mae": 0.09744773308436076,
      "test_gap_mae": 0.1150321364402771,
      "test_homo_mae": 0.08922380954027176,
      "test_lumo_mae": 0.08808725327253342
    }
  },
  "common_eval": {
    "n_eval": 1977,
    "eval_set_counts": {
      "ood1000": 999,
      "p8_targeted_hard": 978
    },
    "models": {
      "phase7_full": {
        "gps_2d": {
          "all": {
            "HOMO": {
              "mae": 0.13445068895816803,
              "r2": 0.8474917411804199
            },
            "LUMO": {
              "mae": 0.1341368407011032,
              "r2": 0.9433251619338989
            },
            "Gap": {
              "mae": 0.18906700611114502,
              "r2": 0.9106723666191101
            },
            "average": {
              "mae": 0.15255151192347208,
              "r2": 0.9004964232444763
            }
          },
          "ood1000": {
            "HOMO": {
              "mae": 0.11792156100273132,
              "r2": 0.8852139711380005
            },
            "LUMO": {
              "mae": 0.11593355983495712,
              "r2": 0.9679222106933594
            },
            "Gap": {
              "mae": 0.1565784066915512,
              "r2": 0.9514510631561279
            },
            "average": {
              "mae": 0.1301445091764132,
              "r2": 0.9348624149958292
            }
          },
          "p8_targeted_hard": {
            "HOMO": {
              "mae": 0.1513347029685974,
              "r2": 0.7864259481430054
            },
            "LUMO": {
              "mae": 0.15273098647594452,
              "r2": 0.8798422813415527
            },
            "Gap": {
              "mae": 0.22225318849086761,
              "r2": 0.7749302387237549
            },
            "average": {
              "mae": 0.17543962597846985,
              "r2": 0.8137328227361044
            }
          }
        },
        "schnet_3d": {
          "all": {
            "HOMO": {
              "mae": 0.14353038370609283,
              "r2": 0.8329044580459595
            },
            "LUMO": {
              "mae": 0.1485806256532669,
              "r2": 0.9317734837532043
            },
            "Gap": {
              "mae": 0.20283183455467224,
              "r2": 0.9025251269340515
            },
            "average": {
              "mae": 0.164980947971344,
              "r2": 0.8890676895777384
            }
          },
          "ood1000": {
            "HOMO": {
              "mae": 0.13340184092521667,
              "r2": 0.8647797107696533
            },
            "LUMO": {
              "mae": 0.13341307640075684,
              "r2": 0.9593310952186584
            },
            "Gap": {
              "mae": 0.17799024283885956,
              "r2": 0.9440433382987976
            },
            "average": {
              "mae": 0.14826838672161102,
              "r2": 0.9227180480957031
            }
          },
          "p8_targeted_hard": {
            "HOMO": {
              "mae": 0.1538764387369156,
              "r2": 0.7762492299079895
            },
            "LUMO": {
              "mae": 0.1640738546848297,
              "r2": 0.8592370748519897
            },
            "Gap": {
              "mae": 0.2282067984342575,
              "r2": 0.7606675028800964
            },
            "average": {
              "mae": 0.18205236395200095,
              "r2": 0.7987179358800253
            }
          }
        },
        "hybrid": {
          "all": {
            "HOMO": {
              "mae": 0.12735235691070557,
              "r2": 0.8626517057418823
            },
            "LUMO": {
              "mae": 0.12920545041561127,
              "r2": 0.9468679428100586
            },
            "Gap": {
              "mae": 0.1792980283498764,
              "r2": 0.9186789989471436
            },
            "average": {
              "mae": 0.14528527855873108,
              "r2": 0.9093995491663615
            }
          },
          "ood1000": {
            "HOMO": {
              "mae": 0.11227470636367798,
              "r2": 0.8967715501785278
            },
            "LUMO": {
              "mae": 0.11184059828519821,
              "r2": 0.9703782200813293
            },
            "Gap": {
              "mae": 0.1488097608089447,
              "r2": 0.9566258192062378
            },
            "average": {
              "mae": 0.12430835515260696,
              "r2": 0.9412585298220316
            }
          },
          "p8_targeted_hard": {
            "HOMO": {
              "mae": 0.1427537500858307,
              "r2": 0.8074963092803955
            },
            "LUMO": {
              "mae": 0.14694316685199738,
              "r2": 0.8865000009536743
            },
            "Gap": {
              "mae": 0.21044094860553741,
              "r2": 0.7933729887008667
            },
            "average": {
              "mae": 0.16671262184778848,
              "r2": 0.8291230996449789
            }
          }
        }
      },
      "replacement300k_full": {
        "gps_2d": {
          "all": {
            "HOMO": {
              "mae": 0.13070961833000183,
              "r2": 0.8601845502853394
            },
            "LUMO": {
              "mae": 0.12841743230819702,
              "r2": 0.9497379064559937
            },
            "Gap": {
              "mae": 0.18111877143383026,
              "r2": 0.9229986071586609
            },
            "average": {
              "mae": 0.14674860735734305,
              "r2": 0.9109736879666647
            }
          },
          "ood1000": {
            "HOMO": {
              "mae": 0.12356388568878174,
              "r2": 0.8833669424057007
            },
            "LUMO": {
              "mae": 0.11696577817201614,
              "r2": 0.9686152338981628
            },
            "Gap": {
              "mae": 0.16373951733112335,
              "r2": 0.9510032534599304
            },
            "average": {
              "mae": 0.1347563937306404,
              "r2": 0.9343284765879313
            }
          },
          "p8_targeted_hard": {
            "HOMO": {
              "mae": 0.13800878822803497,