{
  "n_requested": 100,
  "n_valid": 100,
  "n_routed": 23,
  "route_fraction": 0.23,
  "repeats": 5,
  "base_seconds_all": [
    6.572050599999784,
    6.979023899999447,
    6.400395500000741,
    6.581545200002438,
    6.385936600003333
  ],
  "routed_seconds_all": [
    6.590486100001726,
    6.404684600001929,
    6.440831400002935,
    6.385986900000717,
    6.248818199997913
  ],
  "base_seconds": 6.572050599999784,
  "routed_seconds": 6.404684600001929,
  "base_seconds_per_valid": 0.06572050599999785,
  "routed_seconds_per_valid": 0.06404684600001928,
  "slowdown": 0.9745336714239752,
  "model_load_excluded": true,
  "sample_seed": 42
}