{
  "train_csv": "D:\\\u6587\u6863\\molgap\\data\\raw\\phase7_chonsfcl_mw200_1000_300k.csv",
  "candidate_csvs": [
    "data\\raw\\phase8_targeted_topup_rare_probe.csv",
    "data\\raw\\phase8_targeted_topup_balanced_probe.csv"
  ],
  "out_csv": "data\\raw\\phase8_replacement_300k_probe.csv",
  "requested_replacement_size": 50000,
  "n_replaced": 3847,
  "old": {
    "n": 300000,
    "p8_low_gap": {
      "n": 7314,
      "fraction": 0.02438
    },
    "p8_large": {
      "n": 19637,
      "fraction": 0.06545666666666666
    },
    "p8_aromatic_edge": {
      "n": 6639,
      "fraction": 0.02213
    },
    "p8_scl_hard": {
      "n": 25443,
      "fraction": 0.08481
    },
    "p8_flexible_hard": {
      "n": 9410,
      "fraction": 0.03136666666666667
    },
    "p8_any_hard": {
      "n": 46788,
      "fraction": 0.15596
    },
    "mw": {
      "mean": 347.3609755585576,
      "p1": 203.28348,
      "p50": 325.7425632,
      "p99": 709.1818664
    },
    "homo": {
      "mean": -5.84098511730348,
      "p1": -7.142988575625,
      "p50": -5.81779412369,
      "p99": -4.742944414215001
    },
    "lumo": {
      "mean": -0.9956926974107182,
      "p1": -2.859916568755001,
      "p50": -1.0258692163849998,
      "p99": 1.5755664057800758
    },
    "gap": {
      "mean": 4.845292419892761,
      "p1": 2.903454784835,
      "p50": 4.81097287684,
      "p99": 7.420544703135
    }
  },
  "removed_old": {
    "n": 3847,
    "p8_low_gap": {
      "n": 0,
      "fraction": 0.0
    },
    "p8_large": {
      "n": 0,
      "fraction": 0.0
    },
    "p8_aromatic_edge": {
      "n": 0,
      "fraction": 0.0
    },
    "p8_scl_hard": {
      "n": 0,
      "fraction": 0.0
    },
    "p8_flexible_hard": {
      "n": 0,
      "fraction": 0.0
    },
    "p8_any_hard": {
      "n": 0,
      "fraction": 0.0
    },
    "mw": {
      "mean": 289.69359100082914,
      "p1": 201.2841076,
      "p50": 278.2277296,
      "p99": 446.40911416
    },
    "homo": {
      "mean": -5.775763957335152,
      "p1": -7.1352605422708,
      "p50": -5.73615996854,
      "p99": -4.7046307840646
    },
    "lumo": {
      "mean": -0.9141709723662672,
      "p1": -2.5296247770180997,
      "p50": -0.8898122911349997,
      "p99": 0.2612292964799998
    },
    "gap": {
      "mean": 4.861592984968884,
      "p1": 4.040890679925,
      "p50": 4.91437614003,
      "p99": 5.488536364584999
    }
  },
  "candidates_used": {
    "n": 3847,
    "p8_low_gap": {
      "n": 876,
      "fraction": 0.22770990382115935
    },
    "p8_large": {
      "n": 2406,
      "fraction": 0.6254224070704445
    },
    "p8_aromatic_edge": {
      "n": 744,
      "fraction": 0.1933974525604367
    },
    "p8_scl_hard": {
      "n": 1721,
      "fraction": 0.4473615804523005
    },
    "p8_flexible_hard": {
      "n": 855,
      "fraction": 0.22225110475695348
    },
    "p8_any_hard": {
      "n": 3847,
      "fraction": 1.0
    },
    "mw": {
      "mean": 537.9656105720427,
      "p1": 228.2334812,
      "p50": 539.9313096,
      "p99": 925.20704
    },
    "homo": {
      "mean": -5.573223400885918,
      "p1": -6.72121210735,
      "p50": -5.62187215133,
      "p99": -3.8974866807115003
    },
    "lumo": {
      "mean": -1.6434806541512412,
      "p1": -3.5144592247477,
      "p50": -1.6054717179499995,
      "p99": -0.14002978746730013
    },
    "gap": {
      "mean": 3.9297427467346764,
      "p1": 1.6020975062038,
      "p50": 4.078986618995,
      "p99": 5.7799158757004
    },
    "bucket_counts": {
      "s_or_cl_hard": 1285,
      "large_mw_500_700": 1050,
      "very_low_gap": 402,
      "very_large_general": 333,
      "low_gap_aromatic_edge": 273,
      "large_aromatic_edge": 201,
      "flexible_hard": 154,
      "aromatic_edge_general": 149
    }
  },
  "replacement": {
    "n": 300000,
    "p8_low_gap": {
      "n": 8190,
      "fraction": 0.0273
    },
    "p8_large": {
      "n": 22043,
      "fraction": 0.07347666666666666
    },
    "p8_aromatic_edge": {
      "n": 7383,
      "fraction": 0.02461
    },
    "p8_scl_hard": {
      "n": 27164,
      "fraction": 0.09054666666666666
    },
    "p8_flexible_hard": {
      "n": 10265,
      "fraction": 0.034216666666666666
    },
    "p8_any_hard": {
      "n": 50635,
      "fraction": 0.16878333333333334
    },
    "mw": {
      "mean": 350.54465042285926,
      "p1": 203.32324,
      "p50": 328.3624,
      "p99": 723.2567682000004
    },
    "homo": {
      "mean": -5.8383878722346125,
      "p1": -7.14026743712,
      "p50": -5.81779412369,
      "p99": -4.726617583185
    },
    "lumo": {
      "mean": -1.0050448785634745,
      "p1": -2.881685676795,
      "p50": -1.0367537704050005,
      "p99": 1.5755664057800758
    },
    "gap": {
      "mean": 4.83334299367114,
      "p1": 2.82454176819,
      "p50": 4.800088322820001,
      "p99": 7.420544703135
    },
    "bucket_counts": {
      "s_or_cl_hard": 1285,
      "large_mw_500_700": 1050,
      "very_low_gap": 402,
      "very_large_general": 333,
      "low_gap_aromatic_edge": 273,
      "large_aromatic_edge": 201,
      "flexible_hard": 154,
      "aromatic_edge_general": 149
    }
  }
}