{
  "train_csv": "D:\\\u6587\u6863\\molgap\\data\\raw\\phase7_chonsfcl_mw200_1000_300k.csv",
  "candidate_csvs": [
    "data\\raw\\phase8_targeted_topup_rare_probe.csv",
    "data\\raw\\phase8_targeted_replacement_balanced_50k.csv"
  ],
  "out_csv": "data\\raw\\phase8_replacement_300k.csv",
  "requested_replacement_size": 50000,
  "n_replaced": 38620,
  "old": {
    "n": 300000,
    "p8_low_gap": {
      "n": 7314,
      "fraction": 0.02438
    },
    "p8_large": {
      "n": 19637,
      "fraction": 0.06545666666666666
    },
    "p8_aromatic_edge": {
      "n": 6639,
      "fraction": 0.02213
    },
    "p8_scl_hard": {
      "n": 25443,
      "fraction": 0.08481
    },
    "p8_flexible_hard": {
      "n": 9410,
      "fraction": 0.03136666666666667
    },
    "p8_any_hard": {
      "n": 46788,
      "fraction": 0.15596
    },
    "mw": {
      "mean": 347.3609755585576,
      "p1": 203.28348,
      "p50": 325.7425632,
      "p99": 709.1818664
    },
    "homo": {
      "mean": -5.84098511730348,
      "p1": -7.142988575625,
      "p50": -5.81779412369,
      "p99": -4.742944414215001
    },
    "lumo": {
      "mean": -0.9956926974107182,
      "p1": -2.859916568755001,
      "p50": -1.0258692163849998,
      "p99": 1.5755664057800758
    },
    "gap": {
      "mean": 4.845292419892761,
      "p1": 2.903454784835,
      "p50": 4.81097287684,
      "p99": 7.420544703135
    }
  },
  "removed_old": {
    "n": 38620,
    "p8_low_gap": {
      "n": 0,
      "fraction": 0.0
    },
    "p8_large": {
      "n": 0,
      "fraction": 0.0
    },
    "p8_aromatic_edge": {
      "n": 0,
      "fraction": 0.0
    },
    "p8_scl_hard": {
      "n": 0,
      "fraction": 0.0
    },
    "p8_flexible_hard": {
      "n": 0,
      "fraction": 0.0
    },
    "p8_any_hard": {
      "n": 0,
      "fraction": 0.0
    },
    "mw": {
      "mean": 289.0287660573969,
      "p1": 202.2093,
      "p50": 278.30372,
      "p99": 448.589031408
    },
    "homo": {
      "mean": -5.773956596466312,
      "p1": -7.12394060609,
      "p50": -5.74160224555,
      "p99": -4.680875244915955
    },
    "lumo": {
      "mean": -0.9062708106131059,
      "p1": -2.54646862436405,
      "p50": -0.8843700141250004,
      "p99": 0.3210943435899995
    },
    "gap": {
      "mean": 4.867685785853206,
      "p1": 4.035448402915001,
      "p50": 4.90893386302,
      "p99": 5.488536364584999
    }
  },
  "candidates_used": {
    "n": 38620,
    "p8_low_gap": {
      "n": 3510,
      "fraction": 0.09088555152770585
    },
    "p8_large": {
      "n": 25492,
      "fraction": 0.660072501294666
    },
    "p8_aromatic_edge": {
      "n": 8984,
      "fraction": 0.23262558259968927
    },
    "p8_scl_hard": {
      "n": 13581,
      "fraction": 0.351657172449508
    },
    "p8_flexible_hard": {
      "n": 9956,
      "fraction": 0.25779388917659246
    },
    "p8_any_hard": {
      "n": 38620,
      "fraction": 1.0
    },
    "mw": {
      "mean": 548.9088167390764,
      "p1": 228.07468,
      "p50": 538.9240248000001,
      "p99": 932.9998029999999
    },
    "homo": {
      "mean": -5.660198421880395,
      "p1": -6.851826755590001,
      "p50": -5.657246951895,
      "p99": -4.470830563715
    },
    "lumo": {
      "mean": -1.4062243480529213,
      "p1": -3.16144592649405,
      "p50": -1.37145380652,
      "p99": 0.15730901697404384
    },
    "gap": {
      "mean": 4.253974073827473,
      "p1": 2.2122856045649995,
      "p50": 4.296677699395,
      "p99": 6.356579547680001
    },
    "bucket_counts": {
      "large_mw_500_700": 13847,
      "s_or_cl_hard": 7677,
      "very_large_general": 4593,
      "aromatic_edge_general": 4185,
      "flexible_hard": 3842,
      "large_aromatic_edge": 3801,
      "very_low_gap": 402,
      "low_gap_aromatic_edge": 273
    }
  },
  "replacement": {
    "n": 300000,
    "p8_low_gap": {
      "n": 10824,
      "fraction": 0.03608
    },
    "p8_large": {
      "n": 45129,
      "fraction": 0.15043
    },
    "p8_aromatic_edge": {
      "n": 15623,
      "fraction": 0.05207666666666667
    },
    "p8_scl_hard": {
      "n": 39024,
      "fraction": 0.13008
    },
    "p8_flexible_hard": {
      "n": 19366,
      "fraction": 0.06455333333333334
    },
    "p8_any_hard": {
      "n": 85408,
      "fraction": 0.28469333333333335
    },
    "mw": {
      "mean": 380.8162007496458,
      "p1": 205.20994,
      "p50": 356.41556,
      "p99": 791.7871594000002
    },
    "homo": {
      "mean": -5.82634064829512,
      "p1": -7.12394060609,
      "p50": -5.804188431165,
      "p99": -4.699406198135
    },
    "lumo": {
      "mean": -1.0600533827971375,
      "p1": -2.92794503138,
      "p50": -1.1020610945250002,
      "p99": 1.5837026099099996
    },
    "gap": {
      "mean": 4.766287265497983,
      "p1": 2.707532812475,
      "p50": 4.710290752154999,
      "p99": 7.43415039566
    },
    "bucket_counts": {
      "large_mw_500_700": 13847,
      "s_or_cl_hard": 7677,
      "very_large_general": 4593,
      "aromatic_edge_general": 4185,
      "flexible_hard": 3842,
      "large_aromatic_edge": 3801,
      "very_low_gap": 402,
      "low_gap_aromatic_edge": 273
    }
  }
}