{
  "kind": "schnet",
  "graph_path": "results\\phase8\\pyg_3d_graphs_etkdg_expansion_500k.pt",
  "n_graphs": 497578,
  "postprocess_only": true,
  "model_path": "models\\phase8_schnet_expansion_500k.pt",
  "eval_batch_size": 128,
  "embedding_batch_size": 128,
  "test_metrics": {
    "HOMO": {
      "mae": 0.10606739670038223,
      "r2": 0.8945205211639404
    },
    "LUMO": {
      "mae": 0.10749373584985733,
      "r2": 0.9594153165817261
    },
    "Gap": {
      "mae": 0.1440752148628235,
      "r2": 0.938847541809082
    },
    "average": {
      "mae": 0.11921211580435435,
      "r2": 0.9309277931849161
    }
  }
}