{
  "n": 300000,
  "elements_filter": [
    "C",
    "Cl",
    "F",
    "H",
    "N",
    "O",
    "S"
  ],
  "element_fraction": {
    "C": 1.0,
    "H": 0.9998,
    "N": 0.9396,
    "O": 0.904,
    "S": 0.3273,
    "Cl": 0.2036,
    "F": 0.1869
  },
  "mw": {
    "min": 200.02482,
    "max": 999.95442,
    "p1": 203.28348,
    "p50": 325.7425632,
    "p99": 709.1818664,
    "mean": 347.3609755585576
  },
  "labels_eV": {
    "homo": {
      "min": -10.07909702252,
      "max": -2.8844068153,
      "p1": -7.142988575625,
      "p50": -5.81779412369,
      "p99": -4.742944414215001,
      "mean": -5.84098511730348
    },
    "lumo": {
      "min": -5.766092492095,
      "max": 2.462630347025,
      "p1": -2.859916568755001,
      "p50": -1.0258692163849998,
      "p99": 1.5755664057800758,
      "mean": -0.9956926974107182
    },
    "gap": {
      "min": 0.4816415153849998,
      "max": 11.298167072760002,
      "p1": 2.903454784835,
      "p50": 4.81097287684,
      "p99": 7.420544703135,
      "mean": 4.845292419892761
    }
  },
  "topology_sampled": {
    "sample_n": 50000,
    "heavy_atoms": {
      "min": 10.0,
      "max": 77.0,
      "p1": 14.0,
      "p50": 23.0,
      "p99": 51.0,
      "mean": 24.42496
    },
    "aromatic_rings": {
      "min": 0.0,
      "max": 16.0,
      "p1": 0.0,
      "p50": 2.0,
      "p99": 5.0,
      "mean": 1.92308
    },
    "aromatic_atom_fraction": {
      "min": 0.0,
      "max": 1.0,
      "p1": 0.0,
      "p50": 0.42857142857142855,
      "p99": 0.84,
      "mean": 0.4268202401321364
    },
    "rotatable_bonds": {
      "min": 0.0,
      "max": 46.0,
      "p1": 1.0,
      "p50": 5.0,
      "p99": 16.0,
      "mean": 5.4427
    },
    "ring_count": {
      "min": 0.0,
      "max": 17.0,
      "p1": 0.0,
      "p50": 3.0,
      "p99": 6.0,
      "mean": 2.71176
    }
  }
}