{
  "n_valid": 1977,
  "scopes": {
    "all": {
      "n": 1977,
      "routed_v4_500k": {
        "homo": {
          "mae_eV": 0.09302154330967122,
          "r2": 0.9214894986569758
        },
        "lumo": {
          "mae_eV": 0.0953593451627036,
          "r2": 0.9690569224330617
        },
        "gap": {
          "mae_eV": 0.12258057011659332,
          "r2": 0.9590292439735103
        },
        "average": {
          "mae_eV": 0.10365381952965605,
          "r2": 0.9498585550211827
        }
      },
      "repaired_2m_d_gps7_seed42": {
        "homo": {
          "mae_eV": 0.09265058562101162,
          "r2": 0.9229684276584749
        },
        "lumo": {
          "mae_eV": 0.09065441780138761,
          "r2": 0.973200210378394
        },
        "gap": {
          "mae_eV": 0.11691796702224835,
          "r2": 0.9640190395906099
        },
        "average": {
          "mae_eV": 0.1000743234815492,
          "r2": 0.9533958925424929
        }
      },
      "candidate_minus_routed_v4_500k": {
        "homo": {
          "mae_delta_eV": -0.00037095768865959196,
          "normal_ci95_eV": [
            -0.00297386012728976,
            0.002231944749970576
          ],
          "candidate_win_rate": 0.5027819929185635
        },
        "lumo": {
          "mae_delta_eV": -0.004704927361315976,
          "normal_ci95_eV": [
            -0.007494425700681998,
            -0.0019154290219499529
          ],
          "candidate_win_rate": 0.5295902883156297
        },
        "gap": {
          "mae_delta_eV": -0.0056626030943449715,
          "normal_ci95_eV": [
            -0.00948063439876939,
            -0.0018445717899205527
          ],
          "candidate_win_rate": 0.5068285280728376
        },
        "average": {
          "mae_delta_eV": -0.003579496048106846,
          "normal_ci95_eV": [
            -0.005978928643145323,
            -0.0011800634530683691
          ],
          "candidate_win_rate": 0.5169448659585231
        }
      }
    },
    "ood1000": {
      "n": 999,
      "routed_v4_500k": {
        "homo": {
          "mae_eV": 0.10327928250488991,
          "r2": 0.911385538291508
        },
        "lumo": {
          "mae_eV": 0.10241736727041041,
          "r2": 0.9745330547455251
        },
        "gap": {
          "mae_eV": 0.13265152289234733,
          "r2": 0.9650824653303471
        },
        "average": {
          "mae_eV": 0.11278272422254923,
          "r2": 0.9503336861224602
        }
      },
      "repaired_2m_d_gps7_seed42": {
        "homo": {
          "mae_eV": 0.10332758350938438,
          "r2": 0.9110548209049538
        },
        "lumo": {
          "mae_eV": 0.09678232143061097,
          "r2": 0.9771830469655995
        },
        "gap": {
          "mae_eV": 0.1285551519166717,
          "r2": 0.9669755656428327
        },
        "average": {
          "mae_eV": 0.10955501895222235,
          "r2": 0.9517378111711287
        }
      },
      "candidate_minus_routed_v4_500k": {
        "homo": {
          "mae_delta_eV": 4.830100449447426e-05,
          "normal_ci95_eV": [
            -0.0037430804890063382,
            0.003839682497995287
          ],
          "candidate_win_rate": 0.5035035035035035
        },
        "lumo": {
          "mae_delta_eV": -0.005635045839799444,
          "normal_ci95_eV": [
            -0.009322810880981735,
            -0.0019472807986171538
          ],
          "candidate_win_rate": 0.5405405405405406
        },
        "gap": {
          "mae_delta_eV": -0.004096370975675668,
          "normal_ci95_eV": [
            -0.008918661321335456,
            0.0007259193699841208
          ],
          "candidate_win_rate": 0.5095095095095095
        },
        "average": {
          "mae_delta_eV": -0.0032277052703268794,
          "normal_ci95_eV": [
            -0.006371584043363491,
            -8.382649729026794e-05
          ],
          "candidate_win_rate": 0.5125125125125125
        }
      }
    },
    "p8_targeted_hard": {
      "n": 978,
      "routed_v4_500k": {
        "homo": {
          "mae_eV": 0.08254354591087422,
          "r2": 0.9220835038195533
        },
        "lumo": {
          "mae_eV": 0.08814977043305217,
          "r2": 0.949400170425258
        },
        "gap": {
          "mae_eV": 0.11229336988859918,
          "r2": 0.9233344813106865
        },
        "average": {
          "mae_eV": 0.09432889541084184,
          "r2": 0.9316060518518325
        }
      },
      "repaired_2m_d_gps7_seed42": {
        "homo": {
          "mae_eV": 0.08174432704178425,
          "r2": 0.9257211738598451
        },
        "lumo": {
          "mae_eV": 0.08439493341938953,
          "r2": 0.9576158389040086
        },
        "gap": {
          "mae_eV": 0.10503090392457054,
          "r2": 0.9376323507321235
        },
        "average": {
          "mae_eV": 0.0903900547952481,
          "r2": 0.9403231211653257
        }
      },
      "candidate_minus_routed_v4_500k": {
        "homo": {
          "mae_delta_eV": -0.0007992188690899725,
          "normal_ci95_eV": [
            -0.004362853771403918,
            0.0027644160332239735
          ],
          "candidate_win_rate": 0.5020449897750511
        },
        "lumo": {
          "mae_delta_eV": -0.003754837013662617,
          "normal_ci95_eV": [
            -0.007952017838034169,
            0.00044234381070893487
          ],
          "candidate_win_rate": 0.5184049079754601
        },
        "gap": {
          "mae_delta_eV": -0.007262465964028647,
          "normal_ci95_eV": [
            -0.013205085076757491,
            -0.0013198468512998019
          ],
          "candidate_win_rate": 0.5040899795501023
        },
        "average": {
          "mae_delta_eV": -0.003938840615593744,
          "normal_ci95_eV": [
            -0.00757534949706333,
            -0.00030233173412415847
          ],
          "candidate_win_rate": 0.5214723926380368
        }
      }
    }
  }
}