{
  "n_valid": 4981,
  "routed_v4_500k_gap_mae_eV": 0.2916908393741398,
  "repaired_2m_d_gps7_seed42_gap_mae_eV": 0.3092158701312789,
  "candidate_minus_routed_v4_500k_gap": {
    "mae_delta_eV": 0.017525030757139105,
    "normal_ci95_eV": [
      0.012485027085069005,
      0.022565034429209208
    ],
    "candidate_win_rate": 0.4794218028508332
  }
}