{
  "n": 3736,
  "homo": {
    "delta_mean": -2.191119786115581,
    "delta_std": 0.34998470098597667,
    "delta_p5": -2.7683372705459592,
    "delta_p50": -2.180426221084595,
    "delta_p95": -1.6635140829086303,
    "abs_delta_mean": 2.191119786115581,
    "std_gw": 0.7723135285435204,
    "residual_compression": 2.2067065399366292
  },
  "lumo": {
    "delta_mean": 0.9907520607632603,
    "delta_std": 0.39228252496987387,
    "delta_p5": 0.3656061404705048,
    "delta_p50": 1.0072738919258117,
    "delta_p95": 1.568339575433731,
    "abs_delta_mean": 1.0086864309727062,
    "std_gw": 0.9034323777338309,
    "residual_compression": 2.303014588282289
  },
  "gap": {
    "delta_mean": 3.180437985239499,
    "delta_std": 0.5837530821444288,
    "delta_p5": 2.269473634815216,
    "delta_p50": 3.187639549636841,
    "delta_p95": 4.0612894168853755,
    "abs_delta_mean": 3.180549727594061,
    "std_gw": 1.2652834960366546,
    "residual_compression": 2.167497756737506
  }
}