{
  "n": 3736,
  "hybrid_key": "phase8_expansion_hybrid",
  "homo": {
    "delta_mean": -2.1984433494697546,
    "delta_std": 0.34461321730499755,
    "delta_p5": -2.7636141767501825,
    "delta_p50": -2.185551092529297,
    "delta_p95": -1.6766926797866823,
    "abs_delta_mean": 2.1984433494697546,
    "std_gw": 0.7723135285435204,
    "residual_compression": 2.2411024585281347
  },
  "lumo": {
    "delta_mean": 1.0181585489156286,
    "delta_std": 0.3869810278744518,
    "delta_p5": 0.40079421892166134,
    "delta_p50": 1.0288202211380004,
    "delta_p95": 1.6076590394973755,
    "abs_delta_mean": 1.0322406591223319,
    "std_gw": 0.9034323777338309,
    "residual_compression": 2.3345650371959095
  },
  "gap": {
    "delta_mean": 3.2193083710456047,
    "delta_std": 0.5805427360342019,
    "delta_p5": 2.3086407763481143,
    "delta_p50": 3.221337385177612,
    "delta_p95": 4.11684764738083,
    "abs_delta_mean": 3.2193083710456047,
    "std_gw": 1.2652834960366546,
    "residual_compression": 2.179483813164294
  }
}