{
  "targets": [
    "fusion",
    "gps"
  ],
  "rank": 4,
  "alpha": 8.0,
  "seed": 2,
  "split_seed": 42,
  "layer_counts": {
    "gps": 33,
    "fusion": 6
  },
  "trainable_params": 66892,
  "best_val_mae": 0.1846926647620123,
  "train_time_s": 257.33019852638245,
  "n": 3736,
  "n_train": 2736,
  "n_val": 305,
  "n_test": 695,
  "metrics": {
    "raw_b3lyp": {
      "homo": {
        "mae": 2.204771041870117,
        "r2": -7.007394790649414
      },
      "lumo": {
        "mae": 0.9853569865226746,
        "r2": -0.317044734954834
      },
      "gap": {
        "mae": 3.1587026119232178,
        "r2": -5.044800758361816
      },
      "average": {
        "mae": 2.1162768801053367,
        "r2": -4.1230800946553545
      }
    },
    "const_delta": {
      "homo": {
        "mae": 0.2831520438194275,
        "r2": 0.7375514507293701
      },
      "lumo": {
        "mae": 0.29782891273498535,
        "r2": 0.781602680683136
      },
      "gap": {
        "mae": 0.47052907943725586,
        "r2": 0.7665270566940308
      },
      "average": {
        "mae": 0.3505033453305562,
        "r2": 0.7618937293688456
      }
    },
    "encoder_lora_gw": {
      "homo": {
        "mae": 0.18048465251922607,
        "r2": 0.8901718854904175
      },
      "lumo": {
        "mae": 0.20325514674186707,
        "r2": 0.8756129145622253
      },
      "gap": {
        "mae": 0.2752085030078888,
        "r2": 0.8974404335021973
      },
      "average": {
        "mae": 0.21964943408966064,
        "r2": 0.88774174451828
      }
    }
  }
}