{
  "targets": [
    "fusion",
    "gps",
    "schnet"
  ],
  "rank": 4,
  "alpha": 8.0,
  "seed": 2,
  "split_seed": 42,
  "layer_counts": {
    "gps": 33,
    "schnet": 72,
    "fusion": 6
  },
  "trainable_params": 130368,
  "best_val_mae": 0.18218121748478686,
  "train_time_s": 445.66013860702515,
  "n": 3736,
  "n_train": 2736,
  "n_val": 305,
  "n_test": 695,
  "metrics": {
    "raw_b3lyp": {
      "homo": {
        "mae": 2.204771041870117,
        "r2": -7.007394790649414
      },
      "lumo": {
        "mae": 0.9853569865226746,
        "r2": -0.317044734954834
      },
      "gap": {
        "mae": 3.1587026119232178,
        "r2": -5.044800758361816
      },
      "average": {
        "mae": 2.1162768801053367,
        "r2": -4.1230800946553545
      }
    },
    "const_delta": {
      "homo": {
        "mae": 0.2831520438194275,
        "r2": 0.7375514507293701
      },
      "lumo": {
        "mae": 0.29782891273498535,
        "r2": 0.781602680683136
      },
      "gap": {
        "mae": 0.47052907943725586,
        "r2": 0.7665270566940308
      },
      "average": {
        "mae": 0.3505033453305562,
        "r2": 0.7618937293688456
      }
    },
    "encoder_lora_gw": {
      "homo": {
        "mae": 0.18404661118984222,
        "r2": 0.8979203104972839
      },
      "lumo": {
        "mae": 0.1988244354724884,
        "r2": 0.8883395195007324
      },
      "gap": {
        "mae": 0.2713240683078766,
        "r2": 0.903732180595398
      },
      "average": {
        "mae": 0.2180650383234024,
        "r2": 0.8966640035311381
      }
    }
  }
}