{
  "targets": [
    "fusion",
    "gps",
    "schnet"
  ],
  "hybrid_key": "phase8_expansion_hybrid",
  "csv": "results\\phase9\\delta_oe62_v3.csv",
  "graph_cache": "results\\phase9\\delta_oe62_v3_graphs.pt",
  "rank": 4,
  "alpha": 8.0,
  "seed": 1,
  "split_seed": 42,
  "layer_counts": {
    "gps": 33,
    "schnet": 72,
    "fusion": 6
  },
  "trainable_params": 130368,
  "best_val_mae": 0.1765451902737383,
  "train_time_s": 563.2054927349091,
  "n": 3736,
  "n_train": 2736,
  "n_val": 305,
  "n_test": 695,
  "metrics": {
    "raw_b3lyp": {
      "homo": {
        "mae": 2.203444242477417,
        "r2": -6.958372116088867
      },
      "lumo": {
        "mae": 1.0092573165893555,
        "r2": -0.38546788692474365
      },
      "gap": {
        "mae": 3.1896817684173584,
        "r2": -5.149138927459717
      },
      "average": {
        "mae": 2.1341277758280435,
        "r2": -4.164326310157776
      }
    },
    "const_delta": {
      "homo": {
        "mae": 0.2726302444934845,
        "r2": 0.7776662111282349
      },
      "lumo": {
        "mae": 0.30084481835365295,
        "r2": 0.7786605358123779
      },
      "gap": {
        "mae": 0.46989044547080994,
        "r2": 0.7763557434082031
      },
      "average": {
        "mae": 0.3477885027726491,
        "r2": 0.777560830116272
      }
    },
    "encoder_lora_gw": {
      "homo": {
        "mae": 0.18097063899040222,
        "r2": 0.8404075503349304
      },
      "lumo": {
        "mae": 0.18765607476234436,
        "r2": 0.903329610824585
      },
      "gap": {
        "mae": 0.25513607263565063,
        "r2": 0.9023062586784363
      },
      "average": {
        "mae": 0.20792092879613241,
        "r2": 0.8820144732793173
      }
    }
  }
}