{
  "ALL": {
    "n": 65,
    "homo": {
      "raw_mae": 0.3620149225088266,
      "raw_me": 0.12110283074012176,
      "neargw_mae": 1.6339811716453982,
      "neargw_me": -1.6339811716453982
    },
    "lumo": {
      "raw_mae": 0.8592879701394301,
      "raw_me": 0.8592879701394301,
      "neargw_mae": 1.6318915702150603,
      "neargw_me": 1.6318915702150603
    },
    "gap": {
      "raw_mae": 0.7424060038053072,
      "raw_me": 0.7408945195124699,
      "neargw_mae": 3.2802811084969985,
      "neargw_me": 3.2802811084969985
    }
  },
  "IN-DIST": {
    "n": 54,
    "homo": {
      "raw_mae": 0.4029078805005109,
      "raw_me": 0.15450272842689802,
      "neargw_mae": 1.6124030379509922,
      "neargw_me": -1.6124030379509922
    },
    "lumo": {
      "raw_mae": 0.9234466142566116,
      "raw_me": 0.9234466142566116,
      "neargw_mae": 1.6850475723141483,
      "neargw_me": 1.6850475723141483
    },
    "gap": {
      "raw_mae": 0.7750283555631287,
      "raw_me": 0.7732089763217503,
      "neargw_mae": 3.3162460057794227,
      "neargw_me": 3.3162460057794227
    }
  }
}