{
  "split": "mw_shift",
  "mw_threshold": 390.5559997558594,
  "mw_quantile": 0.8,
  "n_train": 2690,
  "n_val": 299,
  "n_ood_test": 747,
  "rank": 4,
  "alpha": 8.0,
  "seeds": [
    42
  ],
  "lora_trainable_params": 130368,
  "lora_layer_counts": {
    "gps": 33,
    "schnet": 72,
    "fusion": 6
  },
  "lora_best_val_mae": [
    0.18237732609976892
  ],
  "lora_per_seed_avg_mae": [
    0.24257318178812662
  ],
  "metrics": {
    "raw_b3lyp": {
      "homo": {
        "mae": 2.07326602935791,
        "r2": -5.589592456817627
      },
      "lumo": {
        "mae": 0.9222788214683533,
        "r2": -0.2738025188446045
      },
      "gap": {
        "mae": 2.971869945526123,
        "r2": -4.647183895111084
      },
      "average": {
        "mae": 1.9891382654507954,
        "r2": -3.503526290257772
      }
    },
    "const_delta": {
      "homo": {
        "mae": 0.293207585811615,
        "r2": 0.7737534046173096
      },
      "lumo": {
        "mae": 0.28109484910964966,
        "r2": 0.7927184104919434
      },
      "gap": {
        "mae": 0.483982652425766,
        "r2": 0.7401379346847534
      },
      "average": {
        "mae": 0.35276169578234357,
        "r2": 0.7688699165980021
      }
    },
    "lightgbm_delta": {
      "homo": {
        "mae": 0.21936586499214172,
        "r2": 0.8651615381240845
      },
      "lumo": {
        "mae": 0.2343921959400177,
        "r2": 0.8596075177192688
      },
      "gap": {
        "mae": 0.3382795453071594,
        "r2": 0.8649579882621765
      },
      "average": {
        "mae": 0.26401253541310626,
        "r2": 0.8632423480351766
      }
    },
    "encoder_lora_gw_mean": {
      "homo": {
        "mae": 0.20498359203338623,
        "r2": 0.8823010921478271
      },
      "lumo": {
        "mae": 0.2146420180797577,
        "r2": 0.8812488317489624
      },
      "gap": {
        "mae": 0.30809393525123596,
        "r2": 0.882847011089325
      },
      "average": {
        "mae": 0.24257318178812662,
        "r2": 0.8821323116620382
      }
    }
  }
}