{
  "n": 3736,
  "n_scaffolds": 3111,
  "n_train": 2736,
  "n_val": 305,
  "n_test": 695,
  "rank": 8,
  "alpha": 16.0,
  "trainable_params": 16920,
  "best_val_mae": 0.20752215385437012,
  "train_time_s": 10.402915716171265,
  "metrics": {
    "raw_b3lyp": {
      "homo": {
        "mae": 2.204771041870117,
        "r2": -7.007394790649414
      },
      "lumo": {
        "mae": 0.9853569865226746,
        "r2": -0.317044734954834
      },
      "gap": {
        "mae": 3.1587026119232178,
        "r2": -5.044800758361816
      },
      "average": {
        "mae": 2.1162768801053367,
        "r2": -4.1230800946553545
      }
    },
    "const_delta": {
      "homo": {
        "mae": 0.2831520438194275,
        "r2": 0.7375514507293701
      },
      "lumo": {
        "mae": 0.29782891273498535,
        "r2": 0.781602680683136
      },
      "gap": {
        "mae": 0.47052907943725586,
        "r2": 0.7665270566940308
      },
      "average": {
        "mae": 0.3505033453305562,
        "r2": 0.7618937293688456
      }
    },
    "lora_gw": {
      "homo": {
        "mae": 0.18644027411937714,
        "r2": 0.8779739141464233
      },
      "lumo": {
        "mae": 0.21805858612060547,
        "r2": 0.8667345643043518
      },
      "gap": {
        "mae": 0.3029162883758545,
        "r2": 0.8850947618484497
      },
      "average": {
        "mae": 0.23580504953861237,
        "r2": 0.8766010800997416
      }
    },
    "lightgbm_delta_reference": {
      "n": 3736,
      "n_scaffolds": 3111,
      "n_train": 3041,
      "n_test": 695,
      "homo": {
        "mae_raw": 2.2047710156834532,
        "mae_const": 0.2831769466893601,
        "mae_delta_model": 0.19667193828723742,
        "mae_yrand": 0.28292068180687563,
        "r2_delta_model": 0.8556342423725487,
        "beats_const": true,
        "signal_real": true
      },
      "lumo": {
        "mae_raw": 0.9853570942820143,
        "mae_const": 0.2978422507800046,
        "mae_delta_model": 0.21662725800189636,
        "mae_yrand": 0.2986412855147182,
        "r2_delta_model": 0.8764306442960821,
        "beats_const": true,
        "signal_real": true
      },
      "gap": {
        "mae_raw": 3.158702563884892,
        "mae_const": 0.4705525325498519,
        "mae_delta_model": 0.3028717676439667,
        "mae_yrand": 0.4682469265614438,
        "r2_delta_model": 0.8849483340535972,
        "beats_const": true,
        "signal_real": true
      }
    }
  }
}