{
  "run_mode": "full",
  "n_valid": 4981,
  "route_n": 385,
  "baseline_routed_v4": {
    "homo": {
      "mae_eV": 11.550716723560278,
      "r2": -88.88475260228478
    },
    "lumo": {
      "mae_eV": 6.135248677322407,
      "r2": -24.34057350590913
    },
    "gap": {
      "mae_eV": 0.29168975837530003,
      "r2": 0.8284319195062748
    },
    "average": {
      "mae_eV": 5.992551719752662,
      "r2": -37.46563139622921
    }
  },
  "candidate_1m": {
    "homo": {
      "mae_eV": 11.545421912363576,
      "r2": -88.80547197928249
    },
    "lumo": {
      "mae_eV": 6.118386867407448,
      "r2": -24.222341399227915
    },
    "gap": {
      "mae_eV": 0.30468503905956107,
      "r2": 0.808709722414534
    },
    "average": {
      "mae_eV": 5.989497939610196,
      "r2": -37.40636788536529
    }
  },
  "candidate_minus_routed_v4": {
    "all": {
      "n": 4981,
      "homo": {
        "mae_delta_eV": -0.00529481119670152,
        "ci95_eV": [
          -0.008477450608967825,
          -0.0020033829759292607
        ],
        "p_candidate_better": 0.9993
      },
      "lumo": {
        "mae_delta_eV": -0.016861809914958954,
        "ci95_eV": [
          -0.019796919064978942,
          -0.013865389921091972
        ],
        "p_candidate_better": 1.0
      },
      "gap": {
        "mae_delta_eV": 0.012995280684260965,
        "ci95_eV": [
          0.009410861990992803,
          0.0167370766254253
        ],
        "p_candidate_better": 0.0
      },
      "average": {
        "mae_delta_eV": -0.0030537801424665007,
        "ci95_eV": [
          -0.004779586088922761,
          -0.0013277987927139056
        ],
        "p_candidate_better": 1.0
      }
    }
  }
}