{
  "homo": {
    "mae": 0.1719755362294626,
    "rmse": 0.2508956899443859,
    "r2": 0.791820228952324
  },
  "lumo": {
    "mae": 0.1722240873772595,
    "rmse": 0.26478100242282926,
    "r2": 0.919952049117652
  },
  "gap": {
    "mae": 0.20148791137169317,
    "rmse": 0.30110177404597804,
    "r2": 0.9048526946693713
  },
  "average": {
    "mae": 0.1818958449928051,
    "rmse": 0.2722594888043977,
    "r2": 0.8722083242464492
  }
}