{
  "homo": {
    "mae": 0.18695811904394818,
    "rmse": 0.26164655645904267,
    "r2": 0.7735970028932434
  },
  "lumo": {
    "mae": 0.18968595560256823,
    "rmse": 0.28557029695740527,
    "r2": 0.906888646160475
  },
  "gap": {
    "mae": 0.2231845945842473,
    "rmse": 0.32710491294652183,
    "r2": 0.8877092458460737
  },
  "average": {
    "mae": 0.1999428897435879,
    "rmse": 0.29144058878765655,
    "r2": 0.8560649649665973
  }
}