{
  "homo": {
    "mae": 0.14192914961690603,
    "rmse": 0.1949062616003921,
    "r2": 0.874367006441499
  },
  "lumo": {
    "mae": 0.1522334830982816,
    "rmse": 0.21620020338610793,
    "r2": 0.9466310361192168
  },
  "gap": {
    "mae": 0.20033410582070915,
    "rmse": 0.2819703242488844,
    "r2": 0.9165595433984857
  },
  "average": {
    "mae": 0.16483224617863226,
    "rmse": 0.2310255964117948,
    "r2": 0.9125191953197338
  }
}