{
  "homo": {
    "mae": 0.17027556896209717,
    "rmse": 0.23719593585948803,
    "r2": 0.835128664970398
  },
  "lumo": {
    "mae": 0.20821765065193176,
    "rmse": 0.2933366754031709,
    "r2": 0.8967105746269226
  },
  "gap": {
    "mae": 0.27240949869155884,
    "rmse": 0.393450398979804,
    "r2": 0.8306388854980469
  },
  "average": {
    "mae": 0.21696757276852927,
    "rmse": 0.3079943367474876,
    "r2": 0.8541593750317892
  }
}