{
  "homo": {
    "mae": 0.16775443211078636,
    "rmse": 0.25497388906274776,
    "r2": 0.8094880941029539
  },
  "lumo": {
    "mae": 0.158415951611787,
    "rmse": 0.26104368351933277,
    "r2": 0.9182007023831424
  },
  "gap": {
    "mae": 0.19407141580780354,
    "rmse": 0.3237083645929324,
    "r2": 0.8853585667658616
  },
  "average": {
    "mae": 0.1734139331767923,
    "rmse": 0.27990864572500435,
    "r2": 0.8710157877506526
  }
}