{
  "homo": {
    "mae": 0.17628318071365356,
    "rmse": 0.23192259913033797,
    "r2": 0.822115421295166
  },
  "lumo": {
    "mae": 0.21081408858299255,
    "rmse": 0.2780233572488856,
    "r2": 0.911745011806488
  },
  "gap": {
    "mae": 0.2646774649620056,
    "rmse": 0.35488945005315836,
    "r2": 0.8678229451179504
  },
  "average": {
    "mae": 0.2172582447528839,
    "rmse": 0.288278468810794,
    "r2": 0.8672277927398682
  }
}