split_type,feature_set,model,split,n_features,homo_mae,homo_rmse,homo_r2,lumo_mae,lumo_rmse,lumo_r2,gap_mae,gap_rmse,gap_r2,average_mae,average_rmse,average_r2,train_time_sec,predict_time_sec
random,morgan_plus_rdkit,lightgbm,test,2244,0.15164141851302146,0.21677632925712875,0.8622935060136585,0.16598162309135664,0.23964635930308287,0.931061017741654,0.20896909125315202,0.3136247318929258,0.892389569282069,0.17553071095251005,0.2566824734843791,0.8952480310124605,13.148477792739868,0.05239605903625488
scaffold,morgan_plus_rdkit,lightgbm,test,2244,0.17659090935559815,0.22515672073244183,0.8652649451269302,0.1963442957608676,0.2573674061154832,0.9313813964226724,0.24105696692972442,0.3132876689718678,0.79599172114067,0.20466405734873006,0.2652705986065976,0.8642126875634242,13.204094409942627,0.05674028396606445
