{
  "n_molecules": 498,
  "k_max": 8,
  "metrics_by_k": {
    "k=1": {
      "homo": {
        "mae": 0.18027014493684546,
        "rmse": 0.24479615522638085,
        "r2": 0.7240192104677068
      },
      "lumo": {
        "mae": 0.23798019409561363,
        "rmse": 0.35410644506221683,
        "r2": 0.8436060080423651
      },
      "gap": {
        "mae": 0.28509671930877023,
        "rmse": 0.4321632939280735,
        "r2": 0.8041746324645624
      },
      "average": {
        "mae": 0.23444901944707644,
        "rmse": 0.3436886314055571,
        "r2": 0.7905999503248781
      }
    },
    "k=3": {
      "homo": {
        "mae": 0.1717628107437185,
        "rmse": 0.23530057417032113,
        "r2": 0.7450144077818761
      },
      "lumo": {
        "mae": 0.22695573831556698,
        "rmse": 0.33697626365930755,
        "r2": 0.8583713799787018
      },
      "gap": {
        "mae": 0.2748559416828438,
        "rmse": 0.4149029329364353,
        "r2": 0.8195045718353651
      },
      "average": {
        "mae": 0.22452483024737643,
        "rmse": 0.329059923588688,
        "r2": 0.8076301198653143
      }
    },
    "k=5": {
      "homo": {
        "mae": 0.17192451415459664,
        "rmse": 0.23466869116363442,
        "r2": 0.7463820603993472
      },
      "lumo": {
        "mae": 0.22490465801174145,
        "rmse": 0.33628089608015693,
        "r2": 0.8589552925443252
      },
      "gap": {
        "mae": 0.27395383412089025,
        "rmse": 0.4138086783833085,
        "r2": 0.8204553845541438
      },
      "average": {
        "mae": 0.2235943354290761,
        "rmse": 0.32825275520903324,
        "r2": 0.8085975791659387
      }
    },
    "k=8": {
      "homo": {
        "mae": 0.17089879198168909,
        "rmse": 0.23268666912703584,
        "r2": 0.7506481048339662
      },
      "lumo": {
        "mae": 0.22286392083172687,
        "rmse": 0.3271327738301374,
        "r2": 0.8665248201661859
      },
      "gap": {
        "mae": 0.270217754420012,
        "rmse": 0.40311317548121456,
        "r2": 0.8296166384712822
      },
      "average": {
        "mae": 0.22132682241114265,
        "rmse": 0.32097753947946256,
        "r2": 0.8155965211571448
      }
    }
  },
  "conf_std_mean": {
    "homo": 0.07506225258111954,
    "lumo": 0.08539380878210068,
    "gap": 0.10404916107654572
  }
}