{
  "best_params": {
    "n_estimators": 800,
    "learning_rate": 0.06929940234991033,
    "num_leaves": 74,
    "max_depth": 10,
    "min_child_samples": 19,
    "subsample": 0.924026595593685,
    "colsample_bytree": 0.6427492538270165,
    "reg_alpha": 0.0002989494053439797,
    "reg_lambda": 3.166250022250987
  },
  "best_valid_mae": 0.15418045446025863,
  "random_test": {
    "homo": {
      "mae": 0.1297765219056008,
      "rmse": 0.18028364673295916,
      "r2": 0.8954566930927784
    },
    "lumo": {
      "mae": 0.1415813167896679,
      "rmse": 0.20482271559970175,
      "r2": 0.9481163413443092
    },
    "gap": {
      "mae": 0.17796615213691047,
      "rmse": 0.2637568372820237,
      "r2": 0.9179778831321765
    },
    "average": {
      "mae": 0.1497746636107264,
      "rmse": 0.2162877332048949,
      "r2": 0.920516972523088
    }
  },
  "scaffold_test": {
    "homo": {
      "mae": 0.15403886675138745,
      "rmse": 0.21906716463431933,
      "r2": 0.841618627354305
    },
    "lumo": {
      "mae": 0.17375606953545836,
      "rmse": 0.23458689354285572,
      "r2": 0.9228815313248268
    },
    "gap": {
      "mae": 0.22762846104610102,
      "rmse": 0.317342532252271,
      "r2": 0.8752564679275794
    },
    "average": {
      "mae": 0.1851411324443156,
      "rmse": 0.256998863476482,
      "r2": 0.8799188755355704
    }
  }
}