{
  "n_valid": 1977,
  "scopes": {
    "all": {
      "n": 1977,
      "routed_v4_500k": {
        "homo": {
          "mae_eV": 0.09302154330967122,
          "r2": 0.9214894986569758
        },
        "lumo": {
          "mae_eV": 0.0953593451627036,
          "r2": 0.9690569224330617
        },
        "gap": {
          "mae_eV": 0.12258057011659332,
          "r2": 0.9590292439735103
        },
        "average": {
          "mae_eV": 0.10365381952965605,
          "r2": 0.9498585550211827
        }
      },
      "retention_2m_replay_gps7": {
        "homo": {
          "mae_eV": 0.09407402760197774,
          "r2": 0.9196645341939664
        },
        "lumo": {
          "mae_eV": 0.09233680868242387,
          "r2": 0.9725503795836835
        },
        "gap": {
          "mae_eV": 0.11729991767145927,
          "r2": 0.9635996121679032
        },
        "average": {
          "mae_eV": 0.10123691798528697,
          "r2": 0.9519381753151844
        }
      },
      "candidate_minus_routed_v4_500k": {
        "homo": {
          "mae_delta_eV": 0.0010524842923065128,
          "normal_ci95_eV": [
            -0.0016281719191233205,
            0.0037331405037363463
          ],
          "candidate_win_rate": 0.48710166919575115
        },
        "lumo": {
          "mae_delta_eV": -0.003022536480279715,
          "normal_ci95_eV": [
            -0.0058643635678371775,
            -0.00018070939272225254
          ],
          "candidate_win_rate": 0.5255437531613556
        },
        "gap": {
          "mae_delta_eV": -0.005280652445134056,
          "normal_ci95_eV": [
            -0.009215758336034573,
            -0.001345546554233538
          ],
          "candidate_win_rate": 0.5063227111785533
        },
        "average": {
          "mae_delta_eV": -0.0024169015443690858,
          "normal_ci95_eV": [
            -0.004864327638639038,
            3.0524549900866685e-05
          ],
          "candidate_win_rate": 0.5083459787556904
        }
      }
    },
    "ood1000": {
      "n": 999,
      "routed_v4_500k": {
        "homo": {
          "mae_eV": 0.10327928250488991,
          "r2": 0.911385538291508
        },
        "lumo": {
          "mae_eV": 0.10241736727041041,
          "r2": 0.9745330547455251
        },
        "gap": {
          "mae_eV": 0.13265152289234733,
          "r2": 0.9650824653303471
        },
        "average": {
          "mae_eV": 0.11278272422254923,
          "r2": 0.9503336861224602
        }
      },
      "retention_2m_replay_gps7": {
        "homo": {
          "mae_eV": 0.10499048197277776,
          "r2": 0.90708463785801
        },
        "lumo": {
          "mae_eV": 0.0985472481737385,
          "r2": 0.9764609259552414
        },
        "gap": {
          "mae_eV": 0.1286794670262212,
          "r2": 0.9668216115438807
        },
        "average": {
          "mae_eV": 0.11073906572424583,
          "r2": 0.9501223917857108
        }
      },
      "candidate_minus_routed_v4_500k": {
        "homo": {
          "mae_delta_eV": 0.0017111994678878633,
          "normal_ci95_eV": [
            -0.002250347408843681,
            0.005672746344619407
          ],
          "candidate_win_rate": 0.4954954954954955
        },
        "lumo": {
          "mae_delta_eV": -0.0038701190966719213,
          "normal_ci95_eV": [
            -0.007560304342223279,
            -0.00017993385112056396
          ],
          "candidate_win_rate": 0.5165165165165165
        },
        "gap": {
          "mae_delta_eV": -0.003972055866126136,
          "normal_ci95_eV": [
            -0.008989649661745695,
            0.001045537929493425
          ],
          "candidate_win_rate": 0.4964964964964965
        },
        "average": {
          "mae_delta_eV": -0.002043658498303398,
          "normal_ci95_eV": [
            -0.005241745788578498,
            0.001154428791971703
          ],
          "candidate_win_rate": 0.5025025025025025
        }
      }
    },
    "p8_targeted_hard": {
      "n": 978,
      "routed_v4_500k": {
        "homo": {
          "mae_eV": 0.08254354591087422,
          "r2": 0.9220835038195533
        },
        "lumo": {
          "mae_eV": 0.08814977043305217,
          "r2": 0.949400170425258
        },
        "gap": {
          "mae_eV": 0.11229336988859918,
          "r2": 0.9233344813106865
        },
        "average": {
          "mae_eV": 0.09432889541084184,
          "r2": 0.9316060518518325
        }
      },
      "retention_2m_replay_gps7": {
        "homo": {
          "mae_eV": 0.08292317083671268,
          "r2": 0.9227038576582233
        },
        "lumo": {
          "mae_eV": 0.08599301619589698,
          "r2": 0.9569081358098498
        },
        "gap": {
          "mae_eV": 0.10567602216490796,
          "r2": 0.9364196351885385
        },
        "average": {
          "mae_eV": 0.09153073639917254,
          "r2": 0.9386772095522039
        }
      },
      "candidate_minus_routed_v4_500k": {
        "homo": {
          "mae_delta_eV": 0.00037962492583844623,
          "normal_ci95_eV": [
            -0.003225986371032169,
            0.003985236222709062
          ],
          "candidate_win_rate": 0.4785276073619632
        },
        "lumo": {
          "mae_delta_eV": -0.0021567542371551613,
          "normal_ci95_eV": [
            -0.006493074798303453,
            0.00217956632399313
          ],
          "candidate_win_rate": 0.5347648261758691
        },
        "gap": {
          "mae_delta_eV": -0.006617347723691226,
          "normal_ci95_eV": [
            -0.012702295793862915,
            -0.0005323996535195356
          ],
          "candidate_win_rate": 0.516359918200409
        },
        "average": {
          "mae_delta_eV": -0.002798159011669313,
          "normal_ci95_eV": [
            -0.006515200979333994,
            0.0009188829559953681
          ],
          "candidate_win_rate": 0.5143149284253579
        }
      }
    }
  }
}