{
  "n_valid": 4981,
  "routed_v4_500k_gap_mae_eV": 0.2916908393741398,
  "retention_2m_replay_gps7_gap_mae_eV": 0.3087139012476451,
  "candidate_minus_routed_v4_500k_gap": {
    "mae_delta_eV": 0.01702306187350531,
    "normal_ci95_eV": [
      0.012153845112997788,
      0.02189227863401283
    ],
    "candidate_win_rate": 0.472395101385264
  }
}