{
  "n_valid": 5000,
  "metrics": {
    "anchor": {
      "gap": {
        "mae_eV": 0.31300642333929296,
        "r2": 0.7980759567925035
      }
    },
    "repair": {
      "gap": {
        "mae_eV": 0.3172687220965958,
        "r2": 0.7941956550740855
      }
    },
    "coverage2m": {
      "gap": {
        "mae_eV": 0.3089032403093088,
        "r2": 0.7951204420767597
      }
    },
    "incumbent": {
      "gap": {
        "mae_eV": 0.3124634563647927,
        "r2": 0.7990147815628759
      }
    },
    "anchor_coverage": {
      "gap": {
        "mae_eV": 0.30747912993230914,
        "r2": 0.7998058283558843
      }
    },
    "tri_expert": {
      "gap": {
        "mae_eV": 0.3090338780093989,
        "r2": 0.7996736635692749
      }
    },
    "targetwise_oracle": {
      "gap": {
        "mae_eV": 0.25800540875131317,
        "r2": 0.8288963032602304
      }
    }
  },
  "delta_vs_baseline": {
    "anchor": {
      "gap": {
        "delta": 0.0005429669745002218,
        "ci95": [
          -0.0012246209630298681,
          0.002336756368198226
        ],
        "probability_better": 0.2731,
        "n_bootstrap": 10000,
        "seed": 42
      }
    },
    "repair": {
      "gap": {
        "delta": 0.004805265731803016,
        "ci95": [
          0.0031528216236396543,
          0.0064995523664834656
        ],
        "probability_better": 0.0,
        "n_bootstrap": 10000,
        "seed": 42
      }
    },
    "coverage2m": {
      "gap": {
        "delta": -0.0035602160554839037,
        "ci95": [
          -0.0064504845900591485,
          -0.0006801299128442493
        ],
        "probability_better": 0.9913,
        "n_bootstrap": 10000,
        "seed": 42
      }
    },
    "anchor_coverage": {
      "gap": {
        "delta": -0.00498432643248359,
        "ci95": [
          -0.006686062954401805,
          -0.0033231486091635804
        ],
        "probability_better": 1.0,
        "n_bootstrap": 10000,
        "seed": 42
      }
    },
    "tri_expert": {
      "gap": {
        "delta": -0.003429578355393852,
        "ci95": [
          -0.004446928020854034,
          -0.0024295230229813636
        ],
        "probability_better": 1.0,
        "n_bootstrap": 10000,
        "seed": 42
      }
    }
  },
  "oracle_usage": {
    "gap": {
      "anchor": 1519,
      "repair": 1383,
      "coverage2m": 1760,
      "incumbent": 121,
      "anchor_coverage": 137,
      "tri_expert": 80
    }
  }
}