{
  "n_valid": 10000,
  "metrics": {
    "anchor": {
      "homo": {
        "mae_eV": 0.17123393583345783,
        "r2": 0.8488892093257242
      },
      "lumo": {
        "mae_eV": 0.17600434549094487,
        "r2": 0.9318562775944635
      },
      "gap": {
        "mae_eV": 0.2541413378860185,
        "r2": 0.9109226083750326
      },
      "average": {
        "mae_eV": 0.20045987307014038,
        "r2": 0.8972226984317402
      }
    },
    "repair": {
      "homo": {
        "mae_eV": 0.1659702877163072,
        "r2": 0.8576460437825932
      },
      "lumo": {
        "mae_eV": 0.171690981414539,
        "r2": 0.9346342707180052
      },
      "gap": {
        "mae_eV": 0.2484692369068936,
        "r2": 0.9145122957712961
      },
      "average": {
        "mae_eV": 0.1953768353459133,
        "r2": 0.9022642034239649
      }
    },
    "coverage2m": {
      "homo": {
        "mae_eV": 0.15762735585165702,
        "r2": 0.8692768477985524
      },
      "lumo": {
        "mae_eV": 0.16193786070152777,
        "r2": 0.9396203085668314
      },
      "gap": {
        "mae_eV": 0.2318021719700715,
        "r2": 0.9224106296209695
      },
      "average": {
        "mae_eV": 0.18378912950775214,
        "r2": 0.9104359286621179
      }
    },
    "incumbent": {
      "homo": {
        "mae_eV": 0.16589402282294097,
        "r2": 0.8572456387276524
      },
      "lumo": {
        "mae_eV": 0.17134235683838772,
        "r2": 0.9348129180256776
      },
      "gap": {
        "mae_eV": 0.24733561377041027,
        "r2": 0.9148073167550123
      },
      "average": {
        "mae_eV": 0.19485733114391296,
        "r2": 0.9022886245027807
      }
    },
    "anchor_coverage": {
      "homo": {
        "mae_eV": 0.16096059766936208,
        "r2": 0.8647546182747952
      },
      "lumo": {
        "mae_eV": 0.1653730901272354,
        "r2": 0.9381867608823811
      },
      "gap": {
        "mae_eV": 0.23729410920248664,
        "r2": 0.9200980883338122
      },
      "average": {
        "mae_eV": 0.18787593233302802,
        "r2": 0.9076798224969962
      }
    },
    "tri_expert": {
      "homo": {
        "mae_eV": 0.16092910932518167,
        "r2": 0.8646819251124702
      },
      "lumo": {
        "mae_eV": 0.16590498305580675,
        "r2": 0.9380211946018814
      },
      "gap": {
        "mae_eV": 0.23847027802795165,
        "r2": 0.9195649210810699
      },
      "average": {
        "mae_eV": 0.18843479013631337,
        "r2": 0.9074226802651405
      }
    },
    "targetwise_oracle": {
      "homo": {
        "mae_eV": 0.12434633644472622,
        "r2": 0.8989738947007864
      },
      "lumo": {
        "mae_eV": 0.12765201104310384,
        "r2": 0.9534691137971331
      },
      "gap": {
        "mae_eV": 0.1830269767654006,
        "r2": 0.93954155170043
      },
      "average": {
        "mae_eV": 0.14500844141774355,
        "r2": 0.9306615200661165
      }
    }
  },
  "delta_vs_baseline": {
    "anchor": {
      "homo": {
        "delta": 0.005339913010516848,
        "ci95": [
          0.004613871091703471,
          0.0060829202006949
        ],
        "probability_better": 0.0,
        "n_bootstrap": 10000,
        "seed": 42
      },
      "lumo": {
        "delta": 0.004661988652557156,
        "ci95": [
          0.003920192385063398,
          0.005414186284145989
        ],
        "probability_better": 0.0,
        "n_bootstrap": 10000,
        "seed": 43
      },
      "gap": {
        "delta": 0.0068057241156082564,
        "ci95": [
          0.005712047993574387,
          0.007881117203685556
        ],
        "probability_better": 0.0,
        "n_bootstrap": 10000,
        "seed": 44
      },
      "average": {
        "delta": 0.00560254192622742,
        "ci95": [
          0.004954595798310611,
          0.0062693359927474615
        ],
        "probability_better": 0.0,
        "n_bootstrap": 10000,
        "seed": 45
      }
    },
    "repair": {
      "homo": {
        "delta": 7.62648933662236e-05,
        "ci95": [
          -0.0006593315916345396,
          0.0008018340322037365
        ],
        "probability_better": 0.417,
        "n_bootstrap": 10000,
        "seed": 42
      },
      "lumo": {
        "delta": 0.0003486245761513037,
        "ci95": [
          -0.0004064539537278681,
          0.0010837455422290376
        ],
        "probability_better": 0.1678,
        "n_bootstrap": 10000,
        "seed": 43
      },
      "gap": {
        "delta": 0.0011336231364833798,
        "ci95": [
          3.47365902761022e-05,
          0.002233096393432816
        ],
        "probability_better": 0.0216,
        "n_bootstrap": 10000,
        "seed": 44
      },
      "average": {
        "delta": 0.0005195042020003025,
        "ci95": [
          -0.00012954333091010138,
          0.001172628664176232
        ],
        "probability_better": 0.063,
        "n_bootstrap": 10000,
        "seed": 45
      }
    },
    "coverage2m": {
      "homo": {
        "delta": -0.008266666971283969,
        "ci95": [
          -0.009637677905240944,
          -0.006902316351358422
        ],
        "probability_better": 1.0,
        "n_bootstrap": 10000,
        "seed": 42
      },
      "lumo": {
        "delta": -0.00940449613685993,
        "ci95": [
          -0.010883659330789159,
          -0.007943903423735155
        ],
        "probability_better": 1.0,
        "n_bootstrap": 10000,
        "seed": 43
      },
      "gap": {
        "delta": -0.015533441800338712,
        "ci95": [
          -0.01777309814590704,
          -0.013326110161605802
        ],
        "probability_better": 1.0,
        "n_bootstrap": 10000,
        "seed": 44
      },
      "average": {
        "delta": -0.01106820163616087,
        "ci95": [
          -0.012416794678274492,
          -0.009734109579584982
        ],
        "probability_better": 1.0,
        "n_bootstrap": 10000,
        "seed": 45
      }
    },
    "anchor_coverage": {
      "homo": {
        "delta": -0.004933425153578884,
        "ci95": [
          -0.005694879666227569,
          -0.0041936224294658
        ],
        "probability_better": 1.0,
        "n_bootstrap": 10000,
        "seed": 42
      },
      "lumo": {
        "delta": -0.005969266711152348,
        "ci95": [
          -0.00678177996466633,
          -0.0051631976006435345
        ],
        "probability_better": 1.0,
        "n_bootstrap": 10000,
        "seed": 43
      },
      "gap": {
        "delta": -0.010041504567923616,
        "ci95": [
          -0.011289775404940694,
          -0.008840694212081135
        ],
        "probability_better": 1.0,
        "n_bootstrap": 10000,
        "seed": 44
      },
      "average": {
        "delta": -0.006981398810884948,
        "ci95": [
          -0.007716609705363129,
          -0.006255892344735962
        ],
        "probability_better": 1.0,
        "n_bootstrap": 10000,
        "seed": 45
      }
    },
    "tri_expert": {
      "homo": {
        "delta": -0.004964913497759284,
        "ci95": [
          -0.0054551391415391184,
          -0.004481831534664373
        ],
        "probability_better": 1.0,
        "n_bootstrap": 10000,
        "seed": 42
      },
      "lumo": {
        "delta": -0.005437373782580985,
        "ci95": [
          -0.005964550419982379,
          -0.004918699374853869
        ],
        "probability_better": 1.0,
        "n_bootstrap": 10000,
        "seed": 43
      },
      "gap": {
        "delta": -0.008865335742458609,
        "ci95": [
          -0.009671440822065159,
          -0.008069193006978718
        ],
        "probability_better": 1.0,
        "n_bootstrap": 10000,
        "seed": 44
      },
      "average": {
        "delta": -0.006422541007599625,
        "ci95": [
          -0.006906342139299359,
          -0.005946152349518198
        ],
        "probability_better": 1.0,
        "n_bootstrap": 10000,
        "seed": 45
      }
    }
  },