{
  "run_mode": "full",
  "n_valid": 4981,
  "route_n": 385,
  "baseline_routed_v4": {
    "gap": {
      "mae_eV": 0.2916908419426826,
      "r2": 0.8284306115087756
    },
    "average": {
      "mae_eV": 0.2916908419426826,
      "r2": 0.8284306115087756
    }
  },
  "candidate_1m": {
    "gap": {
      "mae_eV": 0.3046874843731943,
      "r2": 0.80870949586816
    },
    "average": {
      "mae_eV": 0.3046874843731943,
      "r2": 0.80870949586816
    }
  },
  "components_gap": {
    "base_gps7": {
      "gap": {
        "mae_eV": 0.310980906567179,
        "r2": 0.8002912286944001
      },
      "average": {
        "mae_eV": 0.310980906567179,
        "r2": 0.8002912286944001
      }
    },
    "candidate_gps7": {
      "gap": {
        "mae_eV": 0.30877052447442543,
        "r2": 0.7997611402561245
      },
      "average": {
        "mae_eV": 0.30877052447442543,
        "r2": 0.7997611402561245
      }
    },
    "base_gps9": {
      "gap": {
        "mae_eV": 0.3120180053623903,
        "r2": 0.7971929537617273
      },
      "average": {
        "mae_eV": 0.3120180053623903,
        "r2": 0.7971929537617273
      }
    },
    "candidate_gps9": {
      "gap": {
        "mae_eV": 0.3121551079122474,
        "r2": 0.7954794312714804
      },
      "average": {
        "mae_eV": 0.3121551079122474,
        "r2": 0.7954794312714804
      }
    },
    "base_schnet": {
      "gap": {
        "mae_eV": 0.29455425719449835,
        "r2": 0.83049772186003
      },
      "average": {
        "mae_eV": 0.29455425719449835,
        "r2": 0.83049772186003
      }
    },
    "candidate_schnet": {
      "gap": {
        "mae_eV": 0.2976605917797817,
        "r2": 0.8290685448933834
      },
      "average": {
        "mae_eV": 0.2976605917797817,
        "r2": 0.8290685448933834
      }
    },
    "base_fusion_single": {
      "gap": {
        "mae_eV": 0.2914303025407321,
        "r2": 0.8285790909062813
      },
      "average": {
        "mae_eV": 0.2914303025407321,
        "r2": 0.8285790909062813
      }
    },
    "base_fusion_dualgps": {
      "gap": {
        "mae_eV": 0.29597314910399924,
        "r2": 0.8246033036439195
      },
      "average": {
        "mae_eV": 0.29597314910399924,
        "r2": 0.8246033036439195
      }
    },
    "candidate_fusion_dualgps": {
      "gap": {
        "mae_eV": 0.3046874843731943,
        "r2": 0.80870949586816
      },
      "average": {
        "mae_eV": 0.3046874843731943,
        "r2": 0.80870949586816
      }
    }
  },
  "continuation_minus_base_gap": {
    "gps7": {
      "gap": {
        "mae_delta_eV": -0.0022103820927535972,
        "ci95_eV": [
          -0.005089445735782305,
          0.0007360276649204453
        ],
        "p_candidate_better": 0.927
      },
      "average": {
        "mae_delta_eV": -0.0022103820927535972,
        "ci95_eV": [
          -0.005114622641906667,
          0.0007538781728917619
        ],
        "p_candidate_better": 0.9323
      }
    },
    "gps9": {
      "gap": {
        "mae_delta_eV": 0.00013710254985704426,
        "ci95_eV": [
          -0.0029488994649981143,
          0.003202246683081637
        ],
        "p_candidate_better": 0.4673
      },
      "average": {
        "mae_delta_eV": 0.00013710254985704426,
        "ci95_eV": [
          -0.0028871743092328543,
          0.0032297607166739376
        ],
        "p_candidate_better": 0.4694
      }
    },
    "schnet": {
      "gap": {
        "mae_delta_eV": 0.0031063345852832985,
        "ci95_eV": [
          -0.0024824385504273244,
          0.008648368504764681
        ],
        "p_candidate_better": 0.1339
      },
      "average": {
        "mae_delta_eV": 0.0031063345852832985,
        "ci95_eV": [
          -0.0024895849143947847,
          0.008528070278254725
        ],
        "p_candidate_better": 0.1403
      }
    }
  },
  "candidate_minus_routed_v4": {
    "all": {
      "n": 4981,
      "gap": {
        "mae_delta_eV": 0.012996642430511726,
        "ci95_eV": [
          0.00936202018894186,
          0.016650629423626218
        ],
        "p_candidate_better": 0.0
      },
      "average": {
        "mae_delta_eV": 0.012996642430511726,
        "ci95_eV": [
          0.00927096333345508,
          0.016717766992038592
        ],
        "p_candidate_better": 0.0
      }
    }
  }
}