{
  "complete": true,
  "config": {
    "graphs": "results/phase8/multi2d_2m_scnet/pyg_2d_graphs_multi2d_coverage_2m.pt",
    "n_graphs": 2000000,
    "student_init_sha256": "0cf31ec47bc746c911f33d041956613056e4a09e5992bb773785f3ee057ea0f6",
    "teacher_manifest_sha256": "ab0056d0da740d3b7277ce3fad1e093be5a0590afee849b8d119dab4dfbc30d3",
    "teacher_weight": 0.7,
    "seed": 42
  },
  "split": {
    "train": 1600000,
    "val": 200000,
    "test": 200000
  },
  "training": {
    "best_epoch": 0,
    "best_val_label_mae_eV": 0.10321482773780823,
    "epochs_completed": 11
  },
  "test_metrics": {
    "homo": {
      "mae_eV": 0.09662033641338348,
      "r2": 0.908975320064261
    },
    "lumo": {
      "mae_eV": 0.0932103400985524,
      "r2": 0.9693073543275905
    },
    "gap": {
      "mae_eV": 0.12503545704752206,
      "r2": 0.9467693902837624
    },
    "average": {
      "mae_eV": 0.10495537785315265,
      "r2": 0.9416840215585379
    }
  },
  "teacher_test_metrics": {
    "homo": {
      "mae_eV": 0.0978650426530838,
      "r2": 0.9078820778599473
    },
    "lumo": {
      "mae_eV": 0.09536891040579881,
      "r2": 0.9685752385152634
    },
    "gap": {
      "mae_eV": 0.12732972140043974,
      "r2": 0.9460812328993061
    },
    "average": {
      "mae_eV": 0.10685455815310745,
      "r2": 0.9408461830915056
    }
  },
  "student_teacher_mae_eV": 0.035581670701503754,
  "model": {
    "path": "models/scnet/phase8_distilled_teacher_2m_gps7.pt",
    "sha256": "29e3ff558a2d43f812d7812a51e994f48c065ec43a85f29bafb478e5ac69564d"
  },
  "test_predictions": {
    "path": "results/phase8/distilled_2m_scnet/student_gps7/test_predictions.npz",
    "sha256": "6d74147eb717be78296fb41ec84a7692472a6aabe2ed3faa4f7af037b9efa29b"
  },
  "teacher_targets": {
    "format": "molgap-distillation-target-manifest-v1",
    "complete": true,
    "rows": 2000000,
    "experts": [
      "control_a",
      "repair_v2"
    ],
    "head_sha256": {
      "control_a": "a7933e494b30ff798fa680723bd8f4f1ddd7e41d3388153a3e274e78a24e1cee",
      "repair_v2": "8062e9244c49213640ae6ad3c0400374a5cca845961285f7339d0a0e86fe80fd"
    },
    "parts": [
      {
        "part": 0,
        "start": 0,
        "end": 50000,
        "rows": 50000,
        "path": "results/phase8/distilled_2m_scnet/student_gps7/teacher_targets/part-000.pt",
        "bytes": 1001718,
        "sha256": "4182ff4ebf8e6f3c08f36fa488b15a28e2997a29aa11c58cee8dbcefa76d7a89"
      },
      {
        "part": 1,
        "start": 50000,
        "end": 100000,
        "rows": 50000,
        "path": "results/phase8/distilled_2m_scnet/student_gps7/teacher_targets/part-001.pt",
        "bytes": 1001718,
        "sha256": "07eceea021ee8cb5be8132d0c805199b92ddce5ae4179729ed53022e7dec2b05"
      },
      {
        "part": 2,
        "start": 100000,
        "end": 150000,
        "rows": 50000,
        "path": "results/phase8/distilled_2m_scnet/student_gps7/teacher_targets/part-002.pt",
        "bytes": 1001718,
        "sha256": "b0558dabb00d96f4073d3926fe04ba91979bcf0d89854641d5dd5386b03b56ed"
      },
      {
        "part": 3,
        "start": 150000,
        "end": 200000,
        "rows": 50000,
        "path": "results/phase8/distilled_2m_scnet/student_gps7/teacher_targets/part-003.pt",
        "bytes": 1001718,
        "sha256": "8cdbb1bf1aac0a029d11b692a41a28dd679f77f1e63d752c3afdf32332d2d61e"
      },
      {
        "part": 4,
        "start": 200000,
        "end": 250000,
        "rows": 50000,
        "path": "results/phase8/distilled_2m_scnet/student_gps7/teacher_targets/part-004.pt",
        "bytes": 1001718,
        "sha256": "29a0251637586e8d5396b1bf24f8e8b5bd84392a3a64cd6fb705b343d6ed4605"
      },
      {
        "part": 5,
        "start": 250000,
        "end": 300000,
        "rows": 50000,
        "path": "results/phase8/distilled_2m_scnet/student_gps7/teacher_targets/part-005.pt",
        "bytes": 1001718,
        "sha256": "3405867ce1e721b7b3416d6e2722d93affd4afe255053c0c375f194b3304475b"
      },
      {
        "part": 6,
        "start": 300000,
        "end": 350000,
        "rows": 50000,
        "path": "results/phase8/distilled_2m_scnet/student_gps7/teacher_targets/part-006.pt",
        "bytes": 1001718,
        "sha256": "ed4ea933b5d79dba89ea24b128aecd198f7410577e246a7b113b62adcd6264f8"
      },
      {
        "part": 7,
        "start": 350000,
        "end": 400000,
        "rows": 50000,
        "path": "results/phase8/distilled_2m_scnet/student_gps7/teacher_targets/part-007.pt",
        "bytes": 1001718,
        "sha256": "dea065a353680f4b433e48b998fd8c564935608d65c503e40b5e99a5b2246818"
      },
      {
        "part": 8,
        "start": 400000,
        "end": 450000,
        "rows": 50000,
        "path": "results/phase8/distilled_2m_scnet/student_gps7/teacher_targets/part-008.pt",
        "bytes": 1001718,
        "sha256": "6f061fa419a2ad0a1af0a3bad177f1d0ed9b5ce5ec949681d1eebce791daa9d0"
      },
      {
        "part": 9,
        "start": 450000,
        "end": 500000,
        "rows": 50000,
        "path": "results/phase8/distilled_2m_scnet/student_gps7/teacher_targets/part-009.pt",
        "bytes": 1001718,
        "sha256": "0edf904b7a7477dbda4fb748a4483eba3cec0611c197a706520b2d59adc774b5"
      },
      {
        "part": 10,
        "start": 500000,
        "end": 550000,
        "rows": 50000,
        "path": "results/phase8/distilled_2m_scnet/student_gps7/teacher_targets/part-010.pt",
        "bytes": 1001718,
        "sha256": "81f886f04b47ee63acf7fac6740bbc63d92b97815501f13140987ce51af9e36c"
      },
      {
        "part": 11,
        "start": 550000,
        "end": 600000,
        "rows": 50000,
        "path": "results/phase8/distilled_2m_scnet/student_gps7/teacher_targets/part-011.pt",
        "bytes": 1001718,
        "sha256": "8dbc282fb09c29fe0ed2f967b18327c19a4f402b86d7516babf96760a61ba884"
      },
      {
        "part": 12,
        "start": 600000,
        "end": 650000,
        "rows": 50000,
        "path": "results/phase8/distilled_2m_scnet/student_gps7/teacher_targets/part-012.pt",
        "bytes": 1001718,
        "sha256": "ce5aa31903a7fbb1941903c96a0633152340b1425a68ca0c83b784d5c20f07a9"
      },
      {
        "part": 13,
        "start": 650000,
        "end": 700000,
        "rows": 50000,
        "path": "results/phase8/distilled_2m_scnet/student_gps7/teacher_targets/part-013.pt",
        "bytes": 1001718,
        "sha256": "60c623d31bd61661bea7357258a63d552bc393ce360c9e5c01675c3642f9636e"
      },
      {
        "part": 14,
        "start": 700000,
        "end": 750000,
        "rows": 50000,
        "path": "results/phase8/distilled_2m_scnet/student_gps7/teacher_targets/part-014.pt",
        "bytes": 1001718,
        "sha256": "1d5f0d3cb92490040be642180eb88132b688c5c81f4a325aa956819f5d9ab0b4"
      },
      {
        "part": 15,
        "start": 750000,
        "end": 800000,
        "rows": 50000,
        "path": "results/phase8/distilled_2m_scnet/student_gps7/teacher_targets/part-015.pt",
        "bytes": 1001718,
        "sha256": "8f3ffd314aab29b08671ae7f5c132eaf464d88ac6cd8444d3618b01f833feeeb"
      },
      {
        "part": 16,
        "start": 800000,
        "end": 850000,
        "rows": 50000,
        "path": "results/phase8/distilled_2m_scnet/student_gps7/teacher_targets/part-016.pt",
        "bytes": 1001718,
        "sha256": "03c9d8199f027dcfb6e744e6e51830965aa30f0b13936657ba9396c5ed5ba3b4"
      },
      {
        "part": 17,
        "start": 850000,
        "end": 900000,
        "rows": 50000,
        "path": "results/phase8/distilled_2m_scnet/student_gps7/teacher_targets/part-017.pt",
        "bytes": 1001718,
        "sha256": "28e8ebc857457c2f3a21c3368006fffdfcac7d3e4e321fdb1cc1ad6aa5c5c902"
      },
      {
        "part": 18,
        "start": 900000,
        "end": 950000,
        "rows": 50000,
        "path": "results/phase8/distilled_2m_scnet/student_gps7/teacher_targets/part-018.pt",
        "bytes": 1001718,