{
  "model": "AttentiveFP",
  "hidden": 128,
  "num_layers": 3,
  "num_timesteps": 2,
  "n_params": 481795,
  "best_epoch": 189,
  "epochs_trained": 200,
  "metrics": {
    "homo": {
      "mae": 0.14494578540325165,
      "rmse": 0.19893243260750437,
      "r2": 0.8376607894897461
    },
    "lumo": {
      "mae": 0.14470626413822174,
      "rmse": 0.20118723505138383,
      "r2": 0.928712010383606
    },
    "gap": {
      "mae": 0.19942578673362732,
      "rmse": 0.2885958281041015,
      "r2": 0.8701567053794861
    },
    "average": {
      "mae": 0.16302594542503357,
      "rmse": 0.2295718319209966,
      "r2": 0.8788431684176127
    }
  }
}