{
  "homo": {
    "scale": 5.3588702245354005,
    "sigma_mean_raw": 0.0491992756474962
  },
  "lumo": {
    "scale": 5.067027522403807,
    "sigma_mean_raw": 0.05758670809354575
  },
  "gap": {
    "scale": 4.9702994212322045,
    "sigma_mean_raw": 0.08551125591564639
  }
}