{
  "k": 5,
  "n_fit": 2621,
  "n_test": 695,
  "homo": {
    "euclidean": {
      "spearman_dist_err": 0.23845385581627115,
      "spearman_dist_sigma": 0.4519440474649992,
      "threshold_p95": 18.710966110229492,
      "ood_fraction": 0.0460431654676259,
      "binned_mae_deciles": [
        0.1350463672091507,
        0.17161402736405124,
        0.14304077486875957,
        0.15817526635860588,
        0.13708923894268868,
        0.20074487998672946,
        0.18690174854138028,
        0.18428072058127418,
        0.24790434299832873,
        0.42681279070831746
      ]
    },
    "cosine": {
      "spearman_dist_err": -0.0014057123574716694,
      "spearman_dist_sigma": -0.1504049309494072,
      "threshold_p95": 0.4392368793487549,
      "ood_fraction": 0.051798561151079135,
      "binned_mae_deciles": [
        0.19329853316651913,
        0.19012511919747452,
        0.17964103962009284,
        0.22553896175729515,
        0.18494070689533706,
        0.18095114881367208,
        0.22705936219680492,
        0.1478528113718881,
        0.18464491125404794,
        0.2742448287079883
      ]
    }
  },
  "lumo": {
    "euclidean": {
      "spearman_dist_err": 0.1445000453974493,
      "spearman_dist_sigma": 0.42736586841030993,
      "threshold_p95": 18.710966110229492,
      "ood_fraction": 0.0460431654676259,
      "binned_mae_deciles": [
        0.16871630274872346,
        0.18397508463298917,
        0.2038544971413508,
        0.2183529493526731,
        0.14491408307870848,
        0.2042930719210091,
        0.20563118315056267,
        0.22022347020692462,
        0.266134176627258,
        0.37488668396591573
      ]
    },
    "cosine": {
      "spearman_dist_err": 0.036933077010517186,
      "spearman_dist_sigma": -0.12485835638356052,
      "threshold_p95": 0.4392368793487549,
      "ood_fraction": 0.051798561151079135,
      "binned_mae_deciles": [
        0.17870758728585504,
        0.2080785913827247,
        0.23240205289773647,
        0.19485619287067815,
        0.17764985676796596,
        0.22740525606629663,
        0.27010561235594804,
        0.21204637670655652,
        0.23461148054567343,
        0.2540767370444989
      ]
    }
  },
  "gap": {
    "euclidean": {
      "spearman_dist_err": 0.20665412219563511,
      "spearman_dist_sigma": 0.44340864782088657,
      "threshold_p95": 18.710966110229492,
      "ood_fraction": 0.0460431654676259,
      "binned_mae_deciles": [
        0.23887031525216085,
        0.24736743701195948,
        0.22883163985046856,
        0.2906864298749069,
        0.1910184280622148,
        0.31625902875328576,
        0.2728494341859108,
        0.31140716434223314,
        0.38898619558651365,
        0.586406058145942
      ]
    },
    "cosine": {
      "spearman_dist_err": -0.014845108907408503,
      "spearman_dist_sigma": -0.11426159082671256,
      "threshold_p95": 0.4392368793487549,
      "ood_fraction": 0.051798561151079135,
      "binned_mae_deciles": [
        0.26725721338193265,
        0.2914807063702564,
        0.32931056224235244,
        0.2727535805576093,
        0.2772119294423623,
        0.3086746681691032,
        0.3527604912026745,
        0.26344281004349435,
        0.32319757316381903,
        0.3830963683478932
      ]
    }
  }
}