{
  "n": 3736,
  "n_members": 10,
  "n_fit": 2621,
  "n_calib": 420,
  "n_test": 695,
  "homo": {
    "mae": 0.19880009575012084,
    "r2": 0.8482851042936231,
    "scale": 5.3588702245354005,
    "ence_pre": 4.517671494691852,
    "ence_post": 0.2206747129361327,
    "sigma_mean": 0.263652533336077,
    "coverage_1sigma": 0.7194244604316546,
    "coverage_2sigma": 0.939568345323741
  },
  "lumo": {
    "mae": 0.21884537642008114,
    "r2": 0.871302788975244,
    "scale": 5.067027522403807,
    "ence_pre": 4.84842620295941,
    "ence_post": 0.22826422529665644,
    "sigma_mean": 0.2917934348346304,
    "coverage_1sigma": 0.7266187050359713,
    "coverage_2sigma": 0.9280575539568345
  },
  "gap": {
    "mae": 0.3067796277605436,
    "r2": 0.8788424061904879,
    "scale": 4.9702994212322045,
    "ence_pre": 3.9543394428118863,
    "ence_post": 0.1414211728425341,
    "sigma_mean": 0.4250165457863762,
    "coverage_1sigma": 0.7366906474820144,
    "coverage_2sigma": 0.9424460431654677
  }
}