{
  "n_valid": 1977,
  "scopes": {
    "all": {
      "n": 1977,
      "routed_v4_500k": {
        "homo": {
          "mae_eV": 0.09302154330967122,
          "r2": 0.9214894986569758
        },
        "lumo": {
          "mae_eV": 0.0953593451627036,
          "r2": 0.9690569224330617
        },
        "gap": {
          "mae_eV": 0.12258057011659332,
          "r2": 0.9590292439735103
        },
        "average": {
          "mae_eV": 0.10365381952965605,
          "r2": 0.9498585550211827
        }
      },
      "pcqm_gap_head_b_replay_w30": {
        "homo": {
          "mae_eV": 0.09766197027942841,
          "r2": 0.9166814877118962
        },
        "lumo": {
          "mae_eV": 0.09323822091626814,
          "r2": 0.9715849204473406
        },
        "gap": {
          "mae_eV": 0.1685023455853591,
          "r2": 0.9228383926253566
        },
        "average": {
          "mae_eV": 0.11980084559368522,
          "r2": 0.9370349335948646
        }
      },
      "candidate_minus_routed_v4_500k": {
        "homo": {
          "mae_delta_eV": 0.004640426969757187,
          "normal_ci95_eV": [
            0.001843678243955908,
            0.007437175695558467
          ],
          "candidate_win_rate": 0.47091552857865454
        },
        "lumo": {
          "mae_delta_eV": -0.002121124246435455,
          "normal_ci95_eV": [
            -0.0050130923554018965,
            0.0007708438625309861
          ],
          "candidate_win_rate": 0.5214972180070815
        },
        "gap": {
          "mae_delta_eV": 0.045921775468765774,
          "normal_ci95_eV": [
            0.03838387205413863,
            0.05345967888339292
          ],
          "candidate_win_rate": 0.4076884167931209
        },
        "average": {
          "mae_delta_eV": 0.01614702606402917,
          "normal_ci95_eV": [
            0.01283005171165472,
            0.01946400041640362
          ],
          "candidate_win_rate": 0.4233687405159332
        }
      }
    },
    "ood1000": {
      "n": 999,
      "routed_v4_500k": {
        "homo": {
          "mae_eV": 0.10327928250488991,
          "r2": 0.911385538291508
        },
        "lumo": {
          "mae_eV": 0.10241736727041041,
          "r2": 0.9745330547455251
        },
        "gap": {
          "mae_eV": 0.13265152289234733,
          "r2": 0.9650824653303471
        },
        "average": {
          "mae_eV": 0.11278272422254923,
          "r2": 0.9503336861224602
        }
      },
      "pcqm_gap_head_b_replay_w30": {
        "homo": {
          "mae_eV": 0.10753804843388887,
          "r2": 0.9049790572091465
        },
        "lumo": {
          "mae_eV": 0.09919378485985024,
          "r2": 0.9763399141130912
        },
        "gap": {
          "mae_eV": 0.19620712861668166,
          "r2": 0.9188730947796954
        },
        "average": {
          "mae_eV": 0.13431298730347357,
          "r2": 0.9333973553673109
        }
      },
      "candidate_minus_routed_v4_500k": {
        "homo": {
          "mae_delta_eV": 0.00425876592899897,
          "normal_ci95_eV": [
            0.00017504606735488197,
            0.008342485790643058
          ],
          "candidate_win_rate": 0.4924924924924925
        },
        "lumo": {
          "mae_delta_eV": -0.0032235824105601688,
          "normal_ci95_eV": [
            -0.0070893900163858355,
            0.000642225195265498
          ],
          "candidate_win_rate": 0.5235235235235235
        },
        "gap": {
          "mae_delta_eV": 0.06355560572433429,
          "normal_ci95_eV": [
            0.051695012322895584,
            0.07541619912577299
          ],
          "candidate_win_rate": 0.4024024024024024
        },
        "average": {
          "mae_delta_eV": 0.021530263080924365,
          "normal_ci95_eV": [
            0.01658973874768599,
            0.02647078741416274
          ],
          "candidate_win_rate": 0.4164164164164164
        }
      }
    },
    "p8_targeted_hard": {
      "n": 978,
      "routed_v4_500k": {
        "homo": {
          "mae_eV": 0.08254354591087422,
          "r2": 0.9220835038195533
        },
        "lumo": {
          "mae_eV": 0.08814977043305217,
          "r2": 0.949400170425258
        },
        "gap": {
          "mae_eV": 0.11229336988859918,
          "r2": 0.9233344813106865
        },
        "average": {
          "mae_eV": 0.09432889541084184,
          "r2": 0.9316060518518325
        }
      },
      "pcqm_gap_head_b_replay_w30": {
        "homo": {
          "mae_eV": 0.08757382909711144,
          "r2": 0.9183748220741275
        },
        "lumo": {
          "mae_eV": 0.08715477676530851,
          "r2": 0.9540528658530414
        },
        "gap": {
          "mae_eV": 0.14020267457483637,
          "r2": 0.88791949828679
        },
        "average": {
          "mae_eV": 0.10497709347908543,
          "r2": 0.9201157287379863
        }
      },
      "candidate_minus_routed_v4_500k": {
        "homo": {
          "mae_delta_eV": 0.005030283186237209,
          "normal_ci95_eV": [
            0.0012123035540653158,
            0.008848262818409102
          ],
          "candidate_win_rate": 0.4488752556237219
        },
        "lumo": {
          "mae_delta_eV": -0.000994993667743647,
          "normal_ci95_eV": [
            -0.005306656526366377,
            0.003316669190879082
          ],
          "candidate_win_rate": 0.5194274028629857
        },
        "gap": {
          "mae_delta_eV": 0.027909304686237184,
          "normal_ci95_eV": [
            0.01879893073676544,
            0.03701967863570893
          ],
          "candidate_win_rate": 0.4130879345603272
        },
        "average": {
          "mae_delta_eV": 0.010648198068243582,
          "normal_ci95_eV": [
            0.006257470816322484,
            0.015038925320164681
          ],
          "candidate_win_rate": 0.43047034764826175
        }
      }
    }
  }
}