{
  "n_valid": 4981,
  "routed_v4_500k_gap_mae_eV": 0.2916908393741398,
  "pcqm_gap_head_b_replay_w30_gap_mae_eV": 0.3800611311313933,
  "candidate_minus_routed_v4_500k_gap": {
    "mae_delta_eV": 0.08837029175725351,
    "normal_ci95_eV": [
      0.07843115905957602,
      0.098309424454931
    ],
    "candidate_win_rate": 0.42180285083316604
  }
}