{
  "experiment": "qm9_architecture_screen",
  "candidate": "gps7",
  "geometry": "topology",
  "seed": 42,
  "split_seed": 42,
  "split_fingerprint": "5b5622d0e7be92b0",
  "split_rows": {
    "train": 100000,
    "validation": 10000,
    "test": 10000
  },
  "requested_rows": {
    "train": 100000,
    "validation": 10000,
    "test": 10000
  },
  "target_names": [
    "HOMO",
    "LUMO",
    "Gap"
  ],
  "target_units": "eV",
  "target_mean": [
    -6.534321308135986,
    0.32281485199928284,
    6.857131481170654
  ],
  "target_std": [
    0.5975539088249207,
    1.273480772972107,
    1.2833107709884644
  ],
  "model_config": {
    "kind": "topology",
    "hidden_channels": 192,
    "num_layers": 7,
    "num_heads": 4,
    "dropout": 0.05,
    "batch_size": 256
  },
  "n_params": 2919171,
  "best_epoch": 29,
  "best_validation_average_mae_eV": 0.09156310558319092,
  "metrics": {
    "train": {
      "HOMO": {
        "mae": 0.06460283696651459
      },
      "LUMO": {
        "mae": 0.07398770749568939
      },
      "Gap": {
        "mae": 0.08859711140394211
      },
      "average": {
        "mae": 0.07572922110557556
      }
    },
    "validation": {
      "HOMO": {
        "mae": 0.07949226349592209
      },
      "LUMO": {
        "mae": 0.08653151988983154
      },
      "Gap": {
        "mae": 0.10866552591323853
      },
      "average": {
        "mae": 0.09156310558319092
      }
    },
    "test": {
      "HOMO": {
        "mae": 0.07997633516788483
      },
      "LUMO": {
        "mae": 0.0853506401181221
      },
      "Gap": {
        "mae": 0.10947313159704208
      },
      "average": {
        "mae": 0.09160003066062927
      }
    }
  },
  "geometry_report": {
    "geometry": "topology",
    "failed": 0
  },
  "log": [
    {
      "epoch": 0,
      "train_normalized_l1": 0.2896011101436615,
      "validation_average_mae_eV": 0.22975024580955505,
      "elapsed_s": 15.452603399999134,
      "selected": true
    },
    {
      "epoch": 1,
      "train_normalized_l1": 0.21187412095546723,
      "validation_average_mae_eV": 0.21927449107170105,
      "elapsed_s": 15.13206429999991,
      "selected": true
    },
    {
      "epoch": 2,
      "train_normalized_l1": 0.1913158485889435,
      "validation_average_mae_eV": 0.17997322976589203,
      "elapsed_s": 15.6349711999992,
      "selected": true
    },
    {
      "epoch": 3,
      "train_normalized_l1": 0.17956708954811096,
      "validation_average_mae_eV": 0.20834997296333313,
      "elapsed_s": 15.539056500000697,
      "selected": false
    },
    {
      "epoch": 4,
      "train_normalized_l1": 0.1697463640165329,
      "validation_average_mae_eV": 0.1746222823858261,
      "elapsed_s": 15.748914099999638,
      "selected": true
    },
    {
      "epoch": 5,
      "train_normalized_l1": 0.16220421751976014,
      "validation_average_mae_eV": 0.15324753522872925,
      "elapsed_s": 15.317262099999425,
      "selected": true
    },
    {
      "epoch": 6,
      "train_normalized_l1": 0.15525559304714204,
      "validation_average_mae_eV": 0.1482534557580948,
      "elapsed_s": 16.010612799999763,
      "selected": true
    },
    {
      "epoch": 7,
      "train_normalized_l1": 0.1494494917488098,
      "validation_average_mae_eV": 0.16271740198135376,
      "elapsed_s": 15.719845999999961,
      "selected": false
    },
    {
      "epoch": 8,
      "train_normalized_l1": 0.14437853720664978,
      "validation_average_mae_eV": 0.15982668101787567,
      "elapsed_s": 15.244077099999231,
      "selected": false
    },
    {
      "epoch": 9,
      "train_normalized_l1": 0.13868563077926635,
      "validation_average_mae_eV": 0.13566230237483978,
      "elapsed_s": 15.386831800000436,
      "selected": true
    },
    {
      "epoch": 10,
      "train_normalized_l1": 0.13375587670326233,
      "validation_average_mae_eV": 0.14164017140865326,
      "elapsed_s": 14.97454529999959,
      "selected": false
    },
    {
      "epoch": 11,
      "train_normalized_l1": 0.13146459665298463,
      "validation_average_mae_eV": 0.1239209771156311,
      "elapsed_s": 15.51548290000028,
      "selected": true
    },
    {
      "epoch": 12,
      "train_normalized_l1": 0.12709105773448945,
      "validation_average_mae_eV": 0.11788440495729446,
      "elapsed_s": 14.693449399999736,
      "selected": true
    },
    {
      "epoch": 13,
      "train_normalized_l1": 0.12433603949785232,
      "validation_average_mae_eV": 0.12110330164432526,
      "elapsed_s": 15.607731000000058,
      "selected": false
    },
    {
      "epoch": 14,
      "train_normalized_l1": 0.12084766986370087,
      "validation_average_mae_eV": 0.12066738307476044,
      "elapsed_s": 14.635164499999519,
      "selected": false
    },
    {
      "epoch": 15,
      "train_normalized_l1": 0.117083618850708,
      "validation_average_mae_eV": 0.11411568522453308,
      "elapsed_s": 15.511712200000147,
      "selected": true
    },
    {
      "epoch": 16,
      "train_normalized_l1": 0.11497503612995148,
      "validation_average_mae_eV": 0.11217690259218216,
      "elapsed_s": 14.764487199999166,
      "selected": true
    },
    {
      "epoch": 17,
      "train_normalized_l1": 0.11213436419487,
      "validation_average_mae_eV": 0.10647695511579514,
      "elapsed_s": 15.293841200000315,
      "selected": true
    },
    {
      "epoch": 18,
      "train_normalized_l1": 0.10864921965837479,
      "validation_average_mae_eV": 0.11569274216890335,
      "elapsed_s": 15.050503600000411,
      "selected": false
    },
    {
      "epoch": 19,
      "train_normalized_l1": 0.1066700834107399,
      "validation_average_mae_eV": 0.10339503735303879,
      "elapsed_s": 15.174992500000371,
      "selected": true
    },
    {
      "epoch": 20,
      "train_normalized_l1": 0.1041423809170723,
      "validation_average_mae_eV": 0.10017792135477066,
      "elapsed_s": 14.963591400000041,
      "selected": true
    },
    {
      "epoch": 21,
      "train_normalized_l1": 0.10199362726211547,
      "validation_average_mae_eV": 0.09872498363256454,
      "elapsed_s": 15.203354499999477,
      "selected": true
    },
    {
      "epoch": 22,
      "train_normalized_l1": 0.10014763664960862,
      "validation_average_mae_eV": 0.09795685112476349,
      "elapsed_s": 15.127428300000247,
      "selected": true
    },
    {
      "epoch": 23,
      "train_normalized_l1": 0.09784717461585998,
      "validation_average_mae_eV": 0.09503338485956192,
      "elapsed_s": 15.24306660000002,
      "selected": true
    },
    {
      "epoch": 24,
      "train_normalized_l1": 0.0962518372964859,
      "validation_average_mae_eV": 0.09344150871038437,
      "elapsed_s": 15.114366800000425,
      "selected": true
    },
    {
      "epoch": 25,
      "train_normalized_l1": 0.09503333129644394,
      "validation_average_mae_eV": 0.09483137726783752,
      "elapsed_s": 15.391330800000105,
      "selected": false
    },
    {
      "epoch": 26,
      "train_normalized_l1": 0.09450310266256333,
      "validation_average_mae_eV": 0.09267697483301163,
      "elapsed_s": 14.98579030000019,
      "selected": true
    },
    {
      "epoch": 27,
      "train_normalized_l1": 0.09333948978185654,
      "validation_average_mae_eV": 0.09201966971158981,
      "elapsed_s": 15.51943080000001,
      "selected": true
    },
    {
      "epoch": 28,
      "train_normalized_l1": 0.09302624905824661,
      "validation_average_mae_eV": 0.09175194054841995,
      "elapsed_s": 15.9745111000002,
      "selected": true
    },
    {
      "epoch": 29,
      "train_normalized_l1": 0.09230495043277741,
      "validation_average_mae_eV": 0.09156310558319092,
      "elapsed_s": 15.13867300000038,
      "selected": true
    }
  ],
  "artifacts": {
    "embeddings": "data\\cache\\qm9\\embeddings\\n100000_10000_10000\\gps7_topology\\seed42\\payload.pt",
    "model": "models\\experiments\\qm9_architecture_screen\\n100000_10000_10000\\gps7_topology\\seed42\\model.pt",