{
  "seed": 43,
  "win_delta_eV": 0.002,
  "selection": "R0-R3 and policy thresholds selected on weighted scaffold validation only",
  "feature_ablation": {
    "R0": {
      "n_features": 1,
      "features": [
        "base_gap"
      ],
      "ood_threshold": 2.016700081281927,
      "validation_policies": {
        "full_replacement": {
          "strategy": "full_replacement",
          "alpha": 0.0,
          "keep_utility": -0.0010233984048633792,
          "keep_probability": 0.5,
          "add_utility": -0.0010233984048633792,
          "add_probability": 0.5,
          "max_route_fraction": 0.25,
          "route_n": 153,
          "route_fraction": 0.018429294145988918,
          "weighted_gap_mae": 0.14760235728534557,
          "weighted_gap_delta_vs_fixed": -4.933416754032693e-06
        },
        "suppress_only": {
          "strategy": "suppress_only",
          "alpha": 1.0,
          "keep_utility": -0.016314455727033078,
          "keep_probability": 0.45,
          "add_utility": -0.016314455727033078,
          "add_probability": 0.45,
          "max_route_fraction": 0.25,
          "route_n": 507,
          "route_fraction": 0.061069621777884844,
          "weighted_gap_mae": 0.14748725546727542,
          "weighted_gap_delta_vs_fixed": -0.00012003523482417844
        },
        "add_only": {
          "strategy": "add_only",
          "alpha": 0.0,
          "keep_utility": -0.0010233984048633792,
          "keep_probability": 0.5,
          "add_utility": -0.0010233984048633792,
          "add_probability": 0.5,
          "max_route_fraction": 0.25,
          "route_n": 1077,
          "route_fraction": 0.1297277764394122,
          "weighted_gap_mae": 0.1476072907020996,
          "weighted_gap_delta_vs_fixed": 0.0
        },
        "bidirectional": {
          "strategy": "bidirectional",
          "alpha": 1.0,
          "keep_utility": -0.016314455727033078,
          "keep_probability": 0.45,
          "add_utility": -0.016278139742084887,
          "add_probability": 0.55,
          "max_route_fraction": 0.25,
          "route_n": 507,
          "route_fraction": 0.061069621777884844,
          "weighted_gap_mae": 0.14748725546727542,
          "weighted_gap_delta_vs_fixed": -0.00012003523482417844
        }
      }
    },
    "R1": {
      "n_features": 7,
      "features": [
        "base_homo",
        "base_lumo",
        "base_gap",
        "gap_consistency_signed",
        "gap_consistency_abs",
        "fixed_route_flag",
        "fixed_route_margin"
      ],
      "ood_threshold": 3.429830086056569,
      "validation_policies": {
        "full_replacement": {
          "strategy": "full_replacement",
          "alpha": 0.0,
          "keep_utility": -0.001056816261145192,
          "keep_probability": 0.5,
          "add_utility": -0.001056816261145192,
          "add_probability": 0.5,
          "max_route_fraction": 0.25,
          "route_n": 341,
          "route_fraction": 0.04107443989400145,
          "weighted_gap_mae": 0.14747614126695135,
          "weighted_gap_delta_vs_fixed": -0.00013114943514824784
        },
        "suppress_only": {
          "strategy": "suppress_only",
          "alpha": 0.0,
          "keep_utility": -0.001072927552554369,
          "keep_probability": 0.45,
          "add_utility": -0.001072927552554369,
          "add_probability": 0.45,
          "max_route_fraction": 0.25,
          "route_n": 867,
          "route_fraction": 0.10443266682727054,
          "weighted_gap_mae": 0.14749915479503184,
          "weighted_gap_delta_vs_fixed": -0.00010813590706776344
        },
        "add_only": {
          "strategy": "add_only",
          "alpha": 0.0,
          "keep_utility": -0.001056816261145192,
          "keep_probability": 0.5,
          "add_utility": -0.001056816261145192,
          "add_probability": 0.5,
          "max_route_fraction": 0.25,
          "route_n": 1169,
          "route_fraction": 0.14080944350758853,
          "weighted_gap_mae": 0.1474846903943163,
          "weighted_gap_delta_vs_fixed": -0.00012260030778329933
        },
        "bidirectional": {
          "strategy": "bidirectional",
          "alpha": 0.0,
          "keep_utility": -0.001072927552554369,
          "keep_probability": 0.45,
          "add_utility": -0.0009823061358049813,
          "add_probability": 0.55,
          "max_route_fraction": 0.25,
          "route_n": 886,
          "route_fraction": 0.10672127198265478,
          "weighted_gap_mae": 0.14739377739168882,
          "weighted_gap_delta_vs_fixed": -0.00021351331041077892
        }
      }
    },
    "R2": {
      "n_features": 29,
      "features": [
        "base_homo",
        "base_lumo",
        "base_gap",
        "gap_consistency_signed",
        "gap_consistency_abs",
        "fixed_route_flag",
        "fixed_route_margin",
        "mw",
        "heavy_atoms",
        "ring_count",
        "aromatic_rings",
        "rotatable_bonds",
        "tpsa",
        "logp",
        "fraction_csp3",
        "hbd",
        "hba",
        "formal_charge",
        "conjugated_bonds",
        "aromatic_atom_fraction",
        "n_N",
        "n_O",
        "n_S",
        "n_F",
        "n_Cl",
        "n_Br",
        "n_B",
        "n_P",
        "n_Si"
      ],
      "ood_threshold": 6.277600907178832,
      "validation_policies": {
        "full_replacement": {
          "strategy": "full_replacement",
          "alpha": 0.0,
          "keep_utility": -0.0007691513698319474,
          "keep_probability": 0.5,
          "add_utility": -0.0007691513698319474,
          "add_probability": 0.5,
          "max_route_fraction": 0.25,
          "route_n": 624,
          "route_fraction": 0.0751626114189352,
          "weighted_gap_mae": 0.1472982540108075,
          "weighted_gap_delta_vs_fixed": -0.00030903669129209166
        },
        "suppress_only": {
          "strategy": "suppress_only",
          "alpha": 0.0,
          "keep_utility": -0.001085146267591053,
          "keep_probability": 0.45,
          "add_utility": -0.001085146267591053,
          "add_probability": 0.45,
          "max_route_fraction": 0.25,
          "route_n": 776,
          "route_fraction": 0.09347145266200915,
          "weighted_gap_mae": 0.14755337389704165,
          "weighted_gap_delta_vs_fixed": -5.391680505795193e-05
        },
        "add_only": {
          "strategy": "add_only",
          "alpha": 0.0,
          "keep_utility": -0.0009220188206631306,
          "keep_probability": 0.5,
          "add_utility": -0.0009220188206631306,
          "add_probability": 0.5,
          "max_route_fraction": 0.25,
          "route_n": 1505,
          "route_fraction": 0.1812816188870152,
          "weighted_gap_mae": 0.14725117244227495,
          "weighted_gap_delta_vs_fixed": -0.0003561182598246504
        },
        "bidirectional": {
          "strategy": "bidirectional",
          "alpha": 0.0,
          "keep_utility": -0.001085146267591053,
          "keep_probability": 0.45,
          "add_utility": -0.0009220188206631306,
          "add_probability": 0.55,
          "max_route_fraction": 0.25,
          "route_n": 843,
          "route_fraction": 0.10154179715731149,
          "weighted_gap_mae": 0.14744063050708595,
          "weighted_gap_delta_vs_fixed": -0.00016666019501365703
        }
      }
    },
    "R3": {
      "n_features": 38,