{
  "run_mode": "preflight",
  "n_valid": 4,
  "route_n": 1,
  "baseline_routed_v4": {
    "homo": {
      "mae_eV": 0.0953267201669532,
      "r2": 0.9081400392446544
    },
    "lumo": {
      "mae_eV": 0.14305120138587313,
      "r2": 0.7475022471130266
    },
    "gap": {
      "mae_eV": 0.09042601870440814,
      "r2": 0.9642450722598164
    },
    "average": {
      "mae_eV": 0.10960131341907815,
      "r2": 0.8732957862058325
    }
  },
  "candidate_1m": {
    "homo": {
      "mae_eV": 0.0609559401758033,
      "r2": 0.9660521116249758
    },
    "lumo": {
      "mae_eV": 0.1076755913919385,
      "r2": 0.8436543622823935
    },
    "gap": {
      "mae_eV": 0.0822420032058937,
      "r2": 0.9684222957208856
    },
    "average": {
      "mae_eV": 0.08362451159121183,
      "r2": 0.9260429232094184
    }
  },
  "candidate_minus_routed_v4": {
    "all": {
      "n": 4,
      "homo": {
        "mae_delta_eV": -0.0343707799911499,
        "ci95_eV": [
          -0.07821440696716309,
          0.006282329559326172
        ],
        "p_candidate_better": 0.941
      },
      "lumo": {
        "mae_delta_eV": -0.03537560999393463,
        "ci95_eV": [
          -0.06620955467224121,
          -0.004541665315628052
        ],
        "p_candidate_better": 0.98
      },
      "gap": {
        "mae_delta_eV": -0.008184015498514441,
        "ci95_eV": [
          -0.07971703980958011,
          0.034828007221221924
        ],
        "p_candidate_better": 0.6697
      },
      "average": {
        "mae_delta_eV": -0.025976801827866325,
        "ci95_eV": [
          -0.05931282043457031,
          0.007359216778837663
        ],
        "p_candidate_better": 0.9365
      }
    },
    "ood1000": {
      "n": 2,
      "homo": {
        "mae_delta_eV": -0.05128049850463867,
        "ci95_eV": [
          -0.1051483154296875,
          0.0025873184204101562
        ],
        "p_candidate_better": 0.7497
      },
      "lumo": {
        "mae_delta_eV": -0.0468386709690094,
        "ci95_eV": [
          -0.07327842712402344,
          -0.02039891481399536
        ],
        "p_candidate_better": 1.0
      },
      "gap": {
        "mae_delta_eV": 0.03196549466062493,
        "ci95_eV": [
          0.0232887278161229,
          0.04064226150512695
        ],
        "p_candidate_better": 0.0
      },
      "average": {
        "mae_delta_eV": -0.022051224937674377,
        "ci95_eV": [
          -0.045928160349527986,
          0.0018257104741792318
        ],
        "p_candidate_better": 0.7491
      }
    },
    "p8_targeted_hard": {
      "n": 2,
      "homo": {
        "mae_delta_eV": -0.017461061477661133,
        "ci95_eV": [
          -0.04489946365356445,
          0.009977340698242188
        ],
        "p_candidate_better": 0.7497
      },
      "lumo": {
        "mae_delta_eV": -0.023912549018859863,
        "ci95_eV": [
          -0.059140682220458984,
          0.011315584182739258
        ],
        "p_candidate_better": 0.7499
      },
      "gap": {
        "mae_delta_eV": -0.04833352565765381,
        "ci95_eV": [
          -0.11405229568481445,
          0.017385244369506836
        ],
        "p_candidate_better": 0.7516
      },
      "average": {
        "mae_delta_eV": -0.029902378718058273,
        "ci95_eV": [
          -0.07269748051961264,
          0.012892723083496094
        ],
        "p_candidate_better": 0.7491
      }
    }
  }
}