{
  "n_estimators": 800,
  "learning_rate": 0.06929940234991033,
  "num_leaves": 74,
  "max_depth": 10,
  "min_child_samples": 19,
  "subsample": 0.924026595593685,
  "colsample_bytree": 0.6427492538270165,
  "reg_alpha": 0.0002989494053439797,
  "reg_lambda": 3.166250022250987
}