{
  "n_fetched": 100,
  "n_predicted": 100,
  "n_3d_failed": 0,
  "model": "SchNet_3D_optuna",
  "metrics": {
    "homo": {
      "mae": 0.15728445554997772,
      "rmse": 0.20030430079394412,
      "r2": 0.7859137352919523
    },
    "lumo": {
      "mae": 0.19223468731581494,
      "rmse": 0.24702903663711517,
      "r2": 0.9056101455763504
    },
    "gap": {
      "mae": 0.22105928063024172,
      "rmse": 0.29059924014452154,
      "r2": 0.8634102059381605
    },
    "average": {
      "mae": 0.19019280783201145,
      "rmse": 0.24597752585852695,
      "r2": 0.8516446956021545
    }
  },
  "mw_range": [
    166.1772,
    499.96658
  ]
}