{
  "n_fetched": 100,
  "n_predicted": 100,
  "n_3d_failed": 0,
  "model": "SchNet_3D_optuna",
  "metrics": {
    "homo": {
      "mae": 0.15772719110419417,
      "rmse": 0.20874119071140837,
      "r2": 0.7674991370081569
    },
    "lumo": {
      "mae": 0.19089736460357148,
      "rmse": 0.24715625913154068,
      "r2": 0.9055128970492499
    },
    "gap": {
      "mae": 0.21644522902402927,
      "rmse": 0.2805345933757469,
      "r2": 0.8727076960911415
    },
    "average": {
      "mae": 0.1883565949105983,
      "rmse": 0.2454773477395653,
      "r2": 0.8485732433828493
    }
  },
  "mw_range": [
    166.1772,
    499.96658
  ]
}