{
  "n_fetched": 100,
  "n_predicted": 100,
  "n_3d_failed": 0,
  "model": "SchNet_3D_optuna",
  "metrics": {
    "homo": {
      "mae": 0.28301048411890245,
      "rmse": 0.36146059502580774,
      "r2": 0.3028436705324782
    },
    "lumo": {
      "mae": 0.34007454303646495,
      "rmse": 0.48137042461461665,
      "r2": 0.6415834011905406
    },
    "gap": {
      "mae": 0.39865095171530496,
      "rmse": 0.5370021391091866,
      "r2": 0.5335755234071571
    },
    "average": {
      "mae": 0.34057865962355743,
      "rmse": 0.4599443862498703,
      "r2": 0.4926675317100586
    }
  },
  "mw_range": [
    166.1772,
    499.96658
  ]
}