split_type,strategy,alpha,gap_mae,gap_rmse,gap_r2,gap_mean_signed_error
random,blend_gap,0.6,0.19203186119537233,0.29772825168355677,0.9030218579745807,-0.007197078934669001
scaffold,blend_gap,0.3,0.21606090015002422,0.28037763963178125,0.8366015490385017,0.05848913963724189
