{
  "homo": {
    "mae": 0.2169334888458252,
    "rmse": 0.2789512042406437,
    "r2": 0.7931920289993286
  },
  "lumo": {
    "mae": 0.26479774713516235,
    "rmse": 0.33751420459172055,
    "r2": 0.8819899559020996
  },
  "gap": {
    "mae": 0.32909122109413147,
    "rmse": 0.42347206593999204,
    "r2": 0.627255916595459
  },
  "average": {
    "mae": 0.270274152358373,
    "rmse": 0.3466458249241187,
    "r2": 0.7674793004989624
  }
}