{
  "n_valid": 10000,
  "metrics": {
    "control_a": {
      "homo": {
        "mae_eV": 0.17123394053030383,
        "r2": 0.8488892023992507
      },
      "lumo": {
        "mae_eV": 0.17600434544288862,
        "r2": 0.931856278373167
      },
      "gap": {
        "mae_eV": 0.2541413414265344,
        "r2": 0.9109226075486468
      },
      "average": {
        "mae_eV": 0.20045987579990893,
        "r2": 0.8972226961070215
      }
    },
    "control_b": {
      "homo": {
        "mae_eV": 0.17094182236260083,
        "r2": 0.8493021197519959
      },
      "lumo": {
        "mae_eV": 0.17607429661489582,
        "r2": 0.932001702534278
      },
      "gap": {
        "mae_eV": 0.253960904800283,
        "r2": 0.9109663430529876
      },
      "average": {
        "mae_eV": 0.20032567459259323,
        "r2": 0.8974233884464206
      }
    },
    "repair_v2": {
      "homo": {
        "mae_eV": 0.16597029250852066,
        "r2": 0.8576460454626127
      },
      "lumo": {
        "mae_eV": 0.1716909779801939,
        "r2": 0.9346342726027754
      },
      "gap": {
        "mae_eV": 0.24846923745525631,
        "r2": 0.9145122949471371
      },
      "average": {
        "mae_eV": 0.19537683598132366,
        "r2": 0.9022642043375084
      }
    },
    "broad98k": {
      "homo": {
        "mae_eV": 0.16943831483198202,
        "r2": 0.8509285349036524
      },
      "lumo": {
        "mae_eV": 0.17459022637518173,
        "r2": 0.9328795457807482
      },
      "gap": {
        "mae_eV": 0.2515155033736336,
        "r2": 0.9119787175663846
      },
      "average": {
        "mae_eV": 0.19851468152693244,
        "r2": 0.8985955994169283
      }
    },
    "mean_control_repair": {
      "homo": {
        "mae_eV": 0.1658940302854425,
        "r2": 0.8572456322457322
      },
      "lumo": {
        "mae_eV": 0.1713423555157234,
        "r2": 0.934812919562948
      },
      "gap": {
        "mae_eV": 0.24733561428301024,
        "r2": 0.9148073153147303
      },
      "average": {
        "mae_eV": 0.19485733336139202,
        "r2": 0.9022886223744702
      }
    },
    "mean_controls_repair": {
      "homo": {
        "mae_eV": 0.1670283892281068,
        "r2": 0.8554847808156639
      },
      "lumo": {
        "mae_eV": 0.17236660616728802,
        "r2": 0.9342299035423638
      },
      "gap": {
        "mae_eV": 0.24867860805394998,
        "r2": 0.9139989266933948
      },
      "average": {
        "mae_eV": 0.19602453448311496,
        "r2": 0.9012378703504741
      }
    },
    "mean_control_broad_repair": {
      "homo": {
        "mae_eV": 0.16644049074250805,
        "r2": 0.8560986121390034
      },
      "lumo": {
        "mae_eV": 0.1718175552219369,
        "r2": 0.9345607890123586
      },
      "gap": {
        "mae_eV": 0.24778311130395192,
        "r2": 0.9143853411566301
      },
      "average": {
        "mae_eV": 0.19534705242279893,
        "r2": 0.9016815807693307
      }
    },
    "mean_all4": {
      "homo": {
        "mae_eV": 0.16732763629950886,
        "r2": 0.8547954731239705
      },
      "lumo": {
        "mae_eV": 0.17262309693095804,
        "r2": 0.9340776573976872
      },
      "gap": {
        "mae_eV": 0.24896262781364026,
        "r2": 0.9137412662947838
      },
      "average": {
        "mae_eV": 0.19630445368136906,
        "r2": 0.9008714656054805
      }
    },
    "targetwise_oracle": {
      "homo": {
        "mae_eV": 0.1381274756648767,
        "r2": 0.8832580596485988
      },
      "lumo": {
        "mae_eV": 0.14286211006234265,
        "r2": 0.9463626975866449
      },
      "gap": {
        "mae_eV": 0.2063054533555373,
        "r2": 0.9292491886892156
      },
      "average": {
        "mae_eV": 0.1624316796942522,
        "r2": 0.9196233153081531
      }
    }
  },
  "delta_vs_baseline": {
    "control_b": {
      "homo": {
        "delta": -0.0002921181677030104,
        "ci95": [
          -0.0005153594176372706,
          -7.128182991574925e-05
        ],
        "probability_better": 0.9941,
        "n_bootstrap": 10000,
        "seed": 42
      },
      "lumo": {
        "delta": 6.99511720071597e-05,
        "ci95": [
          -0.00017084641181096456,
          0.00032114103501902175
        ],
        "probability_better": 0.2754,
        "n_bootstrap": 10000,
        "seed": 43
      },
      "gap": {
        "delta": -0.00018043662625138969,
        "ci95": [
          -0.0005110898036695254,
          0.00014372188909952163
        ],
        "probability_better": 0.8578,
        "n_bootstrap": 10000,
        "seed": 44
      },
      "average": {
        "delta": -0.00013420120731574698,
        "ci95": [
          -0.0003224861854402468,
          5.688258312837851e-05
        ],
        "probability_better": 0.9151,
        "n_bootstrap": 10000,
        "seed": 45
      }
    },
    "repair_v2": {
      "homo": {
        "delta": -0.0052636480217831925,
        "ci95": [
          -0.006664727624563802,
          -0.0038886418005539703
        ],
        "probability_better": 1.0,
        "n_bootstrap": 10000,
        "seed": 42
      },
      "lumo": {
        "delta": -0.0043133674626947335,
        "ci95": [
          -0.005721102550950855,
          -0.0029243178814882444
        ],
        "probability_better": 1.0,
        "n_bootstrap": 10000,
        "seed": 43
      },
      "gap": {
        "delta": -0.005672103971278046,
        "ci95": [
          -0.007715819064094025,
          -0.0036173440864230386
        ],
        "probability_better": 1.0,
        "n_bootstrap": 10000,
        "seed": 44
      },
      "average": {
        "delta": -0.005083039818585324,
        "ci95": [
          -0.006346205188862273,
          -0.003836957660623395
        ],
        "probability_better": 1.0,
        "n_bootstrap": 10000,
        "seed": 45
      }
    },
    "broad98k": {
      "homo": {
        "delta": -0.0017956256983218226,
        "ci95": [
          -0.002254530551511691,
          -0.0013497317363948642
        ],
        "probability_better": 1.0,
        "n_bootstrap": 10000,
        "seed": 42
      },
      "lumo": {
        "delta": -0.0014141190677068815,
        "ci95": [
          -0.001866835438842896,
          -0.0009701854271368758
        ],
        "probability_better": 1.0,
        "n_bootstrap": 10000,
        "seed": 43
      },
      "gap": {
        "delta": -0.002625838052900798,
        "ci95": [
          -0.0033044134843686042,
          -0.0019542474153460823
        ],
        "probability_better": 1.0,
        "n_bootstrap": 10000,
        "seed": 44
      },
      "average": {
        "delta": -0.001945194272976501,
        "ci95": [
          -0.0023455632975102323,
          -0.0015515232209099086
        ],
        "probability_better": 1.0,
        "n_bootstrap": 10000,
        "seed": 45
      }
    },
    "mean_control_repair": {
      "homo": {
        "delta": -0.005339910244861331,
        "ci95": [
          -0.0060829192529810484,
          -0.004613874276975688
        ],
        "probability_better": 1.0,
        "n_bootstrap": 10000,
        "seed": 42
      },
      "lumo": {
        "delta": -0.004661989927165231,
        "ci95": [
          -0.005414187679397591,
          -0.003920192218952705
        ],
        "probability_better": 1.0,
        "n_bootstrap": 10000,
        "seed": 43
      },
      "gap": {
        "delta": -0.006805727143524212,
        "ci95": [
          -0.007881127984079632,
          -0.005712048702273613
        ],
        "probability_better": 1.0,
        "n_bootstrap": 10000,
        "seed": 44
      },
      "average": {
        "delta": -0.0056025424385169244,
        "ci95": [
          -0.006269337156616627,
          -0.004954597987904311
        ],
        "probability_better": 1.0,
        "n_bootstrap": 10000,
        "seed": 45
      }
    },
    "mean_controls_repair": {
      "homo": {
        "delta": -0.0042055513021970175,