429	2026-07-27T21:58:12.0000000000+0900	molgap-gpu-smoke/gpu_smoke.pbs
1814	2026-07-29T12:09:17.0000000000+0900	molgap-pcqm-route-b/acceptance_tuned_gps11_20260729/logs/encoder_acceptance.json
1814	2026-07-29T15:05:21.0000000000+0900	molgap-pcqm-route-b/acceptance_tuned_gps9_scnet_20260729/logs/encoder_acceptance.json
189	2026-07-29T15:01:18.0000000000+0900	molgap-pcqm-route-b/acceptance_tuned_gps9_scnet_20260729/logs/staging_manifest.txt
1717	2026-07-28T00:08:53.0000000000+0900	molgap-pcqm-route-b/code/platforms/ims/pcqm_route_b/README.md
570	2026-07-28T13:17:38.0000000000+0900	molgap-pcqm-route-b/code/platforms/ims/pcqm_route_b/accept_encoders.pbs
837	2026-07-28T13:17:38.0000000000+0900	molgap-pcqm-route-b/code/platforms/ims/pcqm_route_b/accept_encoders.py
479	2026-07-28T00:08:53.0000000000+0900	molgap-pcqm-route-b/code/platforms/ims/pcqm_route_b/accept_inputs.pbs
875	2026-07-28T00:08:53.0000000000+0900	molgap-pcqm-route-b/code/platforms/ims/pcqm_route_b/accept_inputs.py
876	2026-07-29T12:05:05.0000000000+0900	molgap-pcqm-route-b/code/platforms/ims/pcqm_route_b/accept_mixed_outputs.pbs
618	2026-07-28T13:47:07.0000000000+0900	molgap-pcqm-route-b/code/platforms/ims/pcqm_route_b/build_search_subsets.pbs
628	2026-07-28T13:46:56.0000000000+0900	molgap-pcqm-route-b/code/platforms/ims/pcqm_route_b/build_search_subsets.py
1099	2026-07-29T15:12:59.0000000000+0900	molgap-pcqm-route-b/code/platforms/ims/pcqm_route_b/export_colab_fusion_payload.pbs
775	2026-07-29T15:12:54.0000000000+0900	molgap-pcqm-route-b/code/platforms/ims/pcqm_route_b/export_colab_fusion_payload.py
630	2026-07-28T00:08:53.0000000000+0900	molgap-pcqm-route-b/code/platforms/ims/pcqm_route_b/preflight.pbs
988	2026-07-27T23:33:23.0000000000+0900	molgap-pcqm-route-b/code/platforms/ims/pcqm_route_b/preflight.py
847	2026-07-29T15:07:04.0000000000+0900	molgap-pcqm-route-b/code/platforms/ims/pcqm_route_b/preflight_fusion.pbs
605	2026-07-28T14:05:05.0000000000+0900	molgap-pcqm-route-b/code/platforms/ims/pcqm_route_b/preflight_search.pbs
933	2026-07-28T14:04:55.0000000000+0900	molgap-pcqm-route-b/code/platforms/ims/pcqm_route_b/preflight_search.py
1110	2026-07-28T14:05:11.0000000000+0900	molgap-pcqm-route-b/code/platforms/ims/pcqm_route_b/run_hparam_search.pbs
1201	2026-07-28T13:56:51.0000000000+0900	molgap-pcqm-route-b/code/platforms/ims/pcqm_route_b/run_hparam_search.py
2590	2026-07-28T00:05:25.0000000000+0900	molgap-pcqm-route-b/code/platforms/ims/pcqm_route_b/setup_env.pbs
212	2026-07-28T00:05:17.0000000000+0900	molgap-pcqm-route-b/code/platforms/ims/pcqm_route_b/shims/torch_cluster/__init__.py
1994	2026-07-29T15:00:42.0000000000+0900	molgap-pcqm-route-b/code/platforms/ims/pcqm_route_b/stage_tuned_gps9_scnet.pbs
878	2026-07-28T00:05:25.0000000000+0900	molgap-pcqm-route-b/code/platforms/ims/pcqm_route_b/train_encoder.pbs
1128	2026-07-27T23:33:23.0000000000+0900	molgap-pcqm-route-b/code/platforms/ims/pcqm_route_b/train_encoder.py
821	2026-07-29T15:07:09.0000000000+0900	molgap-pcqm-route-b/code/platforms/ims/pcqm_route_b/train_fusion.pbs
1191	2026-07-29T12:23:52.0000000000+0900	molgap-pcqm-route-b/code/platforms/ims/pcqm_route_b/train_fusion.py
756	2026-07-28T22:27:15.0000000000+0900	molgap-pcqm-route-b/code/platforms/ims/pcqm_route_b/train_tuned_encoder.pbs
2221	2026-07-28T22:27:15.0000000000+0900	molgap-pcqm-route-b/code/platforms/ims/pcqm_route_b/train_tuned_encoder.py
1326	2026-07-27T23:30:32.0000000000+0900	molgap-pcqm-route-b/code/src/molgap/__init__.py
515	2026-07-27T23:30:29.0000000000+0900	molgap-pcqm-route-b/code/src/molgap/archive/README.md
62	2026-07-27T23:30:29.0000000000+0900	molgap-pcqm-route-b/code/src/molgap/archive/__init__.py
74	2026-07-27T23:30:28.0000000000+0900	molgap-pcqm-route-b/code/src/molgap/archive/phase8_r01_router/__init__.py
3973	2026-07-27T23:30:28.0000000000+0900	molgap-pcqm-route-b/code/src/molgap/archive/phase8_r01_router/late_blend.py
10610	2026-07-27T23:30:28.0000000000+0900	molgap-pcqm-route-b/code/src/molgap/archive/phase8_r01_router/router_training.py
247	2026-07-27T23:30:28.0000000000+0900	molgap-pcqm-route-b/code/src/molgap/archive/phase8_r03_three_expert/__init__.py
4665	2026-07-27T23:30:28.0000000000+0900	molgap-pcqm-route-b/code/src/molgap/archive/phase8_r03_three_expert/hetero_moe.py
2126	2026-07-27T23:30:28.0000000000+0900	molgap-pcqm-route-b/code/src/molgap/archive/phase8_r03_three_expert/losses.py
5833	2026-07-27T23:30:28.0000000000+0900	molgap-pcqm-route-b/code/src/molgap/archive/phase8_r03_three_expert/router_training.py
2575	2026-07-27T23:30:28.0000000000+0900	molgap-pcqm-route-b/code/src/molgap/archive/phase8_r03_three_expert/target_router.py
289	2026-07-27T23:30:29.0000000000+0900	molgap-pcqm-route-b/code/src/molgap/archive/phase8_r04_static_dual2d/__init__.py
5742	2026-07-27T23:30:28.0000000000+0900	molgap-pcqm-route-b/code/src/molgap/archive/phase8_r04_static_dual2d/data.py
834	2026-07-27T23:30:28.0000000000+0900	molgap-pcqm-route-b/code/src/molgap/archive/phase8_r04_static_dual2d/diagnostics.py
2369	2026-07-27T23:30:28.0000000000+0900	molgap-pcqm-route-b/code/src/molgap/archive/phase8_r04_static_dual2d/dual2d.py
6474	2026-07-27T23:30:28.0000000000+0900	molgap-pcqm-route-b/code/src/molgap/archive/phase8_r04_static_dual2d/dual2d_training.py
3014	2026-07-27T23:30:29.0000000000+0900	molgap-pcqm-route-b/code/src/molgap/archive/phase8_r04_static_dual2d/evaluation.py
3791	2026-07-27T23:30:29.0000000000+0900	molgap-pcqm-route-b/code/src/molgap/archive/phase8_r04_static_dual2d/external_eval.py
2306	2026-07-27T23:30:29.0000000000+0900	molgap-pcqm-route-b/code/src/molgap/archive/phase8_r04_static_dual2d/local_gine.py
603	2026-07-27T23:30:29.0000000000+0900	molgap-pcqm-route-b/code/src/molgap/archive/phase8_r04_static_dual2d/models.py
7190	2026-07-27T23:30:29.0000000000+0900	molgap-pcqm-route-b/code/src/molgap/archive/phase8_r04_static_dual2d/training.py
58	2026-07-27T23:30:29.0000000000+0900	molgap-pcqm-route-b/code/src/molgap/archive/phase8_r05_physics_consistency/__init__.py
1399	2026-07-27T23:30:29.0000000000+0900	molgap-pcqm-route-b/code/src/molgap/archive/phase8_r05_physics_consistency/fusion.py
70	2026-07-27T23:30:29.0000000000+0900	molgap-pcqm-route-b/code/src/molgap/archive/phase8_r06_structural_gps_adapter/__init__.py
3145	2026-07-27T23:30:29.0000000000+0900	molgap-pcqm-route-b/code/src/molgap/archive/phase8_r06_structural_gps_adapter/structural_features.py
22798	2026-07-27T23:30:29.0000000000+0900	molgap-pcqm-route-b/code/src/molgap/artifact_acceptance.py
21285	2026-07-27T23:30:30.0000000000+0900	molgap-pcqm-route-b/code/src/molgap/conformer_ab.py
11102	2026-07-27T23:30:30.0000000000+0900	molgap-pcqm-route-b/code/src/molgap/constants.py
34433	2026-07-27T23:30:30.0000000000+0900	molgap-pcqm-route-b/code/src/molgap/data_repair.py
14498	2026-07-27T23:30:30.0000000000+0900	molgap-pcqm-route-b/code/src/molgap/distillation.py
3607	2026-07-27T23:30:30.0000000000+0900	molgap-pcqm-route-b/code/src/molgap/egnn.py
6716	2026-07-27T23:30:30.0000000000+0900	molgap-pcqm-route-b/code/src/molgap/ensemble_evaluation.py
8694	2026-07-27T23:30:30.0000000000+0900	molgap-pcqm-route-b/code/src/molgap/etkdg_array.py
23791	2026-07-27T23:30:30.0000000000+0900	molgap-pcqm-route-b/code/src/molgap/experiment_db.py
8467	2026-07-27T23:30:30.0000000000+0900	molgap-pcqm-route-b/code/src/molgap/fusion.py
15513	2026-07-27T23:30:30.0000000000+0900	molgap-pcqm-route-b/code/src/molgap/gap_specialization.py
2257	2026-07-27T23:30:30.0000000000+0900	molgap-pcqm-route-b/code/src/molgap/gine.py
4090	2026-07-27T23:30:30.0000000000+0900	molgap-pcqm-route-b/code/src/molgap/gps.py
8453	2026-07-27T23:30:30.0000000000+0900	molgap-pcqm-route-b/code/src/molgap/graphs.py
13118	2026-07-27T23:30:30.0000000000+0900	molgap-pcqm-route-b/code/src/molgap/hierarchical_fusion.py
5855	2026-07-27T23:30:30.0000000000+0900	molgap-pcqm-route-b/code/src/molgap/hierarchical_oracle.py
1697	2026-07-27T23:30:30.0000000000+0900	molgap-pcqm-route-b/code/src/molgap/hybrid.py
34127	2026-07-27T23:30:31.0000000000+0900	molgap-pcqm-route-b/code/src/molgap/inference.py
4461	2026-07-27T23:30:31.0000000000+0900	molgap-pcqm-route-b/code/src/molgap/late_router.py
11762	2026-07-27T23:30:31.0000000000+0900	molgap-pcqm-route-b/code/src/molgap/multi2d.py
20731	2026-07-27T23:30:31.0000000000+0900	molgap-pcqm-route-b/code/src/molgap/multi2d_data.py
19071	2026-07-27T23:30:31.0000000000+0900	molgap-pcqm-route-b/code/src/molgap/multi2d_router_fusion.py
8209	2026-07-27T23:30:31.0000000000+0900	molgap-pcqm-route-b/code/src/molgap/oof_planning.py
45294	2026-07-27T23:30:31.0000000000+0900	molgap-pcqm-route-b/code/src/molgap/pcqm_expert.py
9808	2026-07-27T23:30:31.0000000000+0900	molgap-pcqm-route-b/code/src/molgap/pcqm_route_b.py
5254	2026-07-28T13:17:33.0000000000+0900	molgap-pcqm-route-b/code/src/molgap/pcqm_route_b_acceptance.py
28997	2026-07-29T15:12:49.0000000000+0900	molgap-pcqm-route-b/code/src/molgap/pcqm_route_b_fusion.py
32115	2026-07-28T14:04:50.0000000000+0900	molgap-pcqm-route-b/code/src/molgap/pcqm_route_b_search.py
27531	2026-07-28T22:27:11.0000000000+0900	molgap-pcqm-route-b/code/src/molgap/pcqm_route_b_training.py
6588	2026-07-27T23:30:31.0000000000+0900	molgap-pcqm-route-b/code/src/molgap/phase8_reporting.py
2860	2026-07-28T00:05:12.0000000000+0900	molgap-pcqm-route-b/code/src/molgap/portable_radius.py
8270	2026-07-27T23:30:31.0000000000+0900	molgap-pcqm-route-b/code/src/molgap/pubchemqc.py
14163	2026-07-27T23:30:31.0000000000+0900	molgap-pcqm-route-b/code/src/molgap/pubchemqc_architecture.py
10199	2026-07-27T23:30:31.0000000000+0900	molgap-pcqm-route-b/code/src/molgap/qm9_conformer.py
17123	2026-07-27T23:30:31.0000000000+0900	molgap-pcqm-route-b/code/src/molgap/qm9_fusion.py
7770	2026-07-27T23:30:31.0000000000+0900	molgap-pcqm-route-b/code/src/molgap/qm9_payloads.py
28687	2026-07-27T23:30:31.0000000000+0900	molgap-pcqm-route-b/code/src/molgap/qm9_screen.py
51030	2026-07-27T23:30:32.0000000000+0900	molgap-pcqm-route-b/code/src/molgap/repaired_2m_3d_colab.py
8874	2026-07-27T23:30:32.0000000000+0900	molgap-pcqm-route-b/code/src/molgap/residual_attribution.py
2184	2026-07-27T23:30:32.0000000000+0900	molgap-pcqm-route-b/code/src/molgap/retention.py
14182	2026-07-27T23:30:32.0000000000+0900	molgap-pcqm-route-b/code/src/molgap/route_b_fusion.py
20640	2026-07-27T23:30:32.0000000000+0900	molgap-pcqm-route-b/code/src/molgap/router.py
2808	2026-07-27T23:30:32.0000000000+0900	molgap-pcqm-route-b/code/src/molgap/router_sampling.py
4404	2026-07-27T23:30:32.0000000000+0900	molgap-pcqm-route-b/code/src/molgap/schnet.py
4262	2026-07-27T23:30:32.0000000000+0900	molgap-pcqm-route-b/code/src/molgap/schnetpack.py
15032	2026-07-27T23:30:32.0000000000+0900	molgap-pcqm-route-b/code/src/molgap/tensornet.py
21604	2026-07-27T23:30:32.0000000000+0900	molgap-pcqm-route-b/code/src/molgap/utils.py
2467	2026-07-27T23:30:32.0000000000+0900	molgap-pcqm-route-b/code/src/molgap/visnet.py
2237	2026-07-29T15:16:31.0000000000+0900	molgap-pcqm-route-b/colab_tuned_gps9_fusion_payload_20260729/manifest.json
646	2026-07-29T23:51:25.0000000000+0900	molgap-pcqm-route-b/fusion_tuned_gps9_mix_20260729/gps11_160/seed_42/metrics.json
8183	2026-07-29T23:51:25.0000000000+0900	molgap-pcqm-route-b/fusion_tuned_gps9_mix_20260729/gps11_160/seed_42/training_log.json
646	2026-07-29T23:52:29.0000000000+0900	molgap-pcqm-route-b/fusion_tuned_gps9_mix_20260729/gps11_160/seed_43/metrics.json
8177	2026-07-29T23:52:29.0000000000+0900	molgap-pcqm-route-b/fusion_tuned_gps9_mix_20260729/gps11_160/seed_43/training_log.json
7784	2026-07-29T23:53:37.0000000000+0900	molgap-pcqm-route-b/fusion_tuned_gps9_mix_20260729/gps11_160/seed_44/training_log.json
1723	2026-07-29T23:48:22.0000000000+0900	molgap-pcqm-route-b/fusion_tuned_gps9_mix_20260729/preflight.json
646	2026-07-29T23:52:03.0000000000+0900	molgap-pcqm-route-b/fusion_tuned_mix_20260729/gps11_160/seed_42/metrics.json
8180	2026-07-29T23:52:03.0000000000+0900	molgap-pcqm-route-b/fusion_tuned_mix_20260729/gps11_160/seed_42/training_log.json
645	2026-07-29T23:53:05.0000000000+0900	molgap-pcqm-route-b/fusion_tuned_mix_20260729/gps11_160/seed_43/metrics.json
8186	2026-07-29T23:53:05.0000000000+0900	molgap-pcqm-route-b/fusion_tuned_mix_20260729/gps11_160/seed_43/training_log.json
4094	2026-07-29T23:53:36.0000000000+0900	molgap-pcqm-route-b/fusion_tuned_mix_20260729/gps11_160/seed_44/training_log.json
1723	2026-07-29T23:49:19.0000000000+0900	molgap-pcqm-route-b/fusion_tuned_mix_20260729/preflight.json
98035	2026-07-28T08:35:36.0000000000+0900	molgap-pcqm-route-b/logs/augmented_schnet.log
2616	2026-07-29T15:16:31.0000000000+0900	molgap-pcqm-route-b/logs/colab_tuned_gps9_fusion_payload_20260729.log
1814	2026-07-28T13:21:53.0000000000+0900	molgap-pcqm-route-b/logs/encoder_acceptance.json
268	2026-07-28T00:06:47.0000000000+0900	molgap-pcqm-route-b/logs/environment.json
7719	2026-07-29T23:53:37.0000000000+0900	molgap-pcqm-route-b/logs/fusion_tuned_gps9_mix_20260729.log
1838	2026-07-29T23:48:22.0000000000+0900	molgap-pcqm-route-b/logs/fusion_tuned_gps9_mix_20260729_preflight.log
6651	2026-07-29T23:53:36.0000000000+0900	molgap-pcqm-route-b/logs/fusion_tuned_mix_20260729.log
1838	2026-07-29T23:49:19.0000000000+0900	molgap-pcqm-route-b/logs/fusion_tuned_mix_20260729_preflight.log
94282	2026-07-28T04:45:42.0000000000+0900	molgap-pcqm-route-b/logs/gps11_160.log
94094	2026-07-28T04:30:07.0000000000+0900	molgap-pcqm-route-b/logs/gps9.log
909	2026-07-28T00:10:15.0000000000+0900	molgap-pcqm-route-b/logs/input_acceptance.json
4852	2026-07-28T00:12:28.0000000000+0900	molgap-pcqm-route-b/logs/preflight.log
96368	2026-07-28T04:03:52.0000000000+0900	molgap-pcqm-route-b/logs/primary_schnet.log
8436	2026-07-28T20:53:10.0000000000+0900	molgap-pcqm-route-b/logs/search/100k_augmented_schnet.log
13074	2026-07-29T00:25:18.0000000000+0900	molgap-pcqm-route-b/logs/search/100k_confirm_augmented_schnet.log
11591	2026-07-28T20:24:54.0000000000+0900	molgap-pcqm-route-b/logs/search/100k_confirm_gps11_160.log
11274	2026-07-28T19:55:37.0000000000+0900	molgap-pcqm-route-b/logs/search/100k_confirm_gps9.log
12717	2026-07-28T21:48:15.0000000000+0900	molgap-pcqm-route-b/logs/search/100k_confirm_primary_schnet.log
7341	2026-07-28T17:22:51.0000000000+0900	molgap-pcqm-route-b/logs/search/100k_gps11_160.log
7393	2026-07-28T17:32:47.0000000000+0900	molgap-pcqm-route-b/logs/search/100k_gps9.log
8303	2026-07-28T18:33:22.0000000000+0900	molgap-pcqm-route-b/logs/search/100k_primary_schnet.log
20632	2026-07-28T18:41:52.0000000000+0900	molgap-pcqm-route-b/logs/search/50k_augmented_schnet.log
15580	2026-07-28T16:08:22.0000000000+0900	molgap-pcqm-route-b/logs/search/50k_gps11_160.log
15776	2026-07-28T15:51:31.0000000000+0900	molgap-pcqm-route-b/logs/search/50k_gps9.log
20422	2026-07-28T16:06:37.0000000000+0900	molgap-pcqm-route-b/logs/search/50k_primary_schnet.log
12236	2026-07-28T14:02:44.0000000000+0900	molgap-pcqm-route-b/logs/search/build_subsets.log
3244	2026-07-28T14:18:40.0000000000+0900	molgap-pcqm-route-b/logs/search/preflight.log
94612	2026-07-29T08:23:35.0000000000+0900	molgap-pcqm-route-b/logs/tuned/gps11_160.log
67932	2026-07-28T08:35:36.0000000000+0900	molgap-pcqm-route-b/outputs/augmented_schnet/completion_manifest.json
105748	2026-07-28T08:35:36.0000000000+0900	molgap-pcqm-route-b/outputs/augmented_schnet/embeddings/manifest.json
122404	2026-07-28T08:35:36.0000000000+0900	molgap-pcqm-route-b/outputs/augmented_schnet/metrics.json
172	2026-07-28T08:30:29.0000000000+0900	molgap-pcqm-route-b/outputs/augmented_schnet/progress.json
67926	2026-07-28T04:45:42.0000000000+0900	molgap-pcqm-route-b/outputs/gps11_160/completion_manifest.json
104137	2026-07-28T04:45:42.0000000000+0900	molgap-pcqm-route-b/outputs/gps11_160/embeddings/manifest.json
118991	2026-07-28T04:45:42.0000000000+0900	molgap-pcqm-route-b/outputs/gps11_160/metrics.json
166	2026-07-28T04:39:52.0000000000+0900	molgap-pcqm-route-b/outputs/gps11_160/progress.json
67921	2026-07-28T04:30:07.0000000000+0900	molgap-pcqm-route-b/outputs/gps9/completion_manifest.json
104132	2026-07-28T04:30:06.0000000000+0900	molgap-pcqm-route-b/outputs/gps9/embeddings/manifest.json
118972	2026-07-28T04:30:06.0000000000+0900	molgap-pcqm-route-b/outputs/gps9/metrics.json
161	2026-07-28T04:24:28.0000000000+0900	molgap-pcqm-route-b/outputs/gps9/progress.json
1549	2026-07-28T00:12:28.0000000000+0900	molgap-pcqm-route-b/outputs/preflight/augmented_schnet.json
1339	2026-07-28T00:12:25.0000000000+0900	molgap-pcqm-route-b/outputs/preflight/gps11_160.json
1333	2026-07-28T00:12:24.0000000000+0900	molgap-pcqm-route-b/outputs/preflight/gps9.json
1338	2026-07-28T00:12:27.0000000000+0900	molgap-pcqm-route-b/outputs/preflight/primary_schnet.json
67930	2026-07-28T04:03:52.0000000000+0900	molgap-pcqm-route-b/outputs/primary_schnet/completion_manifest.json
105746	2026-07-28T04:03:51.0000000000+0900	molgap-pcqm-route-b/outputs/primary_schnet/embeddings/manifest.json
120815	2026-07-28T04:03:51.0000000000+0900	molgap-pcqm-route-b/outputs/primary_schnet/metrics.json
170	2026-07-28T03:58:25.0000000000+0900	molgap-pcqm-route-b/outputs/primary_schnet/progress.json
67926	2026-07-29T08:23:35.0000000000+0900	molgap-pcqm-route-b/outputs_tuned/gps11_160/completion_manifest.json
104137	2026-07-29T08:23:35.0000000000+0900	molgap-pcqm-route-b/outputs_tuned/gps11_160/embeddings/manifest.json
119331	2026-07-29T08:23:35.0000000000+0900	molgap-pcqm-route-b/outputs_tuned/gps11_160/metrics.json
166	2026-07-29T08:18:19.0000000000+0900	molgap-pcqm-route-b/outputs_tuned/gps11_160/progress.json
1649	2026-07-28T20:53:10.0000000000+0900	molgap-pcqm-route-b/search/outputs/100k/augmented_schnet/summary.json
285	2026-07-28T19:14:01.0000000000+0900	molgap-pcqm-route-b/search/outputs/100k/augmented_schnet/trial_04/completion_manifest.json
7543	2026-07-28T19:14:01.0000000000+0900	molgap-pcqm-route-b/search/outputs/100k/augmented_schnet/trial_04/metrics.json
665	2026-07-28T19:14:01.0000000000+0900	molgap-pcqm-route-b/search/outputs/100k/augmented_schnet/trial_04/progress.json
285	2026-07-28T19:45:49.0000000000+0900	molgap-pcqm-route-b/search/outputs/100k/augmented_schnet/trial_05/completion_manifest.json
7552	2026-07-28T19:45:49.0000000000+0900	molgap-pcqm-route-b/search/outputs/100k/augmented_schnet/trial_05/metrics.json
666	2026-07-28T19:45:49.0000000000+0900	molgap-pcqm-route-b/search/outputs/100k/augmented_schnet/trial_05/progress.json
285	2026-07-28T20:14:48.0000000000+0900	molgap-pcqm-route-b/search/outputs/100k/augmented_schnet/trial_09/completion_manifest.json
7525	2026-07-28T20:14:48.0000000000+0900	molgap-pcqm-route-b/search/outputs/100k/augmented_schnet/trial_09/metrics.json
663	2026-07-28T20:14:48.0000000000+0900	molgap-pcqm-route-b/search/outputs/100k/augmented_schnet/trial_09/progress.json
285	2026-07-28T20:53:10.0000000000+0900	molgap-pcqm-route-b/search/outputs/100k/augmented_schnet/trial_11/completion_manifest.json
7038	2026-07-28T20:53:10.0000000000+0900	molgap-pcqm-route-b/search/outputs/100k/augmented_schnet/trial_11/metrics.json
663	2026-07-28T20:53:10.0000000000+0900	molgap-pcqm-route-b/search/outputs/100k/augmented_schnet/trial_11/progress.json
1642	2026-07-28T17:22:51.0000000000+0900	molgap-pcqm-route-b/search/outputs/100k/gps11_160/summary.json
285	2026-07-28T16:24:43.0000000000+0900	molgap-pcqm-route-b/search/outputs/100k/gps11_160/trial_02/completion_manifest.json
5868	2026-07-28T16:24:43.0000000000+0900	molgap-pcqm-route-b/search/outputs/100k/gps11_160/trial_02/metrics.json
660	2026-07-28T16:24:43.0000000000+0900	molgap-pcqm-route-b/search/outputs/100k/gps11_160/trial_02/progress.json
285	2026-07-28T16:44:20.0000000000+0900	molgap-pcqm-route-b/search/outputs/100k/gps11_160/trial_04/completion_manifest.json
6897	2026-07-28T16:44:20.0000000000+0900	molgap-pcqm-route-b/search/outputs/100k/gps11_160/trial_04/metrics.json
659	2026-07-28T16:44:20.0000000000+0900	molgap-pcqm-route-b/search/outputs/100k/gps11_160/trial_04/progress.json
285	2026-07-28T17:05:15.0000000000+0900	molgap-pcqm-route-b/search/outputs/100k/gps11_160/trial_05/completion_manifest.json
7413	2026-07-28T17:05:15.0000000000+0900	molgap-pcqm-route-b/search/outputs/100k/gps11_160/trial_05/metrics.json
657	2026-07-28T17:05:15.0000000000+0900	molgap-pcqm-route-b/search/outputs/100k/gps11_160/trial_05/progress.json
285	2026-07-28T17:22:51.0000000000+0900	molgap-pcqm-route-b/search/outputs/100k/gps11_160/trial_09/completion_manifest.json
7385	2026-07-28T17:22:51.0000000000+0900	molgap-pcqm-route-b/search/outputs/100k/gps11_160/trial_09/metrics.json
657	2026-07-28T17:22:51.0000000000+0900	molgap-pcqm-route-b/search/outputs/100k/gps11_160/trial_09/progress.json
1638	2026-07-28T17:32:47.0000000000+0900	molgap-pcqm-route-b/search/outputs/100k/gps9/summary.json
285	2026-07-28T16:26:13.0000000000+0900	molgap-pcqm-route-b/search/outputs/100k/gps9/trial_00/completion_manifest.json
7421	2026-07-28T16:26:13.0000000000+0900	molgap-pcqm-route-b/search/outputs/100k/gps9/trial_00/metrics.json
651	2026-07-28T16:26:13.0000000000+0900	molgap-pcqm-route-b/search/outputs/100k/gps9/trial_00/progress.json
285	2026-07-28T16:45:26.0000000000+0900	molgap-pcqm-route-b/search/outputs/100k/gps9/trial_02/completion_manifest.json
7416	2026-07-28T16:45:26.0000000000+0900	molgap-pcqm-route-b/search/outputs/100k/gps9/trial_02/metrics.json
655	2026-07-28T16:45:26.0000000000+0900	molgap-pcqm-route-b/search/outputs/100k/gps9/trial_02/progress.json
285	2026-07-28T17:04:33.0000000000+0900	molgap-pcqm-route-b/search/outputs/100k/gps9/trial_04/completion_manifest.json
7416	2026-07-28T17:04:33.0000000000+0900	molgap-pcqm-route-b/search/outputs/100k/gps9/trial_04/metrics.json
654	2026-07-28T17:04:33.0000000000+0900	molgap-pcqm-route-b/search/outputs/100k/gps9/trial_04/progress.json
285	2026-07-28T17:32:47.0000000000+0900	molgap-pcqm-route-b/search/outputs/100k/gps9/trial_11/completion_manifest.json
7379	2026-07-28T17:32:47.0000000000+0900	molgap-pcqm-route-b/search/outputs/100k/gps9/trial_11/metrics.json
654	2026-07-28T17:32:47.0000000000+0900	molgap-pcqm-route-b/search/outputs/100k/gps9/trial_11/progress.json
1644	2026-07-28T18:33:22.0000000000+0900	molgap-pcqm-route-b/search/outputs/100k/primary_schnet/summary.json
285	2026-07-28T17:40:43.0000000000+0900	molgap-pcqm-route-b/search/outputs/100k/primary_schnet/trial_03/completion_manifest.json
7551	2026-07-28T17:40:43.0000000000+0900	molgap-pcqm-route-b/search/outputs/100k/primary_schnet/trial_03/metrics.json
663	2026-07-28T17:40:43.0000000000+0900	molgap-pcqm-route-b/search/outputs/100k/primary_schnet/trial_03/progress.json
285	2026-07-28T17:57:11.0000000000+0900	molgap-pcqm-route-b/search/outputs/100k/primary_schnet/trial_07/completion_manifest.json
7551	2026-07-28T17:57:11.0000000000+0900	molgap-pcqm-route-b/search/outputs/100k/primary_schnet/trial_07/metrics.json
661	2026-07-28T17:57:11.0000000000+0900	molgap-pcqm-route-b/search/outputs/100k/primary_schnet/trial_07/progress.json
285	2026-07-28T18:12:20.0000000000+0900	molgap-pcqm-route-b/search/outputs/100k/primary_schnet/trial_09/completion_manifest.json
7533	2026-07-28T18:12:20.0000000000+0900	molgap-pcqm-route-b/search/outputs/100k/primary_schnet/trial_09/metrics.json
661	2026-07-28T18:12:20.0000000000+0900	molgap-pcqm-route-b/search/outputs/100k/primary_schnet/trial_09/progress.json
285	2026-07-28T18:33:22.0000000000+0900	molgap-pcqm-route-b/search/outputs/100k/primary_schnet/trial_11/completion_manifest.json
7286	2026-07-28T18:33:22.0000000000+0900	molgap-pcqm-route-b/search/outputs/100k/primary_schnet/trial_11/metrics.json
661	2026-07-28T18:33:22.0000000000+0900	molgap-pcqm-route-b/search/outputs/100k/primary_schnet/trial_11/progress.json
1297	2026-07-29T00:25:18.0000000000+0900	molgap-pcqm-route-b/search/outputs/100k_confirm/augmented_schnet/summary.json
285	2026-07-28T21:22:48.0000000000+0900	molgap-pcqm-route-b/search/outputs/100k_confirm/augmented_schnet/trial_09/seed_42/completion_manifest.json
7523	2026-07-28T21:22:48.0000000000+0900	molgap-pcqm-route-b/search/outputs/100k_confirm/augmented_schnet/trial_09/seed_42/metrics.json
670	2026-07-28T21:22:48.0000000000+0900	molgap-pcqm-route-b/search/outputs/100k_confirm/augmented_schnet/trial_09/seed_42/progress.json
285	2026-07-28T21:51:40.0000000000+0900	molgap-pcqm-route-b/search/outputs/100k_confirm/augmented_schnet/trial_09/seed_43/completion_manifest.json
7531	2026-07-28T21:51:40.0000000000+0900	molgap-pcqm-route-b/search/outputs/100k_confirm/augmented_schnet/trial_09/seed_43/metrics.json
670	2026-07-28T21:51:40.0000000000+0900	molgap-pcqm-route-b/search/outputs/100k_confirm/augmented_schnet/trial_09/seed_43/progress.json
285	2026-07-28T22:20:24.0000000000+0900	molgap-pcqm-route-b/search/outputs/100k_confirm/augmented_schnet/trial_09/seed_44/completion_manifest.json
7537	2026-07-28T22:20:24.0000000000+0900	molgap-pcqm-route-b/search/outputs/100k_confirm/augmented_schnet/trial_09/seed_44/metrics.json
671	2026-07-28T22:20:24.0000000000+0900	molgap-pcqm-route-b/search/outputs/100k_confirm/augmented_schnet/trial_09/seed_44/progress.json
285	2026-07-28T23:01:55.0000000000+0900	molgap-pcqm-route-b/search/outputs/100k_confirm/augmented_schnet/trial_11/seed_42/completion_manifest.json
7579	2026-07-28T23:01:55.0000000000+0900	molgap-pcqm-route-b/search/outputs/100k_confirm/augmented_schnet/trial_11/seed_42/metrics.json
671	2026-07-28T23:01:55.0000000000+0900	molgap-pcqm-route-b/search/outputs/100k_confirm/augmented_schnet/trial_11/seed_42/progress.json
285	2026-07-28T23:43:44.0000000000+0900	molgap-pcqm-route-b/search/outputs/100k_confirm/augmented_schnet/trial_11/seed_43/completion_manifest.json
7564	2026-07-28T23:43:44.0000000000+0900	molgap-pcqm-route-b/search/outputs/100k_confirm/augmented_schnet/trial_11/seed_43/metrics.json
670	2026-07-28T23:43:44.0000000000+0900	molgap-pcqm-route-b/search/outputs/100k_confirm/augmented_schnet/trial_11/seed_43/progress.json
285	2026-07-29T00:25:18.0000000000+0900	molgap-pcqm-route-b/search/outputs/100k_confirm/augmented_schnet/trial_11/seed_44/completion_manifest.json
7573	2026-07-29T00:25:18.0000000000+0900	molgap-pcqm-route-b/search/outputs/100k_confirm/augmented_schnet/trial_11/seed_44/metrics.json
671	2026-07-29T00:25:18.0000000000+0900	molgap-pcqm-route-b/search/outputs/100k_confirm/augmented_schnet/trial_11/seed_44/progress.json
1295	2026-07-28T20:24:54.0000000000+0900	molgap-pcqm-route-b/search/outputs/100k_confirm/gps11_160/summary.json
285	2026-07-28T18:53:27.0000000000+0900	molgap-pcqm-route-b/search/outputs/100k_confirm/gps11_160/trial_04/seed_42/completion_manifest.json
6904	2026-07-28T18:53:27.0000000000+0900	molgap-pcqm-route-b/search/outputs/100k_confirm/gps11_160/trial_04/seed_42/metrics.json
667	2026-07-28T18:53:27.0000000000+0900	molgap-pcqm-route-b/search/outputs/100k_confirm/gps11_160/trial_04/seed_42/progress.json
285	2026-07-28T19:12:03.0000000000+0900	molgap-pcqm-route-b/search/outputs/100k_confirm/gps11_160/trial_04/seed_43/completion_manifest.json
6644	2026-07-28T19:12:03.0000000000+0900	molgap-pcqm-route-b/search/outputs/100k_confirm/gps11_160/trial_04/seed_43/metrics.json
667	2026-07-28T19:12:03.0000000000+0900	molgap-pcqm-route-b/search/outputs/100k_confirm/gps11_160/trial_04/seed_43/progress.json
285	2026-07-28T19:33:17.0000000000+0900	molgap-pcqm-route-b/search/outputs/100k_confirm/gps11_160/trial_04/seed_44/completion_manifest.json
7424	2026-07-28T19:33:17.0000000000+0900	molgap-pcqm-route-b/search/outputs/100k_confirm/gps11_160/trial_04/seed_44/metrics.json
667	2026-07-28T19:33:17.0000000000+0900	molgap-pcqm-route-b/search/outputs/100k_confirm/gps11_160/trial_04/seed_44/progress.json
285	2026-07-28T19:50:35.0000000000+0900	molgap-pcqm-route-b/search/outputs/100k_confirm/gps11_160/trial_09/seed_42/completion_manifest.json
7397	2026-07-28T19:50:35.0000000000+0900	molgap-pcqm-route-b/search/outputs/100k_confirm/gps11_160/trial_09/seed_42/metrics.json
666	2026-07-28T19:50:35.0000000000+0900	molgap-pcqm-route-b/search/outputs/100k_confirm/gps11_160/trial_09/seed_42/progress.json
285	2026-07-28T20:07:46.0000000000+0900	molgap-pcqm-route-b/search/outputs/100k_confirm/gps11_160/trial_09/seed_43/completion_manifest.json
7396	2026-07-28T20:07:46.0000000000+0900	molgap-pcqm-route-b/search/outputs/100k_confirm/gps11_160/trial_09/seed_43/metrics.json
666	2026-07-28T20:07:46.0000000000+0900	molgap-pcqm-route-b/search/outputs/100k_confirm/gps11_160/trial_09/seed_43/progress.json
285	2026-07-28T20:24:54.0000000000+0900	molgap-pcqm-route-b/search/outputs/100k_confirm/gps11_160/trial_09/seed_44/completion_manifest.json
7395	2026-07-28T20:24:54.0000000000+0900	molgap-pcqm-route-b/search/outputs/100k_confirm/gps11_160/trial_09/seed_44/metrics.json
666	2026-07-28T20:24:54.0000000000+0900	molgap-pcqm-route-b/search/outputs/100k_confirm/gps11_160/trial_09/seed_44/progress.json
1291	2026-07-28T19:55:37.0000000000+0900	molgap-pcqm-route-b/search/outputs/100k_confirm/gps9/summary.json
285	2026-07-28T17:52:28.0000000000+0900	molgap-pcqm-route-b/search/outputs/100k_confirm/gps9/trial_02/seed_42/completion_manifest.json
7422	2026-07-28T17:52:28.0000000000+0900	molgap-pcqm-route-b/search/outputs/100k_confirm/gps9/trial_02/seed_42/metrics.json
663	2026-07-28T17:52:28.0000000000+0900	molgap-pcqm-route-b/search/outputs/100k_confirm/gps9/trial_02/seed_42/progress.json
285	2026-07-28T18:11:47.0000000000+0900	molgap-pcqm-route-b/search/outputs/100k_confirm/gps9/trial_02/seed_43/completion_manifest.json
7430	2026-07-28T18:11:47.0000000000+0900	molgap-pcqm-route-b/search/outputs/100k_confirm/gps9/trial_02/seed_43/metrics.json
663	2026-07-28T18:11:47.0000000000+0900	molgap-pcqm-route-b/search/outputs/100k_confirm/gps9/trial_02/seed_43/progress.json
285	2026-07-28T18:30:48.0000000000+0900	molgap-pcqm-route-b/search/outputs/100k_confirm/gps9/trial_02/seed_44/completion_manifest.json
7426	2026-07-28T18:30:48.0000000000+0900	molgap-pcqm-route-b/search/outputs/100k_confirm/gps9/trial_02/seed_44/metrics.json
663	2026-07-28T18:30:48.0000000000+0900	molgap-pcqm-route-b/search/outputs/100k_confirm/gps9/trial_02/seed_44/progress.json
285	2026-07-28T18:59:05.0000000000+0900	molgap-pcqm-route-b/search/outputs/100k_confirm/gps9/trial_11/seed_42/completion_manifest.json
7385	2026-07-28T18:59:04.0000000000+0900	molgap-pcqm-route-b/search/outputs/100k_confirm/gps9/trial_11/seed_42/metrics.json
661	2026-07-28T18:59:04.0000000000+0900	molgap-pcqm-route-b/search/outputs/100k_confirm/gps9/trial_11/seed_42/progress.json
285	2026-07-28T19:27:19.0000000000+0900	molgap-pcqm-route-b/search/outputs/100k_confirm/gps9/trial_11/seed_43/completion_manifest.json
7387	2026-07-28T19:27:19.0000000000+0900	molgap-pcqm-route-b/search/outputs/100k_confirm/gps9/trial_11/seed_43/metrics.json
662	2026-07-28T19:27:19.0000000000+0900	molgap-pcqm-route-b/search/outputs/100k_confirm/gps9/trial_11/seed_43/progress.json
285	2026-07-28T19:55:37.0000000000+0900	molgap-pcqm-route-b/search/outputs/100k_confirm/gps9/trial_11/seed_44/completion_manifest.json
7382	2026-07-28T19:55:37.0000000000+0900	molgap-pcqm-route-b/search/outputs/100k_confirm/gps9/trial_11/seed_44/metrics.json
662	2026-07-28T19:55:37.0000000000+0900	molgap-pcqm-route-b/search/outputs/100k_confirm/gps9/trial_11/seed_44/progress.json
1296	2026-07-28T21:48:15.0000000000+0900	molgap-pcqm-route-b/search/outputs/100k_confirm/primary_schnet/summary.json
285	2026-07-28T20:12:52.0000000000+0900	molgap-pcqm-route-b/search/outputs/100k_confirm/primary_schnet/trial_09/seed_42/completion_manifest.json
7544	2026-07-28T20:12:52.0000000000+0900	molgap-pcqm-route-b/search/outputs/100k_confirm/primary_schnet/trial_09/seed_42/metrics.json
668	2026-07-28T20:12:52.0000000000+0900	molgap-pcqm-route-b/search/outputs/100k_confirm/primary_schnet/trial_09/seed_42/progress.json
285	2026-07-28T20:28:13.0000000000+0900	molgap-pcqm-route-b/search/outputs/100k_confirm/primary_schnet/trial_09/seed_43/completion_manifest.json
7536	2026-07-28T20:28:13.0000000000+0900	molgap-pcqm-route-b/search/outputs/100k_confirm/primary_schnet/trial_09/seed_43/metrics.json
668	2026-07-28T20:28:13.0000000000+0900	molgap-pcqm-route-b/search/outputs/100k_confirm/primary_schnet/trial_09/seed_43/progress.json
285	2026-07-28T20:43:16.0000000000+0900	molgap-pcqm-route-b/search/outputs/100k_confirm/primary_schnet/trial_09/seed_44/completion_manifest.json
7532	2026-07-28T20:43:16.0000000000+0900	molgap-pcqm-route-b/search/outputs/100k_confirm/primary_schnet/trial_09/seed_44/metrics.json
669	2026-07-28T20:43:16.0000000000+0900	molgap-pcqm-route-b/search/outputs/100k_confirm/primary_schnet/trial_09/seed_44/progress.json
285	2026-07-28T21:04:54.0000000000+0900	molgap-pcqm-route-b/search/outputs/100k_confirm/primary_schnet/trial_11/seed_42/completion_manifest.json
7553	2026-07-28T21:04:54.0000000000+0900	molgap-pcqm-route-b/search/outputs/100k_confirm/primary_schnet/trial_11/seed_42/metrics.json
669	2026-07-28T21:04:54.0000000000+0900	molgap-pcqm-route-b/search/outputs/100k_confirm/primary_schnet/trial_11/seed_42/progress.json
285	2026-07-28T21:26:34.0000000000+0900	molgap-pcqm-route-b/search/outputs/100k_confirm/primary_schnet/trial_11/seed_43/completion_manifest.json
7545	2026-07-28T21:26:34.0000000000+0900	molgap-pcqm-route-b/search/outputs/100k_confirm/primary_schnet/trial_11/seed_43/metrics.json
669	2026-07-28T21:26:34.0000000000+0900	molgap-pcqm-route-b/search/outputs/100k_confirm/primary_schnet/trial_11/seed_43/progress.json
285	2026-07-28T21:48:15.0000000000+0900	molgap-pcqm-route-b/search/outputs/100k_confirm/primary_schnet/trial_11/seed_44/completion_manifest.json
7555	2026-07-28T21:48:15.0000000000+0900	molgap-pcqm-route-b/search/outputs/100k_confirm/primary_schnet/trial_11/seed_44/metrics.json
669	2026-07-28T21:48:15.0000000000+0900	molgap-pcqm-route-b/search/outputs/100k_confirm/primary_schnet/trial_11/seed_44/progress.json
4400	2026-07-28T18:41:52.0000000000+0900	molgap-pcqm-route-b/search/outputs/50k/augmented_schnet/summary.json
285	2026-07-28T16:06:56.0000000000+0900	molgap-pcqm-route-b/search/outputs/50k/augmented_schnet/trial_00/completion_manifest.json
6288	2026-07-28T16:06:56.0000000000+0900	molgap-pcqm-route-b/search/outputs/50k/augmented_schnet/trial_00/metrics.json
663	2026-07-28T16:06:55.0000000000+0900	molgap-pcqm-route-b/search/outputs/50k/augmented_schnet/trial_00/progress.json
285	2026-07-28T16:20:38.0000000000+0900	molgap-pcqm-route-b/search/outputs/50k/augmented_schnet/trial_01/completion_manifest.json
6490	2026-07-28T16:20:38.0000000000+0900	molgap-pcqm-route-b/search/outputs/50k/augmented_schnet/trial_01/metrics.json
664	2026-07-28T16:20:38.0000000000+0900	molgap-pcqm-route-b/search/outputs/50k/augmented_schnet/trial_01/progress.json
285	2026-07-28T16:34:24.0000000000+0900	molgap-pcqm-route-b/search/outputs/50k/augmented_schnet/trial_02/completion_manifest.json
6506	2026-07-28T16:34:24.0000000000+0900	molgap-pcqm-route-b/search/outputs/50k/augmented_schnet/trial_02/metrics.json
663	2026-07-28T16:34:24.0000000000+0900	molgap-pcqm-route-b/search/outputs/50k/augmented_schnet/trial_02/progress.json
285	2026-07-28T16:48:08.0000000000+0900	molgap-pcqm-route-b/search/outputs/50k/augmented_schnet/trial_03/completion_manifest.json
6502	2026-07-28T16:48:08.0000000000+0900	molgap-pcqm-route-b/search/outputs/50k/augmented_schnet/trial_03/metrics.json
664	2026-07-28T16:48:08.0000000000+0900	molgap-pcqm-route-b/search/outputs/50k/augmented_schnet/trial_03/progress.json
285	2026-07-28T17:01:11.0000000000+0900	molgap-pcqm-route-b/search/outputs/50k/augmented_schnet/trial_04/completion_manifest.json
6240	2026-07-28T17:01:11.0000000000+0900	molgap-pcqm-route-b/search/outputs/50k/augmented_schnet/trial_04/metrics.json
664	2026-07-28T17:01:11.0000000000+0900	molgap-pcqm-route-b/search/outputs/50k/augmented_schnet/trial_04/progress.json
285	2026-07-28T17:14:49.0000000000+0900	molgap-pcqm-route-b/search/outputs/50k/augmented_schnet/trial_05/completion_manifest.json
6491	2026-07-28T17:14:49.0000000000+0900	molgap-pcqm-route-b/search/outputs/50k/augmented_schnet/trial_05/metrics.json
665	2026-07-28T17:14:49.0000000000+0900	molgap-pcqm-route-b/search/outputs/50k/augmented_schnet/trial_05/progress.json
285	2026-07-28T17:28:16.0000000000+0900	molgap-pcqm-route-b/search/outputs/50k/augmented_schnet/trial_06/completion_manifest.json
6492	2026-07-28T17:28:16.0000000000+0900	molgap-pcqm-route-b/search/outputs/50k/augmented_schnet/trial_06/metrics.json
662	2026-07-28T17:28:16.0000000000+0900	molgap-pcqm-route-b/search/outputs/50k/augmented_schnet/trial_06/progress.json
285	2026-07-28T17:41:46.0000000000+0900	molgap-pcqm-route-b/search/outputs/50k/augmented_schnet/trial_07/completion_manifest.json
6493	2026-07-28T17:41:46.0000000000+0900	molgap-pcqm-route-b/search/outputs/50k/augmented_schnet/trial_07/metrics.json
663	2026-07-28T17:41:46.0000000000+0900	molgap-pcqm-route-b/search/outputs/50k/augmented_schnet/trial_07/progress.json
285	2026-07-28T17:58:56.0000000000+0900	molgap-pcqm-route-b/search/outputs/50k/augmented_schnet/trial_08/completion_manifest.json
6247	2026-07-28T17:58:56.0000000000+0900	molgap-pcqm-route-b/search/outputs/50k/augmented_schnet/trial_08/metrics.json
662	2026-07-28T17:58:56.0000000000+0900	molgap-pcqm-route-b/search/outputs/50k/augmented_schnet/trial_08/progress.json
285	2026-07-28T18:11:25.0000000000+0900	molgap-pcqm-route-b/search/outputs/50k/augmented_schnet/trial_09/completion_manifest.json
6503	2026-07-28T18:11:25.0000000000+0900	molgap-pcqm-route-b/search/outputs/50k/augmented_schnet/trial_09/metrics.json
662	2026-07-28T18:11:25.0000000000+0900	molgap-pcqm-route-b/search/outputs/50k/augmented_schnet/trial_09/progress.json
285	2026-07-28T18:23:54.0000000000+0900	molgap-pcqm-route-b/search/outputs/50k/augmented_schnet/trial_10/completion_manifest.json
6512	2026-07-28T18:23:54.0000000000+0900	molgap-pcqm-route-b/search/outputs/50k/augmented_schnet/trial_10/metrics.json
663	2026-07-28T18:23:54.0000000000+0900	molgap-pcqm-route-b/search/outputs/50k/augmented_schnet/trial_10/progress.json
285	2026-07-28T18:41:52.0000000000+0900	molgap-pcqm-route-b/search/outputs/50k/augmented_schnet/trial_11/completion_manifest.json
6512	2026-07-28T18:41:52.0000000000+0900	molgap-pcqm-route-b/search/outputs/50k/augmented_schnet/trial_11/metrics.json
662	2026-07-28T18:41:52.0000000000+0900	molgap-pcqm-route-b/search/outputs/50k/augmented_schnet/trial_11/progress.json
4381	2026-07-28T16:08:22.0000000000+0900	molgap-pcqm-route-b/search/outputs/50k/gps11_160/summary.json
285	2026-07-28T14:44:12.0000000000+0900	molgap-pcqm-route-b/search/outputs/50k/gps11_160/trial_00/completion_manifest.json
6367	2026-07-28T14:44:12.0000000000+0900	molgap-pcqm-route-b/search/outputs/50k/gps11_160/trial_00/metrics.json
655	2026-07-28T14:44:12.0000000000+0900	molgap-pcqm-route-b/search/outputs/50k/gps11_160/trial_00/progress.json
285	2026-07-28T14:48:30.0000000000+0900	molgap-pcqm-route-b/search/outputs/50k/gps11_160/trial_01/completion_manifest.json
3489	2026-07-28T14:48:30.0000000000+0900	molgap-pcqm-route-b/search/outputs/50k/gps11_160/trial_01/metrics.json
655	2026-07-28T14:48:30.0000000000+0900	molgap-pcqm-route-b/search/outputs/50k/gps11_160/trial_01/progress.json
285	2026-07-28T14:58:04.0000000000+0900	molgap-pcqm-route-b/search/outputs/50k/gps11_160/trial_02/completion_manifest.json
6357	2026-07-28T14:58:04.0000000000+0900	molgap-pcqm-route-b/search/outputs/50k/gps11_160/trial_02/metrics.json
658	2026-07-28T14:58:04.0000000000+0900	molgap-pcqm-route-b/search/outputs/50k/gps11_160/trial_02/progress.json
285	2026-07-28T15:07:36.0000000000+0900	molgap-pcqm-route-b/search/outputs/50k/gps11_160/trial_03/completion_manifest.json
6360	2026-07-28T15:07:36.0000000000+0900	molgap-pcqm-route-b/search/outputs/50k/gps11_160/trial_03/metrics.json
657	2026-07-28T15:07:36.0000000000+0900	molgap-pcqm-route-b/search/outputs/50k/gps11_160/trial_03/progress.json
285	2026-07-28T15:17:10.0000000000+0900	molgap-pcqm-route-b/search/outputs/50k/gps11_160/trial_04/completion_manifest.json
6357	2026-07-28T15:17:10.0000000000+0900	molgap-pcqm-route-b/search/outputs/50k/gps11_160/trial_04/metrics.json
658	2026-07-28T15:17:10.0000000000+0900	molgap-pcqm-route-b/search/outputs/50k/gps11_160/trial_04/progress.json
285	2026-07-28T15:26:33.0000000000+0900	molgap-pcqm-route-b/search/outputs/50k/gps11_160/trial_05/completion_manifest.json
6353	2026-07-28T15:26:33.0000000000+0900	molgap-pcqm-route-b/search/outputs/50k/gps11_160/trial_05/metrics.json
655	2026-07-28T15:26:33.0000000000+0900	molgap-pcqm-route-b/search/outputs/50k/gps11_160/trial_05/progress.json
285	2026-07-28T15:30:20.0000000000+0900	molgap-pcqm-route-b/search/outputs/50k/gps11_160/trial_06/completion_manifest.json
3222	2026-07-28T15:30:20.0000000000+0900	molgap-pcqm-route-b/search/outputs/50k/gps11_160/trial_06/metrics.json
654	2026-07-28T15:30:19.0000000000+0900	molgap-pcqm-route-b/search/outputs/50k/gps11_160/trial_06/progress.json
285	2026-07-28T15:34:07.0000000000+0900	molgap-pcqm-route-b/search/outputs/50k/gps11_160/trial_07/completion_manifest.json
3233	2026-07-28T15:34:07.0000000000+0900	molgap-pcqm-route-b/search/outputs/50k/gps11_160/trial_07/metrics.json
654	2026-07-28T15:34:06.0000000000+0900	molgap-pcqm-route-b/search/outputs/50k/gps11_160/trial_07/progress.json
285	2026-07-28T15:47:38.0000000000+0900	molgap-pcqm-route-b/search/outputs/50k/gps11_160/trial_08/completion_manifest.json
6076	2026-07-28T15:47:38.0000000000+0900	molgap-pcqm-route-b/search/outputs/50k/gps11_160/trial_08/metrics.json
656	2026-07-28T15:47:38.0000000000+0900	molgap-pcqm-route-b/search/outputs/50k/gps11_160/trial_08/progress.json
285	2026-07-28T15:55:20.0000000000+0900	molgap-pcqm-route-b/search/outputs/50k/gps11_160/trial_09/completion_manifest.json
6350	2026-07-28T15:55:20.0000000000+0900	molgap-pcqm-route-b/search/outputs/50k/gps11_160/trial_09/metrics.json
656	2026-07-28T15:55:19.0000000000+0900	molgap-pcqm-route-b/search/outputs/50k/gps11_160/trial_09/progress.json
285	2026-07-28T15:58:27.0000000000+0900	molgap-pcqm-route-b/search/outputs/50k/gps11_160/trial_10/completion_manifest.json
3231	2026-07-28T15:58:27.0000000000+0900	molgap-pcqm-route-b/search/outputs/50k/gps11_160/trial_10/metrics.json
654	2026-07-28T15:58:27.0000000000+0900	molgap-pcqm-route-b/search/outputs/50k/gps11_160/trial_10/progress.json
285	2026-07-28T16:08:22.0000000000+0900	molgap-pcqm-route-b/search/outputs/50k/gps11_160/trial_11/completion_manifest.json
4785	2026-07-28T16:08:22.0000000000+0900	molgap-pcqm-route-b/search/outputs/50k/gps11_160/trial_11/metrics.json
657	2026-07-28T16:08:22.0000000000+0900	molgap-pcqm-route-b/search/outputs/50k/gps11_160/trial_11/progress.json
4381	2026-07-28T15:51:31.0000000000+0900	molgap-pcqm-route-b/search/outputs/50k/gps9/summary.json
285	2026-07-28T14:27:46.0000000000+0900	molgap-pcqm-route-b/search/outputs/50k/gps9/trial_00/completion_manifest.json
6374	2026-07-28T14:27:46.0000000000+0900	molgap-pcqm-route-b/search/outputs/50k/gps9/trial_00/metrics.json
651	2026-07-28T14:27:46.0000000000+0900	molgap-pcqm-route-b/search/outputs/50k/gps9/trial_00/progress.json
285	2026-07-28T14:36:24.0000000000+0900	molgap-pcqm-route-b/search/outputs/50k/gps9/trial_01/completion_manifest.json
6347	2026-07-28T14:36:24.0000000000+0900	molgap-pcqm-route-b/search/outputs/50k/gps9/trial_01/metrics.json
652	2026-07-28T14:36:23.0000000000+0900	molgap-pcqm-route-b/search/outputs/50k/gps9/trial_01/progress.json
285	2026-07-28T14:45:05.0000000000+0900	molgap-pcqm-route-b/search/outputs/50k/gps9/trial_02/completion_manifest.json
6353	2026-07-28T14:45:04.0000000000+0900	molgap-pcqm-route-b/search/outputs/50k/gps9/trial_02/metrics.json
654	2026-07-28T14:45:04.0000000000+0900	molgap-pcqm-route-b/search/outputs/50k/gps9/trial_02/progress.json
285	2026-07-28T14:51:35.0000000000+0900	molgap-pcqm-route-b/search/outputs/50k/gps9/trial_03/completion_manifest.json
5047	2026-07-28T14:51:35.0000000000+0900	molgap-pcqm-route-b/search/outputs/50k/gps9/trial_03/metrics.json
652	2026-07-28T14:51:35.0000000000+0900	molgap-pcqm-route-b/search/outputs/50k/gps9/trial_03/progress.json
285	2026-07-28T15:00:11.0000000000+0900	molgap-pcqm-route-b/search/outputs/50k/gps9/trial_04/completion_manifest.json
6343	2026-07-28T15:00:11.0000000000+0900	molgap-pcqm-route-b/search/outputs/50k/gps9/trial_04/metrics.json
652	2026-07-28T15:00:11.0000000000+0900	molgap-pcqm-route-b/search/outputs/50k/gps9/trial_04/progress.json
285	2026-07-28T15:04:25.0000000000+0900	molgap-pcqm-route-b/search/outputs/50k/gps9/trial_05/completion_manifest.json
3741	2026-07-28T15:04:25.0000000000+0900	molgap-pcqm-route-b/search/outputs/50k/gps9/trial_05/metrics.json
648	2026-07-28T15:04:25.0000000000+0900	molgap-pcqm-route-b/search/outputs/50k/gps9/trial_05/progress.json
285	2026-07-28T15:12:59.0000000000+0900	molgap-pcqm-route-b/search/outputs/50k/gps9/trial_06/completion_manifest.json
6344	2026-07-28T15:12:59.0000000000+0900	molgap-pcqm-route-b/search/outputs/50k/gps9/trial_06/metrics.json
651	2026-07-28T15:12:59.0000000000+0900	molgap-pcqm-route-b/search/outputs/50k/gps9/trial_06/progress.json
285	2026-07-28T15:19:22.0000000000+0900	molgap-pcqm-route-b/search/outputs/50k/gps9/trial_07/completion_manifest.json
5047	2026-07-28T15:19:22.0000000000+0900	molgap-pcqm-route-b/search/outputs/50k/gps9/trial_07/metrics.json
652	2026-07-28T15:19:21.0000000000+0900	molgap-pcqm-route-b/search/outputs/50k/gps9/trial_07/progress.json
285	2026-07-28T15:30:02.0000000000+0900	molgap-pcqm-route-b/search/outputs/50k/gps9/trial_08/completion_manifest.json
5546	2026-07-28T15:30:02.0000000000+0900	molgap-pcqm-route-b/search/outputs/50k/gps9/trial_08/metrics.json
650	2026-07-28T15:30:01.0000000000+0900	molgap-pcqm-route-b/search/outputs/50k/gps9/trial_08/progress.json
285	2026-07-28T15:33:38.0000000000+0900	molgap-pcqm-route-b/search/outputs/50k/gps9/trial_09/completion_manifest.json
3754	2026-07-28T15:33:38.0000000000+0900	molgap-pcqm-route-b/search/outputs/50k/gps9/trial_09/metrics.json
650	2026-07-28T15:33:38.0000000000+0900	molgap-pcqm-route-b/search/outputs/50k/gps9/trial_09/progress.json
285	2026-07-28T15:41:00.0000000000+0900	molgap-pcqm-route-b/search/outputs/50k/gps9/trial_10/completion_manifest.json
6331	2026-07-28T15:41:00.0000000000+0900	molgap-pcqm-route-b/search/outputs/50k/gps9/trial_10/metrics.json
651	2026-07-28T15:40:59.0000000000+0900	molgap-pcqm-route-b/search/outputs/50k/gps9/trial_10/progress.json
285	2026-07-28T15:51:31.0000000000+0900	molgap-pcqm-route-b/search/outputs/50k/gps9/trial_11/completion_manifest.json
5563	2026-07-28T15:51:31.0000000000+0900	molgap-pcqm-route-b/search/outputs/50k/gps9/trial_11/metrics.json
653	2026-07-28T15:51:31.0000000000+0900	molgap-pcqm-route-b/search/outputs/50k/gps9/trial_11/progress.json
4397	2026-07-28T16:06:37.0000000000+0900	molgap-pcqm-route-b/search/outputs/50k/primary_schnet/summary.json
285	2026-07-28T14:42:02.0000000000+0900	molgap-pcqm-route-b/search/outputs/50k/primary_schnet/trial_00/completion_manifest.json
6523	2026-07-28T14:42:02.0000000000+0900	molgap-pcqm-route-b/search/outputs/50k/primary_schnet/trial_00/metrics.json
661	2026-07-28T14:42:02.0000000000+0900	molgap-pcqm-route-b/search/outputs/50k/primary_schnet/trial_00/progress.json
285	2026-07-28T14:49:22.0000000000+0900	molgap-pcqm-route-b/search/outputs/50k/primary_schnet/trial_01/completion_manifest.json
6465	2026-07-28T14:49:22.0000000000+0900	molgap-pcqm-route-b/search/outputs/50k/primary_schnet/trial_01/metrics.json
662	2026-07-28T14:49:22.0000000000+0900	molgap-pcqm-route-b/search/outputs/50k/primary_schnet/trial_01/progress.json
285	2026-07-28T14:56:43.0000000000+0900	molgap-pcqm-route-b/search/outputs/50k/primary_schnet/trial_02/completion_manifest.json
6477	2026-07-28T14:56:43.0000000000+0900	molgap-pcqm-route-b/search/outputs/50k/primary_schnet/trial_02/metrics.json
661	2026-07-28T14:56:43.0000000000+0900	molgap-pcqm-route-b/search/outputs/50k/primary_schnet/trial_02/progress.json
285	2026-07-28T15:04:05.0000000000+0900	molgap-pcqm-route-b/search/outputs/50k/primary_schnet/trial_03/completion_manifest.json
6478	2026-07-28T15:04:05.0000000000+0900	molgap-pcqm-route-b/search/outputs/50k/primary_schnet/trial_03/metrics.json
662	2026-07-28T15:04:05.0000000000+0900	molgap-pcqm-route-b/search/outputs/50k/primary_schnet/trial_03/progress.json
285	2026-07-28T15:11:27.0000000000+0900	molgap-pcqm-route-b/search/outputs/50k/primary_schnet/trial_04/completion_manifest.json
6481	2026-07-28T15:11:27.0000000000+0900	molgap-pcqm-route-b/search/outputs/50k/primary_schnet/trial_04/metrics.json
662	2026-07-28T15:11:27.0000000000+0900	molgap-pcqm-route-b/search/outputs/50k/primary_schnet/trial_04/progress.json
285	2026-07-28T15:18:49.0000000000+0900	molgap-pcqm-route-b/search/outputs/50k/primary_schnet/trial_05/completion_manifest.json
6483	2026-07-28T15:18:49.0000000000+0900	molgap-pcqm-route-b/search/outputs/50k/primary_schnet/trial_05/metrics.json
663	2026-07-28T15:18:49.0000000000+0900	molgap-pcqm-route-b/search/outputs/50k/primary_schnet/trial_05/progress.json
285	2026-07-28T15:26:12.0000000000+0900	molgap-pcqm-route-b/search/outputs/50k/primary_schnet/trial_06/completion_manifest.json
6482	2026-07-28T15:26:12.0000000000+0900	molgap-pcqm-route-b/search/outputs/50k/primary_schnet/trial_06/metrics.json
660	2026-07-28T15:26:12.0000000000+0900	molgap-pcqm-route-b/search/outputs/50k/primary_schnet/trial_06/progress.json
285	2026-07-28T15:33:31.0000000000+0900	molgap-pcqm-route-b/search/outputs/50k/primary_schnet/trial_07/completion_manifest.json
6474	2026-07-28T15:33:31.0000000000+0900	molgap-pcqm-route-b/search/outputs/50k/primary_schnet/trial_07/metrics.json
660	2026-07-28T15:33:31.0000000000+0900	molgap-pcqm-route-b/search/outputs/50k/primary_schnet/trial_07/progress.json
285	2026-07-28T15:43:22.0000000000+0900	molgap-pcqm-route-b/search/outputs/50k/primary_schnet/trial_08/completion_manifest.json
6491	2026-07-28T15:43:22.0000000000+0900	molgap-pcqm-route-b/search/outputs/50k/primary_schnet/trial_08/metrics.json
660	2026-07-28T15:43:22.0000000000+0900	molgap-pcqm-route-b/search/outputs/50k/primary_schnet/trial_08/progress.json
285	2026-07-28T15:50:11.0000000000+0900	molgap-pcqm-route-b/search/outputs/50k/primary_schnet/trial_09/completion_manifest.json
6491	2026-07-28T15:50:11.0000000000+0900	molgap-pcqm-route-b/search/outputs/50k/primary_schnet/trial_09/metrics.json
660	2026-07-28T15:50:11.0000000000+0900	molgap-pcqm-route-b/search/outputs/50k/primary_schnet/trial_09/progress.json
285	2026-07-28T15:57:02.0000000000+0900	molgap-pcqm-route-b/search/outputs/50k/primary_schnet/trial_10/completion_manifest.json
6485	2026-07-28T15:57:02.0000000000+0900	molgap-pcqm-route-b/search/outputs/50k/primary_schnet/trial_10/metrics.json
661	2026-07-28T15:57:02.0000000000+0900	molgap-pcqm-route-b/search/outputs/50k/primary_schnet/trial_10/progress.json
285	2026-07-28T16:06:37.0000000000+0900	molgap-pcqm-route-b/search/outputs/50k/primary_schnet/trial_11/completion_manifest.json
6486	2026-07-28T16:06:37.0000000000+0900	molgap-pcqm-route-b/search/outputs/50k/primary_schnet/trial_11/metrics.json
660	2026-07-28T16:06:37.0000000000+0900	molgap-pcqm-route-b/search/outputs/50k/primary_schnet/trial_11/progress.json
4393	2026-07-28T14:18:40.0000000000+0900	molgap-pcqm-route-b/search/preflight.json
13852	2026-07-28T14:02:44.0000000000+0900	molgap-pcqm-route-b/search/subsets/manifest.json
67921	2026-07-29T14:39:57.0000000000+0900	molgap-pcqm-route-b/staged_tuned_gps9_scnet_20260729/outputs_tuned/gps9/completion_manifest.json
104132	2026-07-29T14:39:55.0000000000+0900	molgap-pcqm-route-b/staged_tuned_gps9_scnet_20260729/outputs_tuned/gps9/embeddings/manifest.json
120587	2026-07-29T14:39:55.0000000000+0900	molgap-pcqm-route-b/staged_tuned_gps9_scnet_20260729/outputs_tuned/gps9/metrics.json
161	2026-07-29T14:33:56.0000000000+0900	molgap-pcqm-route-b/staged_tuned_gps9_scnet_20260729/outputs_tuned/gps9/progress.json
630	2026-07-29T14:55:02.0000000000+0900	molgap-pcqm-route-b/staged_tuned_gps9_scnet_20260729/outputs_tuned/gps9/single_encoder_acceptance.json
404	2026-07-29T13:28:38.0000000000+0900	molgap-pcqm-route-b/staged_tuned_gps9_scnet_20260729/preflight/gps9_resume_contract.json
1291	2026-07-29T12:29:35.0000000000+0900	molgap-pcqm-route-b/staged_tuned_gps9_scnet_20260729/search_winners/gps9.json
1043	2026-07-27T21:27:17.0000000000+0900	molgap-phase8-secondary/build_shard.pbs
8694	2026-07-27T21:27:07.0000000000+0900	molgap-phase8-secondary/code/src/molgap/etkdg_array.py
41832	2026-07-27T15:27:12.0000000000+0900	molgap-phase8-secondary/code/src/molgap/repaired_2m_3d_colab.py
4404	2026-07-27T15:27:13.0000000000+0900	molgap-phase8-secondary/code/src/molgap/schnet.py
96	2026-07-27T21:30:06.0000000000+0900	molgap-phase8-secondary/environment.json
184030	2026-07-27T21:35:33.0000000000+0900	molgap-phase8-secondary/input/manifest.json
1105	2026-07-27T21:27:17.0000000000+0900	molgap-phase8-secondary/setup_env.pbs
5098	2026-07-30T15:26:46.0000000000+0900	molgap-repaired-2m-3d/code/experiments/preflight_hierarchical_2d3d_fusion.py
595	2026-08-24T15:27:30.0000000000+0900	molgap-repaired-2m-3d/code/experiments/pubchemqc100k_architecture/accept_pair_gps_2d_cache.py
1226	2026-08-25T09:05:01.0000000000+0900	molgap-repaired-2m-3d/code/experiments/pubchemqc100k_architecture/benchmark_pair_gps_2d_a100.py
828	2026-08-24T15:27:30.0000000000+0900	molgap-repaired-2m-3d/code/experiments/pubchemqc100k_architecture/build_pair_gps_2d_cache.py
1033	2026-08-24T16:35:09.0000000000+0900	molgap-repaired-2m-3d/code/experiments/pubchemqc100k_architecture/evaluate_gps7_gps9_equal_validation.py
1572	2026-08-24T16:35:00.0000000000+0900	molgap-repaired-2m-3d/code/experiments/pubchemqc100k_architecture/train_pair_gps_2d_screen.py
619	2026-08-23T15:53:52.0000000000+0900	molgap-repaired-2m-3d/code/experiments/pubchemqc_pair_gps_2d/accept_cache.py
958	2026-08-23T15:53:52.0000000000+0900	molgap-repaired-2m-3d/code/experiments/pubchemqc_pair_gps_2d/build_cache.py
692	2026-08-24T02:46:51.0000000000+0900	molgap-repaired-2m-3d/code/experiments/pubchemqc_pair_gps_2d/preflight.py
1607	2026-08-24T02:46:46.0000000000+0900	molgap-repaired-2m-3d/code/experiments/pubchemqc_pair_gps_2d/train.py
15018	2026-07-30T15:20:19.0000000000+0900	molgap-repaired-2m-3d/code/experiments/train_hierarchical_2d3d_fusion.py
744	2026-07-28T22:31:01.0000000000+0900	molgap-repaired-2m-3d/code/platforms/ims/repaired_2m_3d/accept_embeddings.pbs
812	2026-08-23T15:53:52.0000000000+0900	molgap-repaired-2m-3d/code/platforms/ims/repaired_2m_3d/accept_pair_gps_2d_cache.pbs
1690	2026-08-25T09:05:09.0000000000+0900	molgap-repaired-2m-3d/code/platforms/ims/repaired_2m_3d/benchmark_pair_gps_2d_a100.pbs
1165	2026-08-24T15:27:35.0000000000+0900	molgap-repaired-2m-3d/code/platforms/ims/repaired_2m_3d/build_pair_gps_2d_100k_cache.pbs
1111	2026-08-23T15:53:52.0000000000+0900	molgap-repaired-2m-3d/code/platforms/ims/repaired_2m_3d/build_pair_gps_2d_cache.pbs
816	2026-07-28T22:31:01.0000000000+0900	molgap-repaired-2m-3d/code/platforms/ims/repaired_2m_3d/export_embeddings.pbs
1206	2026-07-30T15:20:19.0000000000+0900	molgap-repaired-2m-3d/code/platforms/ims/repaired_2m_3d/preflight_hierarchical_fusion_cpu.pbs
869	2026-08-23T15:53:52.0000000000+0900	molgap-repaired-2m-3d/code/platforms/ims/repaired_2m_3d/preflight_pair_gps_2d.pbs
897	2026-08-24T02:46:56.0000000000+0900	molgap-repaired-2m-3d/code/platforms/ims/repaired_2m_3d/preflight_pair_gps_2d_v2.pbs
880	2026-08-24T02:53:12.0000000000+0900	molgap-repaired-2m-3d/code/platforms/ims/repaired_2m_3d/preflight_pair_gps_2d_v3.pbs
880	2026-08-24T02:56:44.0000000000+0900	molgap-repaired-2m-3d/code/platforms/ims/repaired_2m_3d/preflight_pair_gps_2d_v4.pbs
838	2026-07-28T22:19:22.0000000000+0900	molgap-repaired-2m-3d/code/platforms/ims/repaired_2m_3d/preflight_schnet.pbs
692	2026-07-29T23:51:04.0000000000+0900	molgap-repaired-2m-3d/code/platforms/ims/repaired_2m_3d/preflight_schnet_stable.pbs
2746	2026-07-29T23:51:04.0000000000+0900	molgap-repaired-2m-3d/code/platforms/ims/repaired_2m_3d/run_schnet.py
1411	2026-07-30T15:20:19.0000000000+0900	molgap-repaired-2m-3d/code/platforms/ims/repaired_2m_3d/train_hierarchical_fusion_cpu.pbs
1020	2026-08-23T15:53:52.0000000000+0900	molgap-repaired-2m-3d/code/platforms/ims/repaired_2m_3d/train_pair_gps_2d.pbs
2365	2026-08-24T16:35:14.0000000000+0900	molgap-repaired-2m-3d/code/platforms/ims/repaired_2m_3d/train_pair_gps_2d_100k_search.pbs
1118	2026-08-24T02:47:00.0000000000+0900	molgap-repaired-2m-3d/code/platforms/ims/repaired_2m_3d/train_pair_gps_2d_v2.pbs
1079	2026-08-24T02:59:22.0000000000+0900	molgap-repaired-2m-3d/code/platforms/ims/repaired_2m_3d/train_pair_gps_2d_v4.pbs
867	2026-07-28T22:19:22.0000000000+0900	molgap-repaired-2m-3d/code/platforms/ims/repaired_2m_3d/train_schnet.pbs
959	2026-07-29T23:51:04.0000000000+0900	molgap-repaired-2m-3d/code/platforms/ims/repaired_2m_3d/train_schnet_stable.pbs
11146	2026-07-30T15:26:47.0000000000+0900	molgap-repaired-2m-3d/code/src/molgap/constants.py
4199	2026-08-24T15:43:03.0000000000+0900	molgap-repaired-2m-3d/code/src/molgap/gps.py
13118	2026-07-30T15:08:59.0000000000+0900	molgap-repaired-2m-3d/code/src/molgap/hierarchical_fusion.py
19071	2026-07-30T15:09:00.0000000000+0900	molgap-repaired-2m-3d/code/src/molgap/multi2d_router_fusion.py
13418	2026-08-23T16:13:09.0000000000+0900	molgap-repaired-2m-3d/code/src/molgap/pair_gps_2d.py
2860	2026-07-29T11:50:56.0000000000+0900	molgap-repaired-2m-3d/code/src/molgap/portable_radius.py
45539	2026-08-24T02:53:08.0000000000+0900	molgap-repaired-2m-3d/code/src/molgap/pubchemqc_pair_gps_2d.py
12406	2026-08-25T09:04:56.0000000000+0900	molgap-repaired-2m-3d/code/src/molgap/pubchemqc_pair_gps_2d_benchmark.py
28209	2026-08-24T16:34:55.0000000000+0900	molgap-repaired-2m-3d/code/src/molgap/pubchemqc_pair_gps_2d_screen.py
51030	2026-07-28T22:19:16.0000000000+0900	molgap-repaired-2m-3d/code/src/molgap/repaired_2m_3d_colab.py
24115	2026-07-29T23:50:59.0000000000+0900	molgap-repaired-2m-3d/code/src/molgap/repaired_2m_schnet.py
20640	2026-07-30T15:09:00.0000000000+0900	molgap-repaired-2m-3d/code/src/molgap/router.py
4967	2026-07-28T22:19:16.0000000000+0900	molgap-repaired-2m-3d/code/src/molgap/schnet.py
21604	2026-07-30T15:09:00.0000000000+0900	molgap-repaired-2m-3d/code/src/molgap/utils.py
1188	2026-08-24T13:44:21.0000000000+0900	molgap-repaired-2m-3d/colab_handoff/conservative_2d3d_fusion_r1/experiments/resource_bounded_architecture/build_conservative_fusion_payload.py
41822	2026-08-24T14:11:09.0000000000+0900	molgap-repaired-2m-3d/colab_handoff/conservative_2d3d_fusion_r1/payload/training_manifest.json
1666	2026-08-24T14:08:22.0000000000+0900	molgap-repaired-2m-3d/colab_handoff/conservative_2d3d_fusion_r1/platforms/ims/repaired_2m_3d/stage_conservative_colab_payload_cpu.pbs
1398	2026-07-31T23:47:53.0000000000+0900	molgap-repaired-2m-3d/colab_handoff/conservative_2d3d_fusion_r1/src/molgap/__init__.py
16999	2026-08-24T13:19:37.0000000000+0900	molgap-repaired-2m-3d/colab_handoff/conservative_2d3d_fusion_r1/src/molgap/architecture_screen_acceptance.py
515	2026-07-17T02:10:25.0000000000+0900	molgap-repaired-2m-3d/colab_handoff/conservative_2d3d_fusion_r1/src/molgap/archive/README.md
62	2026-07-15T19:23:53.0000000000+0900	molgap-repaired-2m-3d/colab_handoff/conservative_2d3d_fusion_r1/src/molgap/archive/__init__.py
74	2026-07-16T13:37:24.0000000000+0900	molgap-repaired-2m-3d/colab_handoff/conservative_2d3d_fusion_r1/src/molgap/archive/phase8_r01_router/__init__.py
3973	2026-07-14T16:48:49.0000000000+0900	molgap-repaired-2m-3d/colab_handoff/conservative_2d3d_fusion_r1/src/molgap/archive/phase8_r01_router/late_blend.py
10610	2026-07-14T16:03:13.0000000000+0900	molgap-repaired-2m-3d/colab_handoff/conservative_2d3d_fusion_r1/src/molgap/archive/phase8_r01_router/router_training.py
247	2026-07-16T13:37:52.0000000000+0900	molgap-repaired-2m-3d/colab_handoff/conservative_2d3d_fusion_r1/src/molgap/archive/phase8_r03_three_expert/__init__.py
4665	2026-07-16T13:57:55.0000000000+0900	molgap-repaired-2m-3d/colab_handoff/conservative_2d3d_fusion_r1/src/molgap/archive/phase8_r03_three_expert/hetero_moe.py
2126	2026-07-16T13:37:52.0000000000+0900	molgap-repaired-2m-3d/colab_handoff/conservative_2d3d_fusion_r1/src/molgap/archive/phase8_r03_three_expert/losses.py
5833	2026-07-16T13:37:52.0000000000+0900	molgap-repaired-2m-3d/colab_handoff/conservative_2d3d_fusion_r1/src/molgap/archive/phase8_r03_three_expert/router_training.py
2575	2026-07-15T16:52:30.0000000000+0900	molgap-repaired-2m-3d/colab_handoff/conservative_2d3d_fusion_r1/src/molgap/archive/phase8_r03_three_expert/target_router.py
289	2026-07-16T14:01:15.0000000000+0900	molgap-repaired-2m-3d/colab_handoff/conservative_2d3d_fusion_r1/src/molgap/archive/phase8_r04_static_dual2d/__init__.py
5742	2026-07-16T13:37:24.0000000000+0900	molgap-repaired-2m-3d/colab_handoff/conservative_2d3d_fusion_r1/src/molgap/archive/phase8_r04_static_dual2d/data.py
834	2026-07-15T15:25:11.0000000000+0900	molgap-repaired-2m-3d/colab_handoff/conservative_2d3d_fusion_r1/src/molgap/archive/phase8_r04_static_dual2d/diagnostics.py
2369	2026-07-15T18:37:48.0000000000+0900	molgap-repaired-2m-3d/colab_handoff/conservative_2d3d_fusion_r1/src/molgap/archive/phase8_r04_static_dual2d/dual2d.py
6474	2026-07-16T14:01:15.0000000000+0900	molgap-repaired-2m-3d/colab_handoff/conservative_2d3d_fusion_r1/src/molgap/archive/phase8_r04_static_dual2d/dual2d_training.py
3014	2026-07-15T16:47:40.0000000000+0900	molgap-repaired-2m-3d/colab_handoff/conservative_2d3d_fusion_r1/src/molgap/archive/phase8_r04_static_dual2d/evaluation.py
3791	2026-07-16T13:53:06.0000000000+0900	molgap-repaired-2m-3d/colab_handoff/conservative_2d3d_fusion_r1/src/molgap/archive/phase8_r04_static_dual2d/external_eval.py
2306	2026-07-16T13:37:24.0000000000+0900	molgap-repaired-2m-3d/colab_handoff/conservative_2d3d_fusion_r1/src/molgap/archive/phase8_r04_static_dual2d/local_gine.py
603	2026-07-16T14:01:15.0000000000+0900	molgap-repaired-2m-3d/colab_handoff/conservative_2d3d_fusion_r1/src/molgap/archive/phase8_r04_static_dual2d/models.py
7190	2026-07-16T13:37:24.0000000000+0900	molgap-repaired-2m-3d/colab_handoff/conservative_2d3d_fusion_r1/src/molgap/archive/phase8_r04_static_dual2d/training.py
58	2026-07-16T15:24:20.0000000000+0900	molgap-repaired-2m-3d/colab_handoff/conservative_2d3d_fusion_r1/src/molgap/archive/phase8_r05_physics_consistency/__init__.py
1399	2026-07-16T15:24:20.0000000000+0900	molgap-repaired-2m-3d/colab_handoff/conservative_2d3d_fusion_r1/src/molgap/archive/phase8_r05_physics_consistency/fusion.py
70	2026-07-17T02:10:25.0000000000+0900	molgap-repaired-2m-3d/colab_handoff/conservative_2d3d_fusion_r1/src/molgap/archive/phase8_r06_structural_gps_adapter/__init__.py
3145	2026-07-17T02:10:25.0000000000+0900	molgap-repaired-2m-3d/colab_handoff/conservative_2d3d_fusion_r1/src/molgap/archive/phase8_r06_structural_gps_adapter/structural_features.py
33197	2026-07-28T14:05:05.0000000000+0900	molgap-repaired-2m-3d/colab_handoff/conservative_2d3d_fusion_r1/src/molgap/artifact_acceptance.py
21285	2026-07-26T13:11:33.0000000000+0900	molgap-repaired-2m-3d/colab_handoff/conservative_2d3d_fusion_r1/src/molgap/conformer_ab.py
12957	2026-08-24T13:45:14.0000000000+0900	molgap-repaired-2m-3d/colab_handoff/conservative_2d3d_fusion_r1/src/molgap/conservative_fusion_payload.py
13422	2026-07-31T23:47:53.0000000000+0900	molgap-repaired-2m-3d/colab_handoff/conservative_2d3d_fusion_r1/src/molgap/constants.py
34433	2026-07-23T23:47:24.0000000000+0900	molgap-repaired-2m-3d/colab_handoff/conservative_2d3d_fusion_r1/src/molgap/data_repair.py
14498	2026-07-23T01:04:34.0000000000+0900	molgap-repaired-2m-3d/colab_handoff/conservative_2d3d_fusion_r1/src/molgap/distillation.py
3898	2026-07-31T19:47:20.0000000000+0900	molgap-repaired-2m-3d/colab_handoff/conservative_2d3d_fusion_r1/src/molgap/egnn.py
6716	2026-07-25T16:32:05.0000000000+0900	molgap-repaired-2m-3d/colab_handoff/conservative_2d3d_fusion_r1/src/molgap/ensemble_evaluation.py
8694	2026-07-27T21:25:37.0000000000+0900	molgap-repaired-2m-3d/colab_handoff/conservative_2d3d_fusion_r1/src/molgap/etkdg_array.py
23791	2026-07-27T15:34:37.0000000000+0900	molgap-repaired-2m-3d/colab_handoff/conservative_2d3d_fusion_r1/src/molgap/experiment_db.py
8467	2026-07-24T21:18:28.0000000000+0900	molgap-repaired-2m-3d/colab_handoff/conservative_2d3d_fusion_r1/src/molgap/fusion.py
15513	2026-07-23T22:47:26.0000000000+0900	molgap-repaired-2m-3d/colab_handoff/conservative_2d3d_fusion_r1/src/molgap/gap_specialization.py
5305	2026-07-28T16:30:55.0000000000+0900	molgap-repaired-2m-3d/colab_handoff/conservative_2d3d_fusion_r1/src/molgap/geometry_features.py
2257	2026-07-24T15:43:30.0000000000+0900	molgap-repaired-2m-3d/colab_handoff/conservative_2d3d_fusion_r1/src/molgap/gine.py
9429	2026-08-24T13:02:18.0000000000+0900	molgap-repaired-2m-3d/colab_handoff/conservative_2d3d_fusion_r1/src/molgap/gps.py
8453	2026-07-17T02:10:25.0000000000+0900	molgap-repaired-2m-3d/colab_handoff/conservative_2d3d_fusion_r1/src/molgap/graphs.py
14363	2026-08-24T13:16:01.0000000000+0900	molgap-repaired-2m-3d/colab_handoff/conservative_2d3d_fusion_r1/src/molgap/hierarchical_external_eval.py
25965	2026-08-24T13:09:28.0000000000+0900	molgap-repaired-2m-3d/colab_handoff/conservative_2d3d_fusion_r1/src/molgap/hierarchical_fusion.py
5855	2026-07-25T02:18:55.0000000000+0900	molgap-repaired-2m-3d/colab_handoff/conservative_2d3d_fusion_r1/src/molgap/hierarchical_oracle.py
1697	2026-06-25T23:06:44.0000000000+0900	molgap-repaired-2m-3d/colab_handoff/conservative_2d3d_fusion_r1/src/molgap/hybrid.py
39094	2026-07-31T23:47:53.0000000000+0900	molgap-repaired-2m-3d/colab_handoff/conservative_2d3d_fusion_r1/src/molgap/inference.py
16094	2026-07-31T23:47:53.0000000000+0900	molgap-repaired-2m-3d/colab_handoff/conservative_2d3d_fusion_r1/src/molgap/inference_benchmark.py
4461	2026-07-23T03:21:31.0000000000+0900	molgap-repaired-2m-3d/colab_handoff/conservative_2d3d_fusion_r1/src/molgap/late_router.py
9273	2026-07-31T23:47:53.0000000000+0900	molgap-repaired-2m-3d/colab_handoff/conservative_2d3d_fusion_r1/src/molgap/model_reporting.py
11762	2026-07-23T13:54:59.0000000000+0900	molgap-repaired-2m-3d/colab_handoff/conservative_2d3d_fusion_r1/src/molgap/multi2d.py
20731	2026-07-22T13:20:42.0000000000+0900	molgap-repaired-2m-3d/colab_handoff/conservative_2d3d_fusion_r1/src/molgap/multi2d_data.py
19071	2026-07-26T15:44:34.0000000000+0900	molgap-repaired-2m-3d/colab_handoff/conservative_2d3d_fusion_r1/src/molgap/multi2d_router_fusion.py
8209	2026-07-27T18:02:09.0000000000+0900	molgap-repaired-2m-3d/colab_handoff/conservative_2d3d_fusion_r1/src/molgap/oof_planning.py
45294	2026-07-26T17:26:42.0000000000+0900	molgap-repaired-2m-3d/colab_handoff/conservative_2d3d_fusion_r1/src/molgap/pcqm_expert.py
9808	2026-07-26T23:28:17.0000000000+0900	molgap-repaired-2m-3d/colab_handoff/conservative_2d3d_fusion_r1/src/molgap/pcqm_route_b.py
6051	2026-07-29T14:52:56.0000000000+0900	molgap-repaired-2m-3d/colab_handoff/conservative_2d3d_fusion_r1/src/molgap/pcqm_route_b_acceptance.py
18895	2026-07-29T16:43:07.0000000000+0900	molgap-repaired-2m-3d/colab_handoff/conservative_2d3d_fusion_r1/src/molgap/pcqm_route_b_evaluation.py
31252	2026-07-29T15:14:10.0000000000+0900	molgap-repaired-2m-3d/colab_handoff/conservative_2d3d_fusion_r1/src/molgap/pcqm_route_b_fusion.py
32115	2026-07-28T14:04:04.0000000000+0900	molgap-repaired-2m-3d/colab_handoff/conservative_2d3d_fusion_r1/src/molgap/pcqm_route_b_search.py
27735	2026-07-28T23:36:15.0000000000+0900	molgap-repaired-2m-3d/colab_handoff/conservative_2d3d_fusion_r1/src/molgap/pcqm_route_b_training.py
2860	2026-07-28T00:04:27.0000000000+0900	molgap-repaired-2m-3d/colab_handoff/conservative_2d3d_fusion_r1/src/molgap/portable_radius.py
15192	2026-08-04T15:54:26.0000000000+0900	molgap-repaired-2m-3d/colab_handoff/conservative_2d3d_fusion_r1/src/molgap/presentation_figures.py
8270	2026-07-16T13:41:55.0000000000+0900	molgap-repaired-2m-3d/colab_handoff/conservative_2d3d_fusion_r1/src/molgap/pubchemqc.py
14163	2026-07-25T14:27:37.0000000000+0900	molgap-repaired-2m-3d/colab_handoff/conservative_2d3d_fusion_r1/src/molgap/pubchemqc_architecture.py
10199	2026-07-24T21:38:51.0000000000+0900	molgap-repaired-2m-3d/colab_handoff/conservative_2d3d_fusion_r1/src/molgap/qm9_conformer.py
17123	2026-07-24T22:17:12.0000000000+0900	molgap-repaired-2m-3d/colab_handoff/conservative_2d3d_fusion_r1/src/molgap/qm9_fusion.py
7770	2026-07-24T21:31:41.0000000000+0900	molgap-repaired-2m-3d/colab_handoff/conservative_2d3d_fusion_r1/src/molgap/qm9_payloads.py
31263	2026-07-28T17:19:50.0000000000+0900	molgap-repaired-2m-3d/colab_handoff/conservative_2d3d_fusion_r1/src/molgap/qm9_screen.py
51030	2026-07-27T21:33:54.0000000000+0900	molgap-repaired-2m-3d/colab_handoff/conservative_2d3d_fusion_r1/src/molgap/repaired_2m_3d_colab.py
33314	2026-07-30T14:45:51.0000000000+0900	molgap-repaired-2m-3d/colab_handoff/conservative_2d3d_fusion_r1/src/molgap/repaired_2m_schnet.py
8874	2026-07-23T14:37:33.0000000000+0900	molgap-repaired-2m-3d/colab_handoff/conservative_2d3d_fusion_r1/src/molgap/residual_attribution.py
2184	2026-07-23T15:09:41.0000000000+0900	molgap-repaired-2m-3d/colab_handoff/conservative_2d3d_fusion_r1/src/molgap/retention.py
14182	2026-07-25T21:02:26.0000000000+0900	molgap-repaired-2m-3d/colab_handoff/conservative_2d3d_fusion_r1/src/molgap/route_b_fusion.py
20640	2026-07-14T14:17:02.0000000000+0900	molgap-repaired-2m-3d/colab_handoff/conservative_2d3d_fusion_r1/src/molgap/router.py
2808	2026-07-14T15:29:02.0000000000+0900	molgap-repaired-2m-3d/colab_handoff/conservative_2d3d_fusion_r1/src/molgap/router_sampling.py
4967	2026-07-28T16:30:55.0000000000+0900	molgap-repaired-2m-3d/colab_handoff/conservative_2d3d_fusion_r1/src/molgap/schnet.py
4262	2026-07-17T16:33:54.0000000000+0900	molgap-repaired-2m-3d/colab_handoff/conservative_2d3d_fusion_r1/src/molgap/schnetpack.py
6363	2026-08-24T03:13:13.0000000000+0900	molgap-repaired-2m-3d/colab_handoff/conservative_2d3d_fusion_r1/src/molgap/structural_encoding.py
15032	2026-06-16T17:42:19.0000000000+0900	molgap-repaired-2m-3d/colab_handoff/conservative_2d3d_fusion_r1/src/molgap/tensornet.py
21604	2026-07-27T15:31:39.0000000000+0900	molgap-repaired-2m-3d/colab_handoff/conservative_2d3d_fusion_r1/src/molgap/utils.py
2467	2026-06-16T16:45:36.0000000000+0900	molgap-repaired-2m-3d/colab_handoff/conservative_2d3d_fusion_r1/src/molgap/visnet.py
42908	2026-07-30T12:40:33.0000000000+0900	molgap-repaired-2m-3d/embeddings/acceptance.json
153	2026-07-30T12:38:23.0000000000+0900	molgap-repaired-2m-3d/embeddings/augmented/completion.json
201	2026-07-30T12:19:59.0000000000+0900	molgap-repaired-2m-3d/embeddings/augmented/embeddings_0000000_0020000.json
201	2026-07-30T12:20:10.0000000000+0900	molgap-repaired-2m-3d/embeddings/augmented/embeddings_0020000_0040000.json
201	2026-07-30T12:20:21.0000000000+0900	molgap-repaired-2m-3d/embeddings/augmented/embeddings_0040000_0060000.json
201	2026-07-30T12:20:31.0000000000+0900	molgap-repaired-2m-3d/embeddings/augmented/embeddings_0060000_0080000.json
201	2026-07-30T12:20:42.0000000000+0900	molgap-repaired-2m-3d/embeddings/augmented/embeddings_0080000_0100000.json
201	2026-07-30T12:20:52.0000000000+0900	molgap-repaired-2m-3d/embeddings/augmented/embeddings_0100000_0120000.json
201	2026-07-30T12:21:03.0000000000+0900	molgap-repaired-2m-3d/embeddings/augmented/embeddings_0120000_0140000.json
201	2026-07-30T12:21:14.0000000000+0900	molgap-repaired-2m-3d/embeddings/augmented/embeddings_0140000_0160000.json
201	2026-07-30T12:21:25.0000000000+0900	molgap-repaired-2m-3d/embeddings/augmented/embeddings_0160000_0180000.json
202	2026-07-30T12:21:36.0000000000+0900	molgap-repaired-2m-3d/embeddings/augmented/embeddings_0180000_0200000.json
202	2026-07-30T12:21:47.0000000000+0900	molgap-repaired-2m-3d/embeddings/augmented/embeddings_0200000_0220000.json
202	2026-07-30T12:21:58.0000000000+0900	molgap-repaired-2m-3d/embeddings/augmented/embeddings_0220000_0240000.json
202	2026-07-30T12:22:08.0000000000+0900	molgap-repaired-2m-3d/embeddings/augmented/embeddings_0240000_0260000.json
202	2026-07-30T12:22:19.0000000000+0900	molgap-repaired-2m-3d/embeddings/augmented/embeddings_0260000_0280000.json
202	2026-07-30T12:22:31.0000000000+0900	molgap-repaired-2m-3d/embeddings/augmented/embeddings_0280000_0300000.json
202	2026-07-30T12:22:42.0000000000+0900	molgap-repaired-2m-3d/embeddings/augmented/embeddings_0300000_0320000.json
202	2026-07-30T12:22:53.0000000000+0900	molgap-repaired-2m-3d/embeddings/augmented/embeddings_0320000_0340000.json
202	2026-07-30T12:23:06.0000000000+0900	molgap-repaired-2m-3d/embeddings/augmented/embeddings_0340000_0360000.json
202	2026-07-30T12:23:17.0000000000+0900	molgap-repaired-2m-3d/embeddings/augmented/embeddings_0360000_0380000.json
202	2026-07-30T12:23:29.0000000000+0900	molgap-repaired-2m-3d/embeddings/augmented/embeddings_0380000_0400000.json
202	2026-07-30T12:23:40.0000000000+0900	molgap-repaired-2m-3d/embeddings/augmented/embeddings_0400000_0420000.json
202	2026-07-30T12:23:52.0000000000+0900	molgap-repaired-2m-3d/embeddings/augmented/embeddings_0420000_0440000.json
202	2026-07-30T12:24:03.0000000000+0900	molgap-repaired-2m-3d/embeddings/augmented/embeddings_0440000_0460000.json
202	2026-07-30T12:24:14.0000000000+0900	molgap-repaired-2m-3d/embeddings/augmented/embeddings_0460000_0480000.json
202	2026-07-30T12:24:24.0000000000+0900	molgap-repaired-2m-3d/embeddings/augmented/embeddings_0480000_0500000.json
202	2026-07-30T12:24:36.0000000000+0900	molgap-repaired-2m-3d/embeddings/augmented/embeddings_0500000_0520000.json
202	2026-07-30T12:24:46.0000000000+0900	molgap-repaired-2m-3d/embeddings/augmented/embeddings_0520000_0540000.json
202	2026-07-30T12:24:58.0000000000+0900	molgap-repaired-2m-3d/embeddings/augmented/embeddings_0540000_0560000.json
202	2026-07-30T12:25:09.0000000000+0900	molgap-repaired-2m-3d/embeddings/augmented/embeddings_0560000_0580000.json
202	2026-07-30T12:25:20.0000000000+0900	molgap-repaired-2m-3d/embeddings/augmented/embeddings_0580000_0600000.json
202	2026-07-30T12:25:31.0000000000+0900	molgap-repaired-2m-3d/embeddings/augmented/embeddings_0600000_0620000.json
202	2026-07-30T12:25:42.0000000000+0900	molgap-repaired-2m-3d/embeddings/augmented/embeddings_0620000_0640000.json
202	2026-07-30T12:25:52.0000000000+0900	molgap-repaired-2m-3d/embeddings/augmented/embeddings_0640000_0660000.json
202	2026-07-30T12:26:03.0000000000+0900	molgap-repaired-2m-3d/embeddings/augmented/embeddings_0660000_0680000.json
202	2026-07-30T12:26:15.0000000000+0900	molgap-repaired-2m-3d/embeddings/augmented/embeddings_0680000_0700000.json
202	2026-07-30T12:26:26.0000000000+0900	molgap-repaired-2m-3d/embeddings/augmented/embeddings_0700000_0720000.json
202	2026-07-30T12:26:37.0000000000+0900	molgap-repaired-2m-3d/embeddings/augmented/embeddings_0720000_0740000.json
202	2026-07-30T12:26:49.0000000000+0900	molgap-repaired-2m-3d/embeddings/augmented/embeddings_0740000_0760000.json
202	2026-07-30T12:27:00.0000000000+0900	molgap-repaired-2m-3d/embeddings/augmented/embeddings_0760000_0780000.json
202	2026-07-30T12:27:14.0000000000+0900	molgap-repaired-2m-3d/embeddings/augmented/embeddings_0780000_0800000.json
202	2026-07-30T12:27:25.0000000000+0900	molgap-repaired-2m-3d/embeddings/augmented/embeddings_0800000_0820000.json
202	2026-07-30T12:27:35.0000000000+0900	molgap-repaired-2m-3d/embeddings/augmented/embeddings_0820000_0840000.json
202	2026-07-30T12:27:45.0000000000+0900	molgap-repaired-2m-3d/embeddings/augmented/embeddings_0840000_0860000.json
202	2026-07-30T12:27:56.0000000000+0900	molgap-repaired-2m-3d/embeddings/augmented/embeddings_0860000_0880000.json
202	2026-07-30T12:28:07.0000000000+0900	molgap-repaired-2m-3d/embeddings/augmented/embeddings_0880000_0900000.json
202	2026-07-30T12:28:18.0000000000+0900	molgap-repaired-2m-3d/embeddings/augmented/embeddings_0900000_0920000.json
202	2026-07-30T12:28:29.0000000000+0900	molgap-repaired-2m-3d/embeddings/augmented/embeddings_0920000_0940000.json
202	2026-07-30T12:28:40.0000000000+0900	molgap-repaired-2m-3d/embeddings/augmented/embeddings_0940000_0960000.json
202	2026-07-30T12:28:51.0000000000+0900	molgap-repaired-2m-3d/embeddings/augmented/embeddings_0960000_0980000.json
202	2026-07-30T12:29:02.0000000000+0900	molgap-repaired-2m-3d/embeddings/augmented/embeddings_0980000_1000000.json
202	2026-07-30T12:29:14.0000000000+0900	molgap-repaired-2m-3d/embeddings/augmented/embeddings_1000000_1020000.json
202	2026-07-30T12:29:25.0000000000+0900	molgap-repaired-2m-3d/embeddings/augmented/embeddings_1020000_1040000.json
202	2026-07-30T12:29:36.0000000000+0900	molgap-repaired-2m-3d/embeddings/augmented/embeddings_1040000_1060000.json
202	2026-07-30T12:29:47.0000000000+0900	molgap-repaired-2m-3d/embeddings/augmented/embeddings_1060000_1080000.json
202	2026-07-30T12:29:58.0000000000+0900	molgap-repaired-2m-3d/embeddings/augmented/embeddings_1080000_1100000.json
202	2026-07-30T12:30:09.0000000000+0900	molgap-repaired-2m-3d/embeddings/augmented/embeddings_1100000_1120000.json
202	2026-07-30T12:30:20.0000000000+0900	molgap-repaired-2m-3d/embeddings/augmented/embeddings_1120000_1140000.json
202	2026-07-30T12:30:32.0000000000+0900	molgap-repaired-2m-3d/embeddings/augmented/embeddings_1140000_1160000.json
202	2026-07-30T12:30:43.0000000000+0900	molgap-repaired-2m-3d/embeddings/augmented/embeddings_1160000_1180000.json
202	2026-07-30T12:30:54.0000000000+0900	molgap-repaired-2m-3d/embeddings/augmented/embeddings_1180000_1200000.json
202	2026-07-30T12:31:06.0000000000+0900	molgap-repaired-2m-3d/embeddings/augmented/embeddings_1200000_1220000.json
202	2026-07-30T12:31:17.0000000000+0900	molgap-repaired-2m-3d/embeddings/augmented/embeddings_1220000_1240000.json
202	2026-07-30T12:31:28.0000000000+0900	molgap-repaired-2m-3d/embeddings/augmented/embeddings_1240000_1260000.json
202	2026-07-30T12:31:39.0000000000+0900	molgap-repaired-2m-3d/embeddings/augmented/embeddings_1260000_1280000.json
202	2026-07-30T12:31:50.0000000000+0900	molgap-repaired-2m-3d/embeddings/augmented/embeddings_1280000_1300000.json
202	2026-07-30T12:32:02.0000000000+0900	molgap-repaired-2m-3d/embeddings/augmented/embeddings_1300000_1320000.json
202	2026-07-30T12:32:13.0000000000+0900	molgap-repaired-2m-3d/embeddings/augmented/embeddings_1320000_1340000.json
202	2026-07-30T12:32:25.0000000000+0900	molgap-repaired-2m-3d/embeddings/augmented/embeddings_1340000_1360000.json
202	2026-07-30T12:32:37.0000000000+0900	molgap-repaired-2m-3d/embeddings/augmented/embeddings_1360000_1380000.json
202	2026-07-30T12:32:49.0000000000+0900	molgap-repaired-2m-3d/embeddings/augmented/embeddings_1380000_1400000.json
202	2026-07-30T12:33:01.0000000000+0900	molgap-repaired-2m-3d/embeddings/augmented/embeddings_1400000_1420000.json
202	2026-07-30T12:33:14.0000000000+0900	molgap-repaired-2m-3d/embeddings/augmented/embeddings_1420000_1440000.json
202	2026-07-30T12:33:27.0000000000+0900	molgap-repaired-2m-3d/embeddings/augmented/embeddings_1440000_1460000.json
202	2026-07-30T12:33:40.0000000000+0900	molgap-repaired-2m-3d/embeddings/augmented/embeddings_1460000_1480000.json
202	2026-07-30T12:33:52.0000000000+0900	molgap-repaired-2m-3d/embeddings/augmented/embeddings_1480000_1500000.json
202	2026-07-30T12:34:03.0000000000+0900	molgap-repaired-2m-3d/embeddings/augmented/embeddings_1500000_1520000.json
202	2026-07-30T12:34:13.0000000000+0900	molgap-repaired-2m-3d/embeddings/augmented/embeddings_1520000_1540000.json
202	2026-07-30T12:34:24.0000000000+0900	molgap-repaired-2m-3d/embeddings/augmented/embeddings_1540000_1560000.json
202	2026-07-30T12:34:35.0000000000+0900	molgap-repaired-2m-3d/embeddings/augmented/embeddings_1560000_1580000.json
202	2026-07-30T12:34:46.0000000000+0900	molgap-repaired-2m-3d/embeddings/augmented/embeddings_1580000_1600000.json
202	2026-07-30T12:34:57.0000000000+0900	molgap-repaired-2m-3d/embeddings/augmented/embeddings_1600000_1620000.json
202	2026-07-30T12:35:08.0000000000+0900	molgap-repaired-2m-3d/embeddings/augmented/embeddings_1620000_1640000.json
202	2026-07-30T12:35:18.0000000000+0900	molgap-repaired-2m-3d/embeddings/augmented/embeddings_1640000_1660000.json
202	2026-07-30T12:35:29.0000000000+0900	molgap-repaired-2m-3d/embeddings/augmented/embeddings_1660000_1680000.json
202	2026-07-30T12:35:40.0000000000+0900	molgap-repaired-2m-3d/embeddings/augmented/embeddings_1680000_1700000.json
202	2026-07-30T12:35:50.0000000000+0900	molgap-repaired-2m-3d/embeddings/augmented/embeddings_1700000_1720000.json
202	2026-07-30T12:36:01.0000000000+0900	molgap-repaired-2m-3d/embeddings/augmented/embeddings_1720000_1740000.json
202	2026-07-30T12:36:13.0000000000+0900	molgap-repaired-2m-3d/embeddings/augmented/embeddings_1740000_1760000.json
202	2026-07-30T12:36:23.0000000000+0900	molgap-repaired-2m-3d/embeddings/augmented/embeddings_1760000_1780000.json
202	2026-07-30T12:36:34.0000000000+0900	molgap-repaired-2m-3d/embeddings/augmented/embeddings_1780000_1800000.json
202	2026-07-30T12:36:46.0000000000+0900	molgap-repaired-2m-3d/embeddings/augmented/embeddings_1800000_1820000.json
202	2026-07-30T12:36:57.0000000000+0900	molgap-repaired-2m-3d/embeddings/augmented/embeddings_1820000_1840000.json
202	2026-07-30T12:37:08.0000000000+0900	molgap-repaired-2m-3d/embeddings/augmented/embeddings_1840000_1860000.json
202	2026-07-30T12:37:19.0000000000+0900	molgap-repaired-2m-3d/embeddings/augmented/embeddings_1860000_1880000.json
202	2026-07-30T12:37:29.0000000000+0900	molgap-repaired-2m-3d/embeddings/augmented/embeddings_1880000_1900000.json
202	2026-07-30T12:37:41.0000000000+0900	molgap-repaired-2m-3d/embeddings/augmented/embeddings_1900000_1920000.json
202	2026-07-30T12:37:51.0000000000+0900	molgap-repaired-2m-3d/embeddings/augmented/embeddings_1920000_1940000.json
202	2026-07-30T12:38:02.0000000000+0900	molgap-repaired-2m-3d/embeddings/augmented/embeddings_1940000_1960000.json
202	2026-07-30T12:38:12.0000000000+0900	molgap-repaired-2m-3d/embeddings/augmented/embeddings_1960000_1980000.json
203	2026-07-30T12:38:23.0000000000+0900	molgap-repaired-2m-3d/embeddings/augmented/embeddings_1980000_2000000.json
153	2026-07-30T05:08:28.0000000000+0900	molgap-repaired-2m-3d/embeddings/primary/completion.json
201	2026-07-30T04:50:12.0000000000+0900	molgap-repaired-2m-3d/embeddings/primary/embeddings_0000000_0020000.json
201	2026-07-30T04:50:23.0000000000+0900	molgap-repaired-2m-3d/embeddings/primary/embeddings_0020000_0040000.json
201	2026-07-30T04:50:34.0000000000+0900	molgap-repaired-2m-3d/embeddings/primary/embeddings_0040000_0060000.json
201	2026-07-30T04:50:44.0000000000+0900	molgap-repaired-2m-3d/embeddings/primary/embeddings_0060000_0080000.json
201	2026-07-30T04:50:56.0000000000+0900	molgap-repaired-2m-3d/embeddings/primary/embeddings_0080000_0100000.json
201	2026-07-30T04:51:06.0000000000+0900	molgap-repaired-2m-3d/embeddings/primary/embeddings_0100000_0120000.json
201	2026-07-30T04:51:17.0000000000+0900	molgap-repaired-2m-3d/embeddings/primary/embeddings_0120000_0140000.json
201	2026-07-30T04:51:27.0000000000+0900	molgap-repaired-2m-3d/embeddings/primary/embeddings_0140000_0160000.json
201	2026-07-30T04:51:38.0000000000+0900	molgap-repaired-2m-3d/embeddings/primary/embeddings_0160000_0180000.json
202	2026-07-30T04:51:48.0000000000+0900	molgap-repaired-2m-3d/embeddings/primary/embeddings_0180000_0200000.json
202	2026-07-30T04:51:59.0000000000+0900	molgap-repaired-2m-3d/embeddings/primary/embeddings_0200000_0220000.json
202	2026-07-30T04:52:10.0000000000+0900	molgap-repaired-2m-3d/embeddings/primary/embeddings_0220000_0240000.json
202	2026-07-30T04:52:20.0000000000+0900	molgap-repaired-2m-3d/embeddings/primary/embeddings_0240000_0260000.json
202	2026-07-30T04:52:31.0000000000+0900	molgap-repaired-2m-3d/embeddings/primary/embeddings_0260000_0280000.json
202	2026-07-30T04:52:44.0000000000+0900	molgap-repaired-2m-3d/embeddings/primary/embeddings_0280000_0300000.json
202	2026-07-30T04:52:55.0000000000+0900	molgap-repaired-2m-3d/embeddings/primary/embeddings_0300000_0320000.json
202	2026-07-30T04:53:07.0000000000+0900	molgap-repaired-2m-3d/embeddings/primary/embeddings_0320000_0340000.json
202	2026-07-30T04:53:19.0000000000+0900	molgap-repaired-2m-3d/embeddings/primary/embeddings_0340000_0360000.json
202	2026-07-30T04:53:30.0000000000+0900	molgap-repaired-2m-3d/embeddings/primary/embeddings_0360000_0380000.json
202	2026-07-30T04:53:42.0000000000+0900	molgap-repaired-2m-3d/embeddings/primary/embeddings_0380000_0400000.json
202	2026-07-30T04:53:54.0000000000+0900	molgap-repaired-2m-3d/embeddings/primary/embeddings_0400000_0420000.json
202	2026-07-30T04:54:05.0000000000+0900	molgap-repaired-2m-3d/embeddings/primary/embeddings_0420000_0440000.json
202	2026-07-30T04:54:17.0000000000+0900	molgap-repaired-2m-3d/embeddings/primary/embeddings_0440000_0460000.json
202	2026-07-30T04:54:28.0000000000+0900	molgap-repaired-2m-3d/embeddings/primary/embeddings_0460000_0480000.json
202	2026-07-30T04:54:38.0000000000+0900	molgap-repaired-2m-3d/embeddings/primary/embeddings_0480000_0500000.json
202	2026-07-30T04:54:49.0000000000+0900	molgap-repaired-2m-3d/embeddings/primary/embeddings_0500000_0520000.json
202	2026-07-30T04:55:02.0000000000+0900	molgap-repaired-2m-3d/embeddings/primary/embeddings_0520000_0540000.json
202	2026-07-30T04:55:12.0000000000+0900	molgap-repaired-2m-3d/embeddings/primary/embeddings_0540000_0560000.json
202	2026-07-30T04:55:23.0000000000+0900	molgap-repaired-2m-3d/embeddings/primary/embeddings_0560000_0580000.json
202	2026-07-30T04:55:34.0000000000+0900	molgap-repaired-2m-3d/embeddings/primary/embeddings_0580000_0600000.json
202	2026-07-30T04:55:45.0000000000+0900	molgap-repaired-2m-3d/embeddings/primary/embeddings_0600000_0620000.json
202	2026-07-30T04:55:56.0000000000+0900	molgap-repaired-2m-3d/embeddings/primary/embeddings_0620000_0640000.json
202	2026-07-30T04:56:07.0000000000+0900	molgap-repaired-2m-3d/embeddings/primary/embeddings_0640000_0660000.json
202	2026-07-30T04:56:18.0000000000+0900	molgap-repaired-2m-3d/embeddings/primary/embeddings_0660000_0680000.json
202	2026-07-30T04:56:30.0000000000+0900	molgap-repaired-2m-3d/embeddings/primary/embeddings_0680000_0700000.json
202	2026-07-30T04:56:40.0000000000+0900	molgap-repaired-2m-3d/embeddings/primary/embeddings_0700000_0720000.json
202	2026-07-30T04:56:52.0000000000+0900	molgap-repaired-2m-3d/embeddings/primary/embeddings_0720000_0740000.json
202	2026-07-30T04:57:04.0000000000+0900	molgap-repaired-2m-3d/embeddings/primary/embeddings_0740000_0760000.json
202	2026-07-30T04:57:15.0000000000+0900	molgap-repaired-2m-3d/embeddings/primary/embeddings_0760000_0780000.json
202	2026-07-30T04:57:28.0000000000+0900	molgap-repaired-2m-3d/embeddings/primary/embeddings_0780000_0800000.json
202	2026-07-30T04:57:39.0000000000+0900	molgap-repaired-2m-3d/embeddings/primary/embeddings_0800000_0820000.json
202	2026-07-30T04:57:50.0000000000+0900	molgap-repaired-2m-3d/embeddings/primary/embeddings_0820000_0840000.json
202	2026-07-30T04:58:01.0000000000+0900	molgap-repaired-2m-3d/embeddings/primary/embeddings_0840000_0860000.json
202	2026-07-30T04:58:11.0000000000+0900	molgap-repaired-2m-3d/embeddings/primary/embeddings_0860000_0880000.json
202	2026-07-30T04:58:22.0000000000+0900	molgap-repaired-2m-3d/embeddings/primary/embeddings_0880000_0900000.json
202	2026-07-30T04:58:33.0000000000+0900	molgap-repaired-2m-3d/embeddings/primary/embeddings_0900000_0920000.json
202	2026-07-30T04:58:45.0000000000+0900	molgap-repaired-2m-3d/embeddings/primary/embeddings_0920000_0940000.json
202	2026-07-30T04:58:56.0000000000+0900	molgap-repaired-2m-3d/embeddings/primary/embeddings_0940000_0960000.json
202	2026-07-30T04:59:08.0000000000+0900	molgap-repaired-2m-3d/embeddings/primary/embeddings_0960000_0980000.json
202	2026-07-30T04:59:19.0000000000+0900	molgap-repaired-2m-3d/embeddings/primary/embeddings_0980000_1000000.json
202	2026-07-30T04:59:30.0000000000+0900	molgap-repaired-2m-3d/embeddings/primary/embeddings_1000000_1020000.json
202	2026-07-30T04:59:41.0000000000+0900	molgap-repaired-2m-3d/embeddings/primary/embeddings_1020000_1040000.json
202	2026-07-30T04:59:51.0000000000+0900	molgap-repaired-2m-3d/embeddings/primary/embeddings_1040000_1060000.json
202	2026-07-30T05:00:03.0000000000+0900	molgap-repaired-2m-3d/embeddings/primary/embeddings_1060000_1080000.json
202	2026-07-30T05:00:14.0000000000+0900	molgap-repaired-2m-3d/embeddings/primary/embeddings_1080000_1100000.json
202	2026-07-30T05:00:25.0000000000+0900	molgap-repaired-2m-3d/embeddings/primary/embeddings_1100000_1120000.json
202	2026-07-30T05:00:36.0000000000+0900	molgap-repaired-2m-3d/embeddings/primary/embeddings_1120000_1140000.json
202	2026-07-30T05:00:47.0000000000+0900	molgap-repaired-2m-3d/embeddings/primary/embeddings_1140000_1160000.json
202	2026-07-30T05:00:58.0000000000+0900	molgap-repaired-2m-3d/embeddings/primary/embeddings_1160000_1180000.json
202	2026-07-30T05:01:09.0000000000+0900	molgap-repaired-2m-3d/embeddings/primary/embeddings_1180000_1200000.json
202	2026-07-30T05:01:20.0000000000+0900	molgap-repaired-2m-3d/embeddings/primary/embeddings_1200000_1220000.json
202	2026-07-30T05:01:31.0000000000+0900	molgap-repaired-2m-3d/embeddings/primary/embeddings_1220000_1240000.json
202	2026-07-30T05:01:42.0000000000+0900	molgap-repaired-2m-3d/embeddings/primary/embeddings_1240000_1260000.json
202	2026-07-30T05:01:53.0000000000+0900	molgap-repaired-2m-3d/embeddings/primary/embeddings_1260000_1280000.json
202	2026-07-30T05:02:04.0000000000+0900	molgap-repaired-2m-3d/embeddings/primary/embeddings_1280000_1300000.json
202	2026-07-30T05:02:16.0000000000+0900	molgap-repaired-2m-3d/embeddings/primary/embeddings_1300000_1320000.json
202	2026-07-30T05:02:28.0000000000+0900	molgap-repaired-2m-3d/embeddings/primary/embeddings_1320000_1340000.json
202	2026-07-30T05:02:40.0000000000+0900	molgap-repaired-2m-3d/embeddings/primary/embeddings_1340000_1360000.json
202	2026-07-30T05:02:51.0000000000+0900	molgap-repaired-2m-3d/embeddings/primary/embeddings_1360000_1380000.json
202	2026-07-30T05:03:03.0000000000+0900	molgap-repaired-2m-3d/embeddings/primary/embeddings_1380000_1400000.json
202	2026-07-30T05:03:14.0000000000+0900	molgap-repaired-2m-3d/embeddings/primary/embeddings_1400000_1420000.json
202	2026-07-30T05:03:28.0000000000+0900	molgap-repaired-2m-3d/embeddings/primary/embeddings_1420000_1440000.json
202	2026-07-30T05:03:40.0000000000+0900	molgap-repaired-2m-3d/embeddings/primary/embeddings_1440000_1460000.json
202	2026-07-30T05:03:52.0000000000+0900	molgap-repaired-2m-3d/embeddings/primary/embeddings_1460000_1480000.json
202	2026-07-30T05:04:04.0000000000+0900	molgap-repaired-2m-3d/embeddings/primary/embeddings_1480000_1500000.json
202	2026-07-30T05:04:14.0000000000+0900	molgap-repaired-2m-3d/embeddings/primary/embeddings_1500000_1520000.json
202	2026-07-30T05:04:26.0000000000+0900	molgap-repaired-2m-3d/embeddings/primary/embeddings_1520000_1540000.json
202	2026-07-30T05:04:36.0000000000+0900	molgap-repaired-2m-3d/embeddings/primary/embeddings_1540000_1560000.json
202	2026-07-30T05:04:46.0000000000+0900	molgap-repaired-2m-3d/embeddings/primary/embeddings_1560000_1580000.json
202	2026-07-30T05:04:57.0000000000+0900	molgap-repaired-2m-3d/embeddings/primary/embeddings_1580000_1600000.json
202	2026-07-30T05:05:07.0000000000+0900	molgap-repaired-2m-3d/embeddings/primary/embeddings_1600000_1620000.json
202	2026-07-30T05:05:18.0000000000+0900	molgap-repaired-2m-3d/embeddings/primary/embeddings_1620000_1640000.json
202	2026-07-30T05:05:28.0000000000+0900	molgap-repaired-2m-3d/embeddings/primary/embeddings_1640000_1660000.json
202	2026-07-30T05:05:39.0000000000+0900	molgap-repaired-2m-3d/embeddings/primary/embeddings_1660000_1680000.json
202	2026-07-30T05:05:49.0000000000+0900	molgap-repaired-2m-3d/embeddings/primary/embeddings_1680000_1700000.json
202	2026-07-30T05:05:59.0000000000+0900	molgap-repaired-2m-3d/embeddings/primary/embeddings_1700000_1720000.json
202	2026-07-30T05:06:10.0000000000+0900	molgap-repaired-2m-3d/embeddings/primary/embeddings_1720000_1740000.json
202	2026-07-30T05:06:21.0000000000+0900	molgap-repaired-2m-3d/embeddings/primary/embeddings_1740000_1760000.json
202	2026-07-30T05:06:32.0000000000+0900	molgap-repaired-2m-3d/embeddings/primary/embeddings_1760000_1780000.json
202	2026-07-30T05:06:42.0000000000+0900	molgap-repaired-2m-3d/embeddings/primary/embeddings_1780000_1800000.json
202	2026-07-30T05:06:53.0000000000+0900	molgap-repaired-2m-3d/embeddings/primary/embeddings_1800000_1820000.json
202	2026-07-30T05:07:04.0000000000+0900	molgap-repaired-2m-3d/embeddings/primary/embeddings_1820000_1840000.json
202	2026-07-30T05:07:14.0000000000+0900	molgap-repaired-2m-3d/embeddings/primary/embeddings_1840000_1860000.json
202	2026-07-30T05:07:24.0000000000+0900	molgap-repaired-2m-3d/embeddings/primary/embeddings_1860000_1880000.json
202	2026-07-30T05:07:35.0000000000+0900	molgap-repaired-2m-3d/embeddings/primary/embeddings_1880000_1900000.json
202	2026-07-30T05:07:46.0000000000+0900	molgap-repaired-2m-3d/embeddings/primary/embeddings_1900000_1920000.json
202	2026-07-30T05:07:56.0000000000+0900	molgap-repaired-2m-3d/embeddings/primary/embeddings_1920000_1940000.json
202	2026-07-30T05:08:07.0000000000+0900	molgap-repaired-2m-3d/embeddings/primary/embeddings_1940000_1960000.json
202	2026-07-30T05:08:17.0000000000+0900	molgap-repaired-2m-3d/embeddings/primary/embeddings_1960000_1980000.json
203	2026-07-30T05:08:28.0000000000+0900	molgap-repaired-2m-3d/embeddings/primary/embeddings_1980000_2000000.json
299	2026-07-29T22:55:22.0000000000+0900	molgap-repaired-2m-3d/failure_evidence/fp16_nan_20260729/logs/train_augmented.log
858	2026-07-29T23:16:13.0000000000+0900	molgap-repaired-2m-3d/failure_evidence/fp16_nan_20260729/logs/train_primary.log
142	2026-07-29T23:16:13.0000000000+0900	molgap-repaired-2m-3d/failure_evidence/fp16_nan_20260729/outputs/primary/progress.json
965	2026-07-29T16:57:24.0000000000+0900	molgap-repaired-2m-3d/failure_evidence/fp16_nan_20260729/preflight/augmented.json
654	2026-07-29T16:37:26.0000000000+0900	molgap-repaired-2m-3d/failure_evidence/fp16_nan_20260729/preflight/primary.json
181	2026-07-29T23:50:28.0000000000+0900	molgap-repaired-2m-3d/failure_evidence/fp16_nan_20260729/primary_checkpoint.sha256
129	2026-07-30T15:45:22.0000000000+0900	molgap-repaired-2m-3d/fusion_outputs/hierarchical_dual_schnet_v1/dense_seed42.progress.json
129	2026-07-30T15:49:53.0000000000+0900	molgap-repaired-2m-3d/fusion_outputs/hierarchical_dual_schnet_v1/dense_seed43.progress.json
129	2026-07-30T15:53:29.0000000000+0900	molgap-repaired-2m-3d/fusion_outputs/hierarchical_dual_schnet_v1/dense_seed44.progress.json
129	2026-07-30T15:34:12.0000000000+0900	molgap-repaired-2m-3d/fusion_outputs/hierarchical_dual_schnet_v1/equal_gps7_gps9_seed42.progress.json
129	2026-07-30T15:38:01.0000000000+0900	molgap-repaired-2m-3d/fusion_outputs/hierarchical_dual_schnet_v1/equal_gps7_gps9_seed43.progress.json
129	2026-07-30T15:41:40.0000000000+0900	molgap-repaired-2m-3d/fusion_outputs/hierarchical_dual_schnet_v1/equal_gps7_gps9_seed44.progress.json
169297	2026-07-30T15:53:33.0000000000+0900	molgap-repaired-2m-3d/fusion_outputs/hierarchical_dual_schnet_v1/metrics.json
148	2026-07-30T15:53:33.0000000000+0900	molgap-repaired-2m-3d/fusion_outputs/hierarchical_dual_schnet_v1/progress.json
33311	2026-07-30T12:40:33.0000000000+0900	molgap-repaired-2m-3d/logs/accept_embeddings.log
4199	2026-08-24T15:57:14.0000000000+0900	molgap-repaired-2m-3d/logs/accept_pair_gps_2d_100k_cache.log
23028	2026-08-23T17:12:23.0000000000+0900	molgap-repaired-2m-3d/logs/accept_pair_gps_2d_cache.log
10699	2026-08-25T09:40:30.0000000000+0900	molgap-repaired-2m-3d/logs/benchmark_pair_gps_2d_a100.log
118800	2026-08-24T15:55:52.0000000000+0900	molgap-repaired-2m-3d/logs/build_pair_gps_2d_100k_cache.log
565510	2026-08-23T16:53:11.0000000000+0900	molgap-repaired-2m-3d/logs/build_pair_gps_2d_cache.log
537	2026-08-24T14:04:27.0000000000+0900	molgap-repaired-2m-3d/logs/conservative_colab_payload_r1.log
555	2026-08-24T14:11:09.0000000000+0900	molgap-repaired-2m-3d/logs/conservative_colab_payload_r1_1327453.ccpbs1.log
3734	2026-07-30T12:38:23.0000000000+0900	molgap-repaired-2m-3d/logs/export_augmented.log
3734	2026-07-30T05:08:28.0000000000+0900	molgap-repaired-2m-3d/logs/export_primary.log
169298	2026-07-30T15:53:33.0000000000+0900	molgap-repaired-2m-3d/logs/hierarchical_dual_schnet_v1.log
1134	2026-07-29T16:57:24.0000000000+0900	molgap-repaired-2m-3d/logs/preflight_augmented.log
1251	2026-07-30T15:27:59.0000000000+0900	molgap-repaired-2m-3d/logs/preflight_hierarchical_dual_schnet_v1.log
23703	2026-08-23T17:15:23.0000000000+0900	molgap-repaired-2m-3d/logs/preflight_pair_gps_2d.log
1299	2026-08-24T02:50:11.0000000000+0900	molgap-repaired-2m-3d/logs/preflight_pair_gps_2d_v2.log
4217	2026-08-24T02:54:50.0000000000+0900	molgap-repaired-2m-3d/logs/preflight_pair_gps_2d_v3.log
4237	2026-08-24T02:58:41.0000000000+0900	molgap-repaired-2m-3d/logs/preflight_pair_gps_2d_v4.log
861	2026-07-29T16:37:26.0000000000+0900	molgap-repaired-2m-3d/logs/preflight_primary.log
299	2026-07-29T22:55:22.0000000000+0900	molgap-repaired-2m-3d/logs/train_augmented.log
6545	2026-07-30T12:17:59.0000000000+0900	molgap-repaired-2m-3d/logs/train_augmented_stable.log
256454	2026-08-25T08:06:48.0000000000+0900	molgap-repaired-2m-3d/logs/train_pair_gps_2d_100k_search.log
299	2026-08-23T17:16:03.0000000000+0900	molgap-repaired-2m-3d/logs/train_pair_gps_2d_seed42.log
51968	2026-08-24T14:59:49.0000000000+0900	molgap-repaired-2m-3d/logs/train_pair_gps_2d_v4_seed42.log
858	2026-07-29T23:16:13.0000000000+0900	molgap-repaired-2m-3d/logs/train_primary.log
4404	2026-07-30T04:34:03.0000000000+0900	molgap-repaired-2m-3d/logs/train_primary_stable.log
230	2026-07-30T12:17:59.0000000000+0900	molgap-repaired-2m-3d/outputs/augmented/completion_manifest.json
7004	2026-07-30T12:17:59.0000000000+0900	molgap-repaired-2m-3d/outputs/augmented/metrics.json
142	2026-07-30T12:05:50.0000000000+0900	molgap-repaired-2m-3d/outputs/augmented/progress.json
228	2026-07-30T04:34:03.0000000000+0900	molgap-repaired-2m-3d/outputs/primary/completion_manifest.json
4627	2026-07-30T04:34:03.0000000000+0900	molgap-repaired-2m-3d/outputs/primary/metrics.json
141	2026-07-30T04:21:15.0000000000+0900	molgap-repaired-2m-3d/outputs/primary/progress.json
26321	2026-08-23T17:12:23.0000000000+0900	molgap-repaired-2m-3d/pair_gps_2d/acceptance.json
49953	2026-08-23T16:53:11.0000000000+0900	molgap-repaired-2m-3d/pair_gps_2d/build_completion.json
10899	2026-08-23T15:59:00.0000000000+0900	molgap-repaired-2m-3d/pair_gps_2d/input_contract.json
49953	2026-08-23T16:53:11.0000000000+0900	molgap-repaired-2m-3d/pair_gps_2d/progress.json
966	2026-07-30T00:16:57.0000000000+0900	molgap-repaired-2m-3d/preflight/augmented.json
1251	2026-07-30T15:27:59.0000000000+0900	molgap-repaired-2m-3d/preflight/hierarchical_dual_schnet_v1.json
28408	2026-08-23T17:15:23.0000000000+0900	molgap-repaired-2m-3d/preflight/pair_gps_2d.json
1148	2026-08-24T02:50:11.0000000000+0900	molgap-repaired-2m-3d/preflight/pair_gps_2d_v2.json
5380	2026-08-24T02:54:50.0000000000+0900	molgap-repaired-2m-3d/preflight/pair_gps_2d_v3.json
5400	2026-08-24T02:58:41.0000000000+0900	molgap-repaired-2m-3d/preflight/pair_gps_2d_v4.json
654	2026-07-30T00:04:50.0000000000+0900	molgap-repaired-2m-3d/preflight/primary.json
31795	2026-07-28T22:05:00.0000000000+0900	molgap-repaired-2m-3d/primary/primary_acceptance.json
11675	2026-08-25T09:40:29.0000000000+0900	molgap-repaired-2m-3d/pubchemqc100k_pairgps/benchmarks/a100_throughput_v1/benchmark.json
79851	2026-08-25T09:40:37.0000000000+0900	molgap-repaired-2m-3d/pubchemqc100k_pairgps/benchmarks/a100_throughput_v1/nvidia_smi.csv
1907	2026-08-24T19:51:50.0000000000+0900	molgap-repaired-2m-3d/pubchemqc100k_pairgps/search/gps7_gps9_equal_lr1e4_seed42/metrics.json
1905	2026-08-24T21:39:32.0000000000+0900	molgap-repaired-2m-3d/pubchemqc100k_pairgps/search/gps7_gps9_equal_lr2e4_seed42/metrics.json
1906	2026-08-24T23:28:36.0000000000+0900	molgap-repaired-2m-3d/pubchemqc100k_pairgps/search/gps7_gps9_equal_lr4e4_seed42/metrics.json
16241	2026-08-24T18:49:35.0000000000+0900	molgap-repaired-2m-3d/pubchemqc100k_pairgps/search/gps7_lr1e4_seed42/metrics.json
16286	2026-08-24T20:39:17.0000000000+0900	molgap-repaired-2m-3d/pubchemqc100k_pairgps/search/gps7_lr2e4_seed42/metrics.json
16268	2026-08-24T22:27:58.0000000000+0900	molgap-repaired-2m-3d/pubchemqc100k_pairgps/search/gps7_lr4e4_seed42/metrics.json
16259	2026-08-24T19:50:32.0000000000+0900	molgap-repaired-2m-3d/pubchemqc100k_pairgps/search/gps9_lr1e4_seed42/metrics.json
16274	2026-08-24T21:38:22.0000000000+0900	molgap-repaired-2m-3d/pubchemqc100k_pairgps/search/gps9_lr2e4_seed42/metrics.json
16264	2026-08-24T23:27:18.0000000000+0900	molgap-repaired-2m-3d/pubchemqc100k_pairgps/search/gps9_lr4e4_seed42/metrics.json
16395	2026-08-25T01:59:14.0000000000+0900	molgap-repaired-2m-3d/pubchemqc100k_pairgps/search/pair_gps_2d_lr1e4_seed42/metrics.json
16420	2026-08-25T04:30:40.0000000000+0900	molgap-repaired-2m-3d/pubchemqc100k_pairgps/search/pair_gps_2d_lr2e4_seed42/metrics.json
16419	2026-08-25T08:06:48.0000000000+0900	molgap-repaired-2m-3d/pubchemqc100k_pairgps/search/pair_gps_2d_lr4e4_seed42/metrics.json
41862	2026-07-28T22:05:08.0000000000+0900	molgap-repaired-2m-3d/secondary/secondary_acceptance.json
31795	2026-07-28T21:50:38.0000000000+0900	molgap-repaired-2m-3d/transfer/primary_acceptance.json
41862	2026-07-28T21:53:39.0000000000+0900	molgap-repaired-2m-3d/transfer/secondary_acceptance.json
13933	2026-08-23T13:29:55.0000000000+0900	molgap-top20-qm9/code/experiments/qm9_architecture/qm9_screen.py
1863	2026-08-23T13:30:05.0000000000+0900	molgap-top20-qm9/code/experiments/top20_architecture_qm9/pair_gps_2d_protocol.md
13400	2026-08-23T14:06:30.0000000000+0900	molgap-top20-qm9/code/pair_gps_2d.py
1863	2026-08-23T13:29:21.0000000000+0900	molgap-top20-qm9/code/pair_gps_2d_protocol.md
1061	2026-08-23T13:29:59.0000000000+0900	molgap-top20-qm9/code/platforms/ims/top20_qm9/train_pair_gps_2d_preflight.pbs
1096	2026-08-23T13:34:14.0000000000+0900	molgap-top20-qm9/code/platforms/ims/top20_qm9/train_pair_gps_2d_preflight_retry2.pbs
1096	2026-08-23T14:03:01.0000000000+0900	molgap-top20-qm9/code/platforms/ims/top20_qm9/train_pair_gps_2d_preflight_retry3.pbs
1096	2026-08-23T14:06:35.0000000000+0900	molgap-top20-qm9/code/platforms/ims/top20_qm9/train_pair_gps_2d_preflight_retry4.pbs
1096	2026-08-23T14:38:08.0000000000+0900	molgap-top20-qm9/code/platforms/ims/top20_qm9/train_pair_gps_2d_preflight_retry5.pbs
1096	2026-08-23T14:42:19.0000000000+0900	molgap-top20-qm9/code/platforms/ims/top20_qm9/train_pair_gps_2d_preflight_retry6.pbs
1072	2026-08-23T13:32:30.0000000000+0900	molgap-top20-qm9/code/platforms/ims/top20_qm9/train_pure2d_gps_fusion_reference_seed42.pbs
49636	2026-08-23T14:42:14.0000000000+0900	molgap-top20-qm9/code/qm9_screen.py
1398	2026-08-22T04:13:05.0000000000+0900	molgap-top20-qm9/code/src/molgap/__init__.py
524	2026-08-22T04:13:02.0000000000+0900	molgap-top20-qm9/code/src/molgap/archive/README.md
63	2026-08-22T04:13:02.0000000000+0900	molgap-top20-qm9/code/src/molgap/archive/__init__.py
75	2026-08-22T04:13:01.0000000000+0900	molgap-top20-qm9/code/src/molgap/archive/phase8_r01_router/__init__.py
4082	2026-08-22T04:13:01.0000000000+0900	molgap-top20-qm9/code/src/molgap/archive/phase8_r01_router/late_blend.py
10881	2026-08-22T04:13:01.0000000000+0900	molgap-top20-qm9/code/src/molgap/archive/phase8_r01_router/router_training.py
253	2026-08-22T04:13:01.0000000000+0900	molgap-top20-qm9/code/src/molgap/archive/phase8_r03_three_expert/__init__.py
4809	2026-08-22T04:13:01.0000000000+0900	molgap-top20-qm9/code/src/molgap/archive/phase8_r03_three_expert/hetero_moe.py
2181	2026-08-22T04:13:01.0000000000+0900	molgap-top20-qm9/code/src/molgap/archive/phase8_r03_three_expert/losses.py
5986	2026-08-22T04:13:01.0000000000+0900	molgap-top20-qm9/code/src/molgap/archive/phase8_r03_three_expert/router_training.py
2638	2026-08-22T04:13:01.0000000000+0900	molgap-top20-qm9/code/src/molgap/archive/phase8_r03_three_expert/target_router.py
296	2026-08-22T04:13:02.0000000000+0900	molgap-top20-qm9/code/src/molgap/archive/phase8_r04_static_dual2d/__init__.py
5887	2026-08-22T04:13:01.0000000000+0900	molgap-top20-qm9/code/src/molgap/archive/phase8_r04_static_dual2d/data.py
856	2026-08-22T04:13:01.0000000000+0900	molgap-top20-qm9/code/src/molgap/archive/phase8_r04_static_dual2d/diagnostics.py
2436	2026-08-22T04:13:01.0000000000+0900	molgap-top20-qm9/code/src/molgap/archive/phase8_r04_static_dual2d/dual2d.py
6651	2026-08-22T04:13:01.0000000000+0900	molgap-top20-qm9/code/src/molgap/archive/phase8_r04_static_dual2d/dual2d_training.py
3097	2026-08-22T04:13:01.0000000000+0900	molgap-top20-qm9/code/src/molgap/archive/phase8_r04_static_dual2d/evaluation.py
3895	2026-08-22T04:13:02.0000000000+0900	molgap-top20-qm9/code/src/molgap/archive/phase8_r04_static_dual2d/external_eval.py
2373	2026-08-22T04:13:02.0000000000+0900	molgap-top20-qm9/code/src/molgap/archive/phase8_r04_static_dual2d/local_gine.py
625	2026-08-22T04:13:02.0000000000+0900	molgap-top20-qm9/code/src/molgap/archive/phase8_r04_static_dual2d/models.py
7392	2026-08-22T04:13:02.0000000000+0900	molgap-top20-qm9/code/src/molgap/archive/phase8_r04_static_dual2d/training.py
59	2026-08-22T04:13:02.0000000000+0900	molgap-top20-qm9/code/src/molgap/archive/phase8_r05_physics_consistency/__init__.py
1441	2026-08-22T04:13:02.0000000000+0900	molgap-top20-qm9/code/src/molgap/archive/phase8_r05_physics_consistency/fusion.py
71	2026-08-22T04:13:02.0000000000+0900	molgap-top20-qm9/code/src/molgap/archive/phase8_r06_structural_gps_adapter/__init__.py
3236	2026-08-22T04:13:02.0000000000+0900	molgap-top20-qm9/code/src/molgap/archive/phase8_r06_structural_gps_adapter/structural_features.py
33197	2026-08-22T04:13:02.0000000000+0900	molgap-top20-qm9/code/src/molgap/artifact_acceptance.py
21841	2026-08-22T04:13:02.0000000000+0900	molgap-top20-qm9/code/src/molgap/conformer_ab.py
13422	2026-08-22T04:13:02.0000000000+0900	molgap-top20-qm9/code/src/molgap/constants.py
35306	2026-08-22T04:13:02.0000000000+0900	molgap-top20-qm9/code/src/molgap/data_repair.py
21055	2026-08-22T04:13:02.0000000000+0900	molgap-top20-qm9/code/src/molgap/database.py
14876	2026-08-22T04:13:02.0000000000+0900	molgap-top20-qm9/code/src/molgap/distillation.py
8186	2026-08-22T16:08:25.0000000000+0900	molgap-top20-qm9/code/src/molgap/edge_global_2d.py
4005	2026-08-22T04:13:02.0000000000+0900	molgap-top20-qm9/code/src/molgap/egnn.py
6915	2026-08-22T04:13:02.0000000000+0900	molgap-top20-qm9/code/src/molgap/ensemble_evaluation.py
8935	2026-08-22T04:13:03.0000000000+0900	molgap-top20-qm9/code/src/molgap/etkdg_array.py
23791	2026-08-22T04:13:03.0000000000+0900	molgap-top20-qm9/code/src/molgap/experiment_db.py
8548	2026-08-22T04:13:03.0000000000+0900	molgap-top20-qm9/code/src/molgap/fusion.py
15897	2026-08-22T04:13:03.0000000000+0900	molgap-top20-qm9/code/src/molgap/gap_specialization.py
5451	2026-08-22T04:13:03.0000000000+0900	molgap-top20-qm9/code/src/molgap/geometry_features.py
2322	2026-08-22T04:13:03.0000000000+0900	molgap-top20-qm9/code/src/molgap/gine.py
4199	2026-08-22T04:13:03.0000000000+0900	molgap-top20-qm9/code/src/molgap/gps.py
8732	2026-08-22T04:13:03.0000000000+0900	molgap-top20-qm9/code/src/molgap/graphs.py
13977	2026-08-22T04:13:03.0000000000+0900	molgap-top20-qm9/code/src/molgap/hierarchical_external_eval.py
13490	2026-08-22T04:13:03.0000000000+0900	molgap-top20-qm9/code/src/molgap/hierarchical_fusion.py
6006	2026-08-22T04:13:03.0000000000+0900	molgap-top20-qm9/code/src/molgap/hierarchical_oracle.py
1697	2026-08-22T04:13:03.0000000000+0900	molgap-top20-qm9/code/src/molgap/hybrid.py
39094	2026-08-22T04:13:03.0000000000+0900	molgap-top20-qm9/code/src/molgap/inference.py
16094	2026-08-22T04:13:03.0000000000+0900	molgap-top20-qm9/code/src/molgap/inference_benchmark.py
4575	2026-08-22T04:13:03.0000000000+0900	molgap-top20-qm9/code/src/molgap/late_router.py
9273	2026-08-22T04:13:03.0000000000+0900	molgap-top20-qm9/code/src/molgap/model_reporting.py
12073	2026-08-22T04:13:03.0000000000+0900	molgap-top20-qm9/code/src/molgap/multi2d.py
21268	2026-08-22T04:13:03.0000000000+0900	molgap-top20-qm9/code/src/molgap/multi2d_data.py
19609	2026-08-22T04:13:03.0000000000+0900	molgap-top20-qm9/code/src/molgap/multi2d_router_fusion.py
8436	2026-08-22T04:13:03.0000000000+0900	molgap-top20-qm9/code/src/molgap/oof_planning.py
13400	2026-08-23T14:06:35.0000000000+0900	molgap-top20-qm9/code/src/molgap/pair_gps_2d.py
9234	2026-08-22T17:45:51.0000000000+0900	molgap-top20-qm9/code/src/molgap/pair_triplet_2d.py
10606	2026-08-22T18:18:36.0000000000+0900	molgap-top20-qm9/code/src/molgap/pair_triplet_2d_rich.py
17336	2026-08-23T09:54:36.0000000000+0900	molgap-top20-qm9/code/src/molgap/payload_multistack_calibrator.py
15179	2026-08-23T09:45:15.0000000000+0900	molgap-top20-qm9/code/src/molgap/payload_stack_calibrator.py
46556	2026-08-22T04:13:03.0000000000+0900	molgap-top20-qm9/code/src/molgap/pcqm_expert.py
10079	2026-08-22T04:13:04.0000000000+0900	molgap-top20-qm9/code/src/molgap/pcqm_route_b.py
6212	2026-08-22T04:13:04.0000000000+0900	molgap-top20-qm9/code/src/molgap/pcqm_route_b_acceptance.py
19393	2026-08-22T04:13:04.0000000000+0900	molgap-top20-qm9/code/src/molgap/pcqm_route_b_evaluation.py
32101	2026-08-22T04:13:04.0000000000+0900	molgap-top20-qm9/code/src/molgap/pcqm_route_b_fusion.py
33032	2026-08-22T04:13:04.0000000000+0900	molgap-top20-qm9/code/src/molgap/pcqm_route_b_search.py
28535	2026-08-22T04:13:04.0000000000+0900	molgap-top20-qm9/code/src/molgap/pcqm_route_b_training.py
12779	2026-08-22T11:22:38.0000000000+0900	molgap-top20-qm9/code/src/molgap/pcqm_tgt_hybrid_v3.py
13671	2026-08-22T04:52:09.0000000000+0900	molgap-top20-qm9/code/src/molgap/pcqm_tgt_lite.py
2933	2026-08-22T04:13:04.0000000000+0900	molgap-top20-qm9/code/src/molgap/portable_radius.py
15192	2026-08-22T04:13:04.0000000000+0900	molgap-top20-qm9/code/src/molgap/presentation_figures.py
8508	2026-08-22T04:13:04.0000000000+0900	molgap-top20-qm9/code/src/molgap/pubchemqc.py
14567	2026-08-22T04:13:04.0000000000+0900	molgap-top20-qm9/code/src/molgap/pubchemqc_architecture.py
10503	2026-08-22T04:13:04.0000000000+0900	molgap-top20-qm9/code/src/molgap/qm9_conformer.py
17619	2026-08-22T04:13:04.0000000000+0900	molgap-top20-qm9/code/src/molgap/qm9_fusion.py
7972	2026-08-22T04:13:04.0000000000+0900	molgap-top20-qm9/code/src/molgap/qm9_payloads.py
49636	2026-08-23T14:42:19.0000000000+0900	molgap-top20-qm9/code/src/molgap/qm9_screen.py
52388	2026-08-22T04:13:04.0000000000+0900	molgap-top20-qm9/code/src/molgap/repaired_2m_3d_colab.py
34200	2026-08-22T04:13:04.0000000000+0900	molgap-top20-qm9/code/src/molgap/repaired_2m_schnet.py
9098	2026-08-22T04:13:04.0000000000+0900	molgap-top20-qm9/code/src/molgap/residual_attribution.py
2252	2026-08-22T04:13:04.0000000000+0900	molgap-top20-qm9/code/src/molgap/retention.py
14598	2026-08-22T04:13:05.0000000000+0900	molgap-top20-qm9/code/src/molgap/route_b_fusion.py
21155	2026-08-22T04:13:04.0000000000+0900	molgap-top20-qm9/code/src/molgap/router.py
2879	2026-08-22T04:13:04.0000000000+0900	molgap-top20-qm9/code/src/molgap/router_sampling.py
5093	2026-08-22T04:13:05.0000000000+0900	molgap-top20-qm9/code/src/molgap/schnet.py
4373	2026-08-22T04:13:05.0000000000+0900	molgap-top20-qm9/code/src/molgap/schnetpack.py
15393	2026-08-22T04:13:05.0000000000+0900	molgap-top20-qm9/code/src/molgap/tensornet.py
8735	2026-08-22T22:43:45.0000000000+0900	molgap-top20-qm9/code/src/molgap/tgt_egt_compact.py
16775	2026-08-22T23:49:34.0000000000+0900	molgap-top20-qm9/code/src/molgap/tgt_egt_hybrid.py
6741	2026-08-23T02:18:49.0000000000+0900	molgap-top20-qm9/code/src/molgap/tgt_egt_hybrid_plus.py
7917	2026-08-23T04:30:45.0000000000+0900	molgap-top20-qm9/code/src/molgap/tgt_egt_hybrid_warmblend.py
5877	2026-08-22T23:52:00.0000000000+0900	molgap-top20-qm9/code/src/molgap/tgt_egt_rich.py
2623	2026-08-22T09:36:13.0000000000+0900	molgap-top20-qm9/code/src/molgap/tgt_hybrid.py
3495	2026-08-22T10:42:03.0000000000+0900	molgap-top20-qm9/code/src/molgap/tgt_hybrid_v2.py
8378	2026-08-22T07:29:17.0000000000+0900	molgap-top20-qm9/code/src/molgap/tgt_lite.py
7793	2026-08-22T10:40:41.0000000000+0900	molgap-top20-qm9/code/src/molgap/topology_attention.py
21604	2026-08-22T04:13:05.0000000000+0900	molgap-top20-qm9/code/src/molgap/utils.py
2527	2026-08-22T04:13:05.0000000000+0900	molgap-top20-qm9/code/src/molgap/visnet.py
13906	2026-08-23T12:05:31.0000000000+0900	molgap-top20-qm9/code/src/qm9_screen.py
1061	2026-08-23T13:29:21.0000000000+0900	molgap-top20-qm9/code/train_pair_gps_2d_preflight.pbs
1096	2026-08-23T14:06:30.0000000000+0900	molgap-top20-qm9/code/train_pair_gps_2d_preflight_retry4.pbs
1096	2026-08-23T14:38:04.0000000000+0900	molgap-top20-qm9/code/train_pair_gps_2d_preflight_retry5.pbs
1096	2026-08-23T14:42:14.0000000000+0900	molgap-top20-qm9/code/train_pair_gps_2d_preflight_retry6.pbs
14761	2026-08-23T11:55:43.0000000000+0900	molgap-top20-qm9/experiments/qm9_architecture/multi_expert_fusion_preflight.py
159	2026-08-23T09:54:36.0000000000+0900	molgap-top20-qm9/experiments/qm9_architecture/payload_multistack_calibrator.py
157	2026-08-23T09:45:15.0000000000+0900	molgap-top20-qm9/experiments/qm9_architecture/payload_stack_calibrator.py
13917	2026-08-23T12:36:55.0000000000+0900	molgap-top20-qm9/experiments/qm9_architecture/pure2d_gps_fusion_preflight.py
13933	2026-08-23T13:34:09.0000000000+0900	molgap-top20-qm9/experiments/qm9_architecture/qm9_screen.py
1492	2026-08-23T10:34:04.0000000000+0900	molgap-top20-qm9/experiments/qm9_architecture/schnet_two_view_preflight.py
1299	2026-08-23T11:45:33.0000000000+0900	molgap-top20-qm9/experiments/qm9_architecture/train_multi_expert_fusion_preflight.pbs
2058	2026-08-22T04:13:01.0000000000+0900	molgap-top20-qm9/experiments/top20_architecture_qm9/README.md
5656	2026-08-22T11:23:07.0000000000+0900	molgap-top20-qm9/experiments/top20_architecture_qm9/build_pcqm_tgt_cache.py
1473	2026-08-22T04:13:01.0000000000+0900	molgap-top20-qm9/experiments/top20_architecture_qm9/decision.md
3858	2026-08-22T04:17:23.0000000000+0900	molgap-top20-qm9/experiments/top20_architecture_qm9/prepare_etkdg.py
4852	2026-08-22T04:13:01.0000000000+0900	molgap-top20-qm9/experiments/top20_architecture_qm9/top20_audit.md
1874	2026-08-22T04:30:14.0000000000+0900	molgap-top20-qm9/experiments/top20_architecture_qm9/verify_cache.py
2055	2026-08-22T16:37:42.0000000000+0900	molgap-top20-qm9/logs/edge_global_2d_preflight_retry2_seed42.log
2252	2026-08-22T16:06:57.0000000000+0900	molgap-top20-qm9/logs/edge_global_2d_preflight_retry_seed42.log
2252	2026-08-22T16:06:57.0000000000+0900	molgap-top20-qm9/logs/edge_global_2d_preflight_retry_seed42_dtype_failed.log
1327	2026-08-22T15:41:46.0000000000+0900	molgap-top20-qm9/logs/edge_global_2d_preflight_seed42.log
1327	2026-08-22T15:41:46.0000000000+0900	molgap-top20-qm9/logs/edge_global_2d_preflight_seed42_entrypoint_failed.log
3071	2026-08-23T12:22:11.0000000000+0900	molgap-top20-qm9/logs/gps9_pcqm_transfer_retry2_seed42.log
2068	2026-08-23T12:39:23.0000000000+0900	molgap-top20-qm9/logs/gps9_pcqm_transfer_retry3_seed42.log
986	2026-08-23T12:10:10.0000000000+0900	molgap-top20-qm9/logs/gps9_pcqm_transfer_seed42.log
34819	2026-08-23T11:49:00.0000000000+0900	molgap-top20-qm9/logs/gps_precision_four_expert_seed42.log
884	2026-08-23T10:28:17.0000000000+0900	molgap-top20-qm9/logs/gps_precision_late_fusion_concat_seed42.log
2295	2026-08-23T10:22:24.0000000000+0900	molgap-top20-qm9/logs/gps_precision_late_fusion_gps11_seed42.log
2140	2026-08-23T10:12:24.0000000000+0900	molgap-top20-qm9/logs/gps_precision_late_fusion_gps9_seed42.log
7339	2026-08-23T10:28:45.0000000000+0900	molgap-top20-qm9/logs/gps_precision_late_fusion_head_seed42.log
2091	2026-08-23T10:28:09.0000000000+0900	molgap-top20-qm9/logs/gps_precision_late_fusion_schnet_seed42.log
14856	2026-08-23T11:57:58.0000000000+0900	molgap-top20-qm9/logs/gps_precision_physics_seed42.log
6749	2026-08-23T11:37:55.0000000000+0900	molgap-top20-qm9/logs/gps_precision_two_view_fusion_seed42.log
3591	2026-08-23T11:37:08.0000000000+0900	molgap-top20-qm9/logs/gps_precision_two_view_schnet_seed42.log
1749	2026-08-23T13:59:40.0000000000+0900	molgap-top20-qm9/logs/pair_gps_2d_preflight_retry2_seed42.log
2283	2026-08-23T14:05:49.0000000000+0900	molgap-top20-qm9/logs/pair_gps_2d_preflight_retry3_seed42.log
1062	2026-08-23T14:35:59.0000000000+0900	molgap-top20-qm9/logs/pair_gps_2d_preflight_retry4_seed42.log
1085	2026-08-23T14:41:01.0000000000+0900	molgap-top20-qm9/logs/pair_gps_2d_preflight_retry5_seed42.log
1763	2026-08-23T15:26:04.0000000000+0900	molgap-top20-qm9/logs/pair_gps_2d_preflight_retry6_seed42.log
1962	2026-08-23T13:33:07.0000000000+0900	molgap-top20-qm9/logs/pair_gps_2d_preflight_seed42.log
1827	2026-08-22T18:12:04.0000000000+0900	molgap-top20-qm9/logs/pair_triplet_2d_preflight_retry2_seed42.log
3009	2026-08-22T17:10:59.0000000000+0900	molgap-top20-qm9/logs/pair_triplet_2d_preflight_seed42.log
3009	2026-08-22T17:10:59.0000000000+0900	molgap-top20-qm9/logs/pair_triplet_2d_preflight_seed42_shape_failed.log
1940	2026-08-22T19:30:35.0000000000+0900	molgap-top20-qm9/logs/pair_triplet_2d_rich_preflight_seed42.log
6158	2026-08-23T09:57:41.0000000000+0900	molgap-top20-qm9/logs/payload_multistack_calibrator_preflight_seed42.log
4372	2026-08-23T09:48:41.0000000000+0900	molgap-top20-qm9/logs/payload_stack_calibrator_preflight_seed42.log
130176	2026-08-22T07:08:28.0000000000+0900	molgap-top20-qm9/logs/prepare_etkdg.log
16068	2026-08-23T13:34:51.0000000000+0900	molgap-top20-qm9/logs/pure2d_gps_reference_seed42.log
1770	2026-08-22T22:39:36.0000000000+0900	molgap-top20-qm9/logs/tgt_egt_compact_preflight_retry2_seed42.log
1575	2026-08-22T22:04:02.0000000000+0900	molgap-top20-qm9/logs/tgt_egt_compact_preflight_seed42.log
1454	2026-08-23T05:04:12.0000000000+0900	molgap-top20-qm9/logs/tgt_egt_hybrid_frozen_preflight_seed42.log
2299	2026-08-23T04:11:19.0000000000+0900	molgap-top20-qm9/logs/tgt_egt_hybrid_plus_preflight_seed42.log
2833	2026-08-22T21:36:42.0000000000+0900	molgap-top20-qm9/logs/tgt_egt_hybrid_preflight_seed42.log
2580	2026-08-23T09:24:08.0000000000+0900	molgap-top20-qm9/logs/tgt_egt_hybrid_warmblend_frozen_preflight_seed42.log
2621	2026-08-23T08:04:11.0000000000+0900	molgap-top20-qm9/logs/tgt_egt_hybrid_warmblend_preflight_retry2_seed42.log
1710	2026-08-23T05:06:50.0000000000+0900	molgap-top20-qm9/logs/tgt_egt_hybrid_warmblend_preflight_seed42.log
3558	2026-08-22T23:45:19.0000000000+0900	molgap-top20-qm9/logs/tgt_egt_rich_preflight_retry4_seed42.log
1727	2026-08-23T01:32:42.0000000000+0900	molgap-top20-qm9/logs/tgt_egt_rich_preflight_retry5_seed42.log
1751	2026-08-22T23:09:13.0000000000+0900	molgap-top20-qm9/logs/tgt_egt_stable_preflight_retry3_seed42.log
3977	2026-08-22T10:10:37.0000000000+0900	molgap-top20-qm9/logs/tgt_hybrid_seed42.log
2887	2026-08-22T10:37:06.0000000000+0900	molgap-top20-qm9/logs/tgt_hybrid_v2_seed42.log
2370	2026-08-22T13:40:39.0000000000+0900	molgap-top20-qm9/logs/tgt_hybrid_v3_seed42.log
2181	2026-08-22T09:32:57.0000000000+0900	molgap-top20-qm9/logs/tgt_lite_seed42.log
2716	2026-08-22T07:29:59.0000000000+0900	molgap-top20-qm9/logs/tgt_lite_seed42_failed_alignment.log
11304	2026-08-23T11:48:49.0000000000+0900	molgap-top20-qm9/outputs/fusion_gps_precision_four_expert/concat/metrics.json
9577	2026-08-23T11:48:49.0000000000+0900	molgap-top20-qm9/outputs/fusion_gps_precision_four_expert/concat/training_log.json
4253	2026-08-23T11:49:00.0000000000+0900	molgap-top20-qm9/outputs/fusion_gps_precision_four_expert/prediction_aware_gate/metrics.json
3047	2026-08-23T11:48:59.0000000000+0900	molgap-top20-qm9/outputs/fusion_gps_precision_four_expert/prediction_aware_gate/training_log.json
12835	2026-08-23T11:48:28.0000000000+0900	molgap-top20-qm9/outputs/fusion_gps_precision_four_expert/standard_gate/metrics.json
10967	2026-08-23T11:48:28.0000000000+0900	molgap-top20-qm9/outputs/fusion_gps_precision_four_expert/standard_gate/training_log.json
33768	2026-08-23T11:49:00.0000000000+0900	molgap-top20-qm9/outputs/fusion_gps_precision_four_expert/summary.json
7024	2026-08-23T10:28:45.0000000000+0900	molgap-top20-qm9/outputs/fusion_gps_precision_late_fusion/metrics_seed42.json
11643	2026-08-23T11:57:58.0000000000+0900	molgap-top20-qm9/outputs/fusion_gps_precision_physics/physics_exact_gate/metrics.json
9863	2026-08-23T11:57:58.0000000000+0900	molgap-top20-qm9/outputs/fusion_gps_precision_physics/physics_exact_gate/training_log.json
14291	2026-08-23T11:57:58.0000000000+0900	molgap-top20-qm9/outputs/fusion_gps_precision_physics/summary.json
6434	2026-08-23T11:37:55.0000000000+0900	molgap-top20-qm9/outputs/fusion_gps_precision_two_view/metrics_seed42.json
12923	2026-08-23T13:34:51.0000000000+0900	molgap-top20-qm9/outputs/fusion_pure2d_gps_reference_seed42/standard_gate/metrics.json
11096	2026-08-23T13:34:51.0000000000+0900	molgap-top20-qm9/outputs/fusion_pure2d_gps_reference_seed42/standard_gate/training_log.json
15509	2026-08-23T13:34:51.0000000000+0900	molgap-top20-qm9/outputs/fusion_pure2d_gps_reference_seed42/summary.json
120917	2026-08-22T13:40:36.0000000000+0900	molgap-top20-qm9/outputs/results/n100000_10000_10000/tgt_hybrid_v2_etkdg/seed42/metrics.json
120882	2026-08-22T09:32:55.0000000000+0900	molgap-top20-qm9/outputs/results/n100000_10000_10000/tgt_lite_etkdg/seed42/metrics.json
6298	2026-08-22T16:37:41.0000000000+0900	molgap-top20-qm9/outputs/results_edge_global_2d_retry2/n30000_3000_3000/edge_global_2d_topology/seed42/metrics.json
9343	2026-08-23T12:22:11.0000000000+0900	molgap-top20-qm9/outputs/results_gps9_pcqm_transfer_retry2/n30000_3000_3000/gps9_pcqm_transfer_topology/seed42/metrics.json
8249	2026-08-23T10:22:23.0000000000+0900	molgap-top20-qm9/outputs/results_gps_precision_late_fusion/gps11_160/n30000_3000_3000/gps11_160_topology/seed42/metrics.json
8227	2026-08-23T10:12:23.0000000000+0900	molgap-top20-qm9/outputs/results_gps_precision_late_fusion/gps9/n30000_3000_3000/gps9_topology/seed42/metrics.json
41459	2026-08-23T10:28:08.0000000000+0900	molgap-top20-qm9/outputs/results_gps_precision_late_fusion/schnet/n30000_3000_3000/schnet_etkdg/seed42/metrics.json
10625	2026-08-23T11:37:07.0000000000+0900	molgap-top20-qm9/outputs/results_gps_precision_two_view/n30000_3000_3000/schnet_etkdg_aug2/seed42/metrics.json
6307	2026-08-23T13:59:39.0000000000+0900	molgap-top20-qm9/outputs/results_pair_gps_2d_retry2/n30000_3000_3000/pair_gps_2d_topology/seed42/metrics.json
6338	2026-08-23T15:26:04.0000000000+0900	molgap-top20-qm9/outputs/results_pair_gps_2d_retry6/n30000_3000_3000/pair_gps_2d_topology/seed42/metrics.json
6347	2026-08-22T18:12:03.0000000000+0900	molgap-top20-qm9/outputs/results_pair_triplet_2d_retry2/n30000_3000_3000/pair_triplet_2d_topology/seed42/metrics.json
6373	2026-08-22T19:30:34.0000000000+0900	molgap-top20-qm9/outputs/results_pair_triplet_2d_rich/n30000_3000_3000/pair_triplet_2d_rich_topology/seed42/metrics.json
3114	2026-08-23T09:57:41.0000000000+0900	molgap-top20-qm9/outputs/results_payload_multistack_calibrator/n30000_3000_3000/payload_multistack_calibrator/seed42/metrics.json
1804	2026-08-23T09:48:41.0000000000+0900	molgap-top20-qm9/outputs/results_payload_stack_calibrator/n30000_3000_3000/payload_stack_calibrator/seed42/metrics.json
39498	2026-08-22T22:39:35.0000000000+0900	molgap-top20-qm9/outputs/results_tgt_egt_compact_retry2/n30000_3000_3000/tgt_egt_compact_etkdg/seed42/metrics.json
39522	2026-08-22T21:36:41.0000000000+0900	molgap-top20-qm9/outputs/results_tgt_egt_hybrid/n30000_3000_3000/tgt_egt_hybrid_etkdg/seed42/metrics.json
38027	2026-08-23T05:04:11.0000000000+0900	molgap-top20-qm9/outputs/results_tgt_egt_hybrid_frozen/n30000_3000_3000/tgt_egt_hybrid_frozen_etkdg/seed42/metrics.json
39780	2026-08-23T04:11:18.0000000000+0900	molgap-top20-qm9/outputs/results_tgt_egt_hybrid_plus/n30000_3000_3000/tgt_egt_hybrid_plus_etkdg/seed42/metrics.json
39921	2026-08-23T09:24:07.0000000000+0900	molgap-top20-qm9/outputs/results_tgt_egt_hybrid_warmblend_frozen/n30000_3000_3000/tgt_egt_hybrid_warmblend_frozen_etkdg/seed42/metrics.json
39828	2026-08-23T08:04:10.0000000000+0900	molgap-top20-qm9/outputs/results_tgt_egt_hybrid_warmblend_retry2/n30000_3000_3000/tgt_egt_hybrid_warmblend_etkdg/seed42/metrics.json
39723	2026-08-23T01:32:41.0000000000+0900	molgap-top20-qm9/outputs/results_tgt_egt_rich_retry5/n30000_3000_3000/tgt_egt_rich_etkdg/seed42/metrics.json
39532	2026-08-22T23:09:12.0000000000+0900	molgap-top20-qm9/outputs/results_tgt_egt_stable_retry3/n30000_3000_3000/tgt_egt_stable_etkdg/seed42/metrics.json
1122	2026-08-22T04:44:19.0000000000+0900	molgap-top20-qm9/platforms/ims/top20_qm9/README.md
800	2026-08-22T04:52:26.0000000000+0900	molgap-top20-qm9/platforms/ims/top20_qm9/build_pcqm_tgt_cache.pbs
819	2026-08-22T11:23:12.0000000000+0900	molgap-top20-qm9/platforms/ims/top20_qm9/build_pcqm_tgt_hybrid_v3_cache.pbs
834	2026-08-22T04:21:32.0000000000+0900	molgap-top20-qm9/platforms/ims/top20_qm9/prepare_etkdg.pbs
1019	2026-08-22T15:24:11.0000000000+0900	molgap-top20-qm9/platforms/ims/top20_qm9/train_edge_global_2d_preflight.pbs
1109	2026-08-22T15:46:29.0000000000+0900	molgap-top20-qm9/platforms/ims/top20_qm9/train_edge_global_2d_preflight_retry.pbs
1114	2026-08-22T16:08:29.0000000000+0900	molgap-top20-qm9/platforms/ims/top20_qm9/train_edge_global_2d_preflight_retry2.pbs
1215	2026-08-23T12:05:41.0000000000+0900	molgap-top20-qm9/platforms/ims/top20_qm9/train_gps9_pcqm_transfer_preflight.pbs
1250	2026-08-23T12:11:45.0000000000+0900	molgap-top20-qm9/platforms/ims/top20_qm9/train_gps9_pcqm_transfer_retry2_preflight.pbs
1250	2026-08-23T12:28:42.0000000000+0900	molgap-top20-qm9/platforms/ims/top20_qm9/train_gps9_pcqm_transfer_retry3_preflight.pbs
3164	2026-08-23T10:02:06.0000000000+0900	molgap-top20-qm9/platforms/ims/top20_qm9/train_gps_precision_late_fusion_preflight.pbs
1747	2026-08-23T10:34:04.0000000000+0900	molgap-top20-qm9/platforms/ims/top20_qm9/train_gps_precision_two_view_preflight.pbs
1299	2026-08-23T11:45:52.0000000000+0900	molgap-top20-qm9/platforms/ims/top20_qm9/train_multi_expert_fusion_preflight.pbs
1085	2026-08-22T16:44:50.0000000000+0900	molgap-top20-qm9/platforms/ims/top20_qm9/train_pair_triplet_2d_preflight.pbs
1120	2026-08-22T17:48:09.0000000000+0900	molgap-top20-qm9/platforms/ims/top20_qm9/train_pair_triplet_2d_preflight_retry2.pbs
1115	2026-08-22T18:19:09.0000000000+0900	molgap-top20-qm9/platforms/ims/top20_qm9/train_pair_triplet_2d_rich_preflight.pbs
1127	2026-08-23T09:54:36.0000000000+0900	molgap-top20-qm9/platforms/ims/top20_qm9/train_payload_multistack_calibrator_preflight.pbs
1097	2026-08-23T09:45:15.0000000000+0900	molgap-top20-qm9/platforms/ims/top20_qm9/train_payload_stack_calibrator_preflight.pbs
1006	2026-08-22T11:23:12.0000000000+0900	molgap-top20-qm9/platforms/ims/top20_qm9/train_pcqm_tgt_hybrid_v3.pbs
964	2026-08-22T04:52:26.0000000000+0900	molgap-top20-qm9/platforms/ims/top20_qm9/train_pcqm_tgt_lite.pbs
1321	2026-08-23T11:55:52.0000000000+0900	molgap-top20-qm9/platforms/ims/top20_qm9/train_physics_consistent_fusion_preflight.pbs
1029	2026-08-23T12:37:00.0000000000+0900	molgap-top20-qm9/platforms/ims/top20_qm9/train_pure2d_gps_fusion_preflight.pbs
1079	2026-08-22T21:45:05.0000000000+0900	molgap-top20-qm9/platforms/ims/top20_qm9/train_tgt_egt_compact_preflight.pbs
1114	2026-08-22T22:05:16.0000000000+0900	molgap-top20-qm9/platforms/ims/top20_qm9/train_tgt_egt_compact_preflight_retry2.pbs
1231	2026-08-23T02:19:03.0000000000+0900	molgap-top20-qm9/platforms/ims/top20_qm9/train_tgt_egt_hybrid_frozen_preflight.pbs
1219	2026-08-23T01:52:07.0000000000+0900	molgap-top20-qm9/platforms/ims/top20_qm9/train_tgt_egt_hybrid_plus_preflight.pbs
1076	2026-08-22T19:19:12.0000000000+0900	molgap-top20-qm9/platforms/ims/top20_qm9/train_tgt_egt_hybrid_preflight.pbs
1427	2026-08-23T05:22:43.0000000000+0900	molgap-top20-qm9/platforms/ims/top20_qm9/train_tgt_egt_hybrid_warmblend_frozen_preflight.pbs
1385	2026-08-23T04:30:59.0000000000+0900	molgap-top20-qm9/platforms/ims/top20_qm9/train_tgt_egt_hybrid_warmblend_preflight.pbs
1420	2026-08-23T05:09:41.0000000000+0900	molgap-top20-qm9/platforms/ims/top20_qm9/train_tgt_egt_hybrid_warmblend_preflight_retry2.pbs
1096	2026-08-22T23:17:06.0000000000+0900	molgap-top20-qm9/platforms/ims/top20_qm9/train_tgt_egt_rich_preflight_retry4.pbs
1096	2026-08-22T23:49:49.0000000000+0900	molgap-top20-qm9/platforms/ims/top20_qm9/train_tgt_egt_rich_preflight_retry5.pbs
1108	2026-08-22T22:44:03.0000000000+0900	molgap-top20-qm9/platforms/ims/top20_qm9/train_tgt_egt_stable_preflight_retry3.pbs
1199	2026-08-22T09:36:13.0000000000+0900	molgap-top20-qm9/platforms/ims/top20_qm9/train_tgt_hybrid.pbs
1235	2026-08-22T10:13:57.0000000000+0900	molgap-top20-qm9/platforms/ims/top20_qm9/train_tgt_hybrid_v2.pbs
1235	2026-08-22T10:44:48.0000000000+0900	molgap-top20-qm9/platforms/ims/top20_qm9/train_tgt_hybrid_v3.pbs
1195	2026-08-22T04:30:04.0000000000+0900	molgap-top20-qm9/platforms/ims/top20_qm9/train_tgt_lite.pbs
6663	2026-06-04T13:29:08.0000000000+0900	molgap/Project.md
778	2026-06-04T13:29:08.0000000000+0900	molgap/TO-AI/archive/stage1_pipeline_archive_20260602_144731.md
3051	2026-06-04T13:29:08.0000000000+0900	molgap/TO-AI/archive/stage2_10k_baseline_archive_20260602.md
3983	2026-06-04T13:29:08.0000000000+0900	molgap/TO-AI/archive/stage3_interpretability_y_random_confidence_20260602.md
3501	2026-06-04T13:29:08.0000000000+0900	molgap/TO-AI/archive/stage4_scaffold_and_commercial_pipeline_20260602.md
4268	2026-06-04T13:29:08.0000000000+0900	molgap/TO-AI/archive/stage5_light_benchmark_gap_consistency_20260602.md
2939	2026-06-04T13:29:08.0000000000+0900	molgap/TO-AI/archive/stage5b_tuning_20260603.md
2229	2026-06-04T13:29:08.0000000000+0900	molgap/TO-AI/archive/stage6_embedding_experiments_20260603.md
4647	2026-06-04T13:29:08.0000000000+0900	molgap/TO-AI/archive/stage6_feature_contribution_analysis_20260602.md
2215	2026-06-04T13:29:08.0000000000+0900	molgap/TO-AI/archive/stage7_30k_advanced_models_20260603.md
4478	2026-06-04T13:29:08.0000000000+0900	molgap/TO-AI/archive/stage7_new_fingerprints_feature_selection_20260603.md
2539	2026-06-04T13:29:08.0000000000+0900	molgap/TO-AI/archive/stage8_generalization_study_20260603.md
4958	2026-06-04T13:29:08.0000000000+0900	molgap/TO-AI/experiment_phases.md
8159	2026-06-04T13:29:08.0000000000+0900	molgap/TO-AI/handover.md
3828	2026-06-04T13:29:08.0000000000+0900	molgap/TO-AI/notes.md
3678	2026-06-04T13:29:08.0000000000+0900	molgap/TO-AI/stage8_next_steps.md
8408	2026-06-04T13:29:08.0000000000+0900	molgap/TO-AI/todo.md
7017	2026-06-04T13:29:08.0000000000+0900	molgap/TO-AI/work-flow.md
321	2026-06-04T13:29:08.0000000000+0900	molgap/requirements.txt
3030	2026-06-04T13:29:08.0000000000+0900	molgap/results/advanced/advanced_experiment_summary.json
1582	2026-06-04T13:29:08.0000000000+0900	molgap/results/advanced/advanced_model_comparison.csv
193983	2026-06-04T13:29:08.0000000000+0900	molgap/results/analysis/feature_importance_lightgbm.csv
206	2026-06-04T13:29:08.0000000000+0900	molgap/results/analysis/target_metrics_summary.csv
1967	2026-06-04T13:29:08.0000000000+0900	molgap/results/analysis/top_errors_lightgbm.csv
7631	2026-06-04T13:29:08.0000000000+0900	molgap/results/benchmark/light_feature_model_benchmark.csv
822	2026-06-04T13:29:08.0000000000+0900	molgap/results/benchmark/light_feature_model_benchmark_best_by_split.csv
3908	2026-06-04T13:29:08.0000000000+0900	molgap/results/benchmark/light_feature_model_benchmark_summary.csv
848	2026-06-04T13:29:08.0000000000+0900	molgap/results/comparison_report_new_fingerprints.csv
195	2026-06-04T13:29:08.0000000000+0900	molgap/results/confidence/applicability_distance_summary.csv
722	2026-06-04T13:29:08.0000000000+0900	molgap/results/confidence/confidence_summary.csv
722	2026-06-04T13:29:08.0000000000+0900	molgap/results/confidence/error_by_confidence_bin.csv
1211	2026-06-04T13:29:08.0000000000+0900	molgap/results/database/commercial_molgap_predictions_v1.csv
327	2026-06-04T13:29:08.0000000000+0900	molgap/results/database/commercial_prediction_summary.json
7217	2026-06-04T13:29:08.0000000000+0900	molgap/results/embeddings/embedding_experiment_summary.json
3686	2026-06-04T13:29:08.0000000000+0900	molgap/results/embeddings/embedding_model_comparison.csv
610	2026-06-04T13:29:08.0000000000+0900	molgap/results/experiments/_TEMPLATE.json
372	2026-06-04T13:29:08.0000000000+0900	molgap/results/feature_contribution/feature_group_importance.csv
386727	2026-06-04T13:29:08.0000000000+0900	molgap/results/feature_contribution/feature_importance_lightgbm_gain_split.csv
387	2026-06-04T13:29:08.0000000000+0900	molgap/results/feature_contribution/feature_importance_summary_by_target.csv
7008	2026-06-04T13:29:08.0000000000+0900	molgap/results/feature_contribution/permutation_importance_lightgbm_sample.csv
600643	2026-06-04T13:29:09.0000000000+0900	molgap/results/feature_contribution/ridge_coefficient_importance.csv
855	2026-06-04T13:29:09.0000000000+0900	molgap/results/feature_contribution/target_feature_overlap.csv
147581	2026-06-04T13:29:09.0000000000+0900	molgap/results/feature_contribution/top_features_overall.csv
130183	2026-06-04T13:29:09.0000000000+0900	molgap/results/feature_contribution/top_morgan_bits.csv
17469	2026-06-04T13:29:09.0000000000+0900	molgap/results/feature_contribution/top_rdkit_descriptors.csv
94921	2026-06-04T13:29:09.0000000000+0900	molgap/results/feature_selection_gain.csv
276	2026-06-04T13:29:09.0000000000+0900	molgap/results/gap_consistency/gap_strategy_best_by_split.csv
2701	2026-06-04T13:29:09.0000000000+0900	molgap/results/gap_consistency/gap_strategy_comparison.csv
1597	2026-06-04T13:29:09.0000000000+0900	molgap/results/generalization/generalization_summary.csv
703	2026-06-04T13:29:09.0000000000+0900	molgap/results/generalization/step0_chon_mw200_300_metrics.json
703	2026-06-04T13:29:09.0000000000+0900	molgap/results/generalization/step1_chon_mw200_500_metrics.json
713	2026-06-04T13:29:09.0000000000+0900	molgap/results/generalization/step2_chons_mw200_500_metrics.json
723	2026-06-04T13:29:09.0000000000+0900	molgap/results/generalization/step3_chonsf_mw200_500_metrics.json
732	2026-06-04T13:29:09.0000000000+0900	molgap/results/generalization/step4_chonsfcl_mw200_500_metrics.json
10451	2026-06-04T13:29:09.0000000000+0900	molgap/results/master_experiment_log.csv
444	2026-06-04T13:29:09.0000000000+0900	molgap/results/metrics_extratrees_test.json
441	2026-06-04T13:29:09.0000000000+0900	molgap/results/metrics_extratrees_valid.json
444	2026-06-04T13:29:09.0000000000+0900	molgap/results/metrics_lightgbm_test.json
443	2026-06-04T13:29:09.0000000000+0900	molgap/results/metrics_lightgbm_valid.json
442	2026-06-04T13:29:09.0000000000+0900	molgap/results/metrics_randomforest_test.json
445	2026-06-04T13:29:09.0000000000+0900	molgap/results/metrics_randomforest_valid.json
443	2026-06-04T13:29:09.0000000000+0900	molgap/results/metrics_ridge_test.json
441	2026-06-04T13:29:09.0000000000+0900	molgap/results/metrics_ridge_valid.json
2095	2026-06-04T13:29:09.0000000000+0900	molgap/results/model_comparison_baseline.csv
761	2026-06-04T13:29:09.0000000000+0900	molgap/results/phase3/phase3_metrics.json
658	2026-06-04T13:29:09.0000000000+0900	molgap/results/phase3/phase3_vs_phase2_comparison.csv
446	2026-06-04T13:29:09.0000000000+0900	molgap/results/scaffold/metrics_lightgbm_scaffold_test.json
442	2026-06-04T13:29:09.0000000000+0900	molgap/results/scaffold/metrics_ridge_scaffold_test.json
1104	2026-06-04T13:29:09.0000000000+0900	molgap/results/scaffold/model_comparison_scaffold.csv
654	2026-06-04T13:29:09.0000000000+0900	molgap/results/scaffold/random_vs_scaffold_comparison.csv
81028	2026-06-04T13:29:09.0000000000+0900	molgap/results/scaffold/scaffold_split_indices.npz
135893	2026-06-04T13:29:09.0000000000+0900	molgap/results/scaffold/scaffold_split_summary.csv
235866	2026-06-04T13:29:09.0000000000+0900	molgap/results/train_valid_test_split_indices.npz
280	2026-06-04T13:29:09.0000000000+0900	molgap/results/tuning/best_params.json
265	2026-06-04T13:29:09.0000000000+0900	molgap/results/tuning/tuned_vs_baseline_comparison.csv
1370	2026-06-04T13:29:09.0000000000+0900	molgap/results/tuning/tuning_result_summary.json
5323	2026-06-04T13:29:09.0000000000+0900	molgap/results/y_randomization/y_randomization_summary.csv
424	2026-06-04T13:29:09.0000000000+0900	molgap/results/y_randomization/y_randomization_summary.json
2699	2026-06-04T13:52:41.0000000000+0900	molgap/run_phase3.sh
1627	2026-06-04T13:29:09.0000000000+0900	molgap/scripts/README.md
6377	2026-06-04T13:29:09.0000000000+0900	molgap/scripts/colab/extract_embeddings.py
8620	2026-06-04T13:29:09.0000000000+0900	molgap/scripts/phase1/advanced_models.py
7164	2026-06-04T13:29:09.0000000000+0900	molgap/scripts/phase1/analyze_results.py
8248	2026-06-04T13:29:09.0000000000+0900	molgap/scripts/phase1/confidence_analysis.py
14210	2026-06-04T13:29:09.0000000000+0900	molgap/scripts/phase1/feature_contribution_analysis.py
5560	2026-06-04T13:29:09.0000000000+0900	molgap/scripts/phase1/gap_consistency_analysis.py
8246	2026-06-04T13:29:09.0000000000+0900	molgap/scripts/phase1/light_benchmark.py
9572	2026-06-04T13:29:09.0000000000+0900	molgap/scripts/phase1/scaffold_split_train.py
7012	2026-06-04T13:29:09.0000000000+0900	molgap/scripts/phase1/train_baseline.py
6508	2026-06-04T13:29:09.0000000000+0900	molgap/scripts/phase1/train_with_embeddings.py
9603	2026-06-04T13:29:09.0000000000+0900	molgap/scripts/phase1/tune_lightgbm.py
6182	2026-06-04T13:29:09.0000000000+0900	molgap/scripts/phase1/y_randomization.py
13842	2026-06-04T13:29:09.0000000000+0900	molgap/scripts/phase2/generalization_study.py
13072	2026-06-04T13:52:41.0000000000+0900	molgap/scripts/phase3/scaleup.py
12485	2026-06-04T13:29:09.0000000000+0900	molgap/scripts/phase3/select_and_optimize.py
9589	2026-06-04T13:29:09.0000000000+0900	molgap/scripts/phase5/predict_commercial.py
9889	2026-06-04T13:29:09.0000000000+0900	molgap/scripts/pipeline/build_master_experiment_table.py
3582	2026-06-04T13:29:09.0000000000+0900	molgap/scripts/pipeline/clean.py
3846	2026-06-04T13:29:09.0000000000+0900	molgap/scripts/pipeline/feature_selection.py
4940	2026-06-04T13:29:09.0000000000+0900	molgap/scripts/pipeline/features.py
14534	2026-06-04T13:29:09.0000000000+0900	molgap/scripts/pipeline/fetch_stream.py
29	2026-06-04T13:29:09.0000000000+0900	molgap/src/molgap/__init__.py
13098	2026-06-04T13:52:41.0000000000+0900	molgap/src/molgap/utils.py
