{
  "model": "lightgbm",
  "n_runs": 20,
  "real_average": {
    "mae": 0.16699581058030824,
    "rmse": 0.24873875960208194,
    "r2": 0.9016993066744492
  },
  "randomized_average_mean": {
    "mae": 0.6607045037584686,
    "rmse": 0.8470167491414283,
    "r2": -0.07201647114407557
  },
  "randomized_average_std": {
    "mae": 0.003513464600092906,
    "rmse": 0.0034034162307759693,
    "r2": 0.009044875999407296
  }
}