{
  "n_estimators": 1200,
  "learning_rate": 0.05615789770027377,
  "max_depth": 8,
  "min_child_weight": 9,
  "subsample": 0.9367417318784355,
  "colsample_bytree": 0.522235395322179,
  "reg_alpha": 0.03538369975535934,
  "reg_lambda": 1.799674267259843e-06,
  "gamma": 0.00017254470772041776
}