{
  "n_estimators": 1100,
  "learning_rate": 0.04030842757370609,
  "num_leaves": 117,
  "max_depth": 13,
  "min_child_samples": 5,
  "subsample": 0.7325568268265567,
  "colsample_bytree": 0.5280629468518695,
  "reg_alpha": 0.13287085473397847,
  "reg_lambda": 0.7361357876260217
}