{
  "n_features_original": 6028,
  "n_features_selected": 2811,
  "best_model": "Tuned_LGBM",
  "best_avg_mae": 0.1596478487680887,
  "best_avg_r2": 0.8853385942334663,
  "lgbm_params": {
    "n_estimators": 1100,
    "learning_rate": 0.04030842757370609,
    "num_leaves": 117,
    "max_depth": 13,
    "min_child_samples": 5,
    "subsample": 0.7325568268265567,
    "colsample_bytree": 0.5280629468518695,
    "reg_alpha": 0.13287085473397847,
    "reg_lambda": 0.7361357876260217
  },
  "xgb_params": {
    "n_estimators": 1200,
    "learning_rate": 0.05615789770027377,
    "max_depth": 8,
    "min_child_weight": 9,
    "subsample": 0.9367417318784355,
    "colsample_bytree": 0.522235395322179,
    "reg_alpha": 0.03538369975535934,
    "reg_lambda": 1.799674267259843e-06,
    "gamma": 0.00017254470772041776
  },
  "all_results": [
    {
      "model": "Phase3_baseline(no_select)",
      "average_mae": 0.1706,
      "average_rmse": 0.2353,
      "average_r2": 0.8755,
      "homo_mae": 0.1448,
      "homo_r2": 0.8437,
      "lumo_mae": 0.1569,
      "lumo_r2": 0.9154,
      "gap_mae": 0.2102,
      "gap_r2": 0.8675
    },
    {
      "model": "Tuned_LGBM",
      "homo_mae": 0.13687209834456363,
      "homo_rmse": 0.18927292480141436,
      "homo_r2": 0.8530433291797528,
      "lumo_mae": 0.14628876438622157,
      "lumo_rmse": 0.2092538592838399,
      "lumo_r2": 0.92288078082961,
      "gap_mae": 0.1957826835734809,
      "gap_rmse": 0.27733518569538057,
      "gap_r2": 0.8800916726910359,
      "average_mae": 0.1596478487680887,
      "average_rmse": 0.2252873232602116,
      "average_r2": 0.8853385942334663
    },
    {
      "model": "Tuned_XGB",
      "homo_mae": 0.13848979771137238,
      "homo_rmse": 0.19219370808692876,
      "homo_r2": 0.8484727740287781,
      "lumo_mae": 0.14887933433055878,
      "lumo_rmse": 0.2135978814697306,
      "lumo_r2": 0.9196456074714661,
      "gap_mae": 0.19737373292446136,
      "gap_rmse": 0.2809312922011451,
      "gap_r2": 0.876961886882782,
      "average_mae": 0.16158095498879751,
      "average_rmse": 0.2289076272526015,
      "average_r2": 0.881693422794342
    },
    {
      "model": "CatBoost",
      "homo_mae": 0.157909787642915,
      "homo_rmse": 0.20810502408708337,
      "homo_r2": 0.8223449944490878,
      "lumo_mae": 0.17177861098047822,
      "lumo_rmse": 0.23112401264206434,
      "lumo_r2": 0.9059181586971717,
      "gap_mae": 0.2280351735964413,
      "gap_rmse": 0.3069954570580233,
      "gap_r2": 0.8530724294009742,
      "average_mae": 0.1859078574066115,
      "average_rmse": 0.24874149792905698,
      "average_r2": 0.8604451941824113
    },
    {
      "model": "HistGBT",
      "homo_mae": 0.14249776111439147,
      "homo_rmse": 0.19367372760869883,
      "homo_r2": 0.846130075320983,
      "lumo_mae": 0.1585802533525639,
      "lumo_rmse": 0.22268739688267658,
      "lumo_r2": 0.9126612548290876,
      "gap_mae": 0.2066620354840514,
      "gap_rmse": 0.28916290489497704,
      "gap_r2": 0.8696459412500057,
      "average_mae": 0.16924668331700224,
      "average_rmse": 0.2351746764621175,
      "average_r2": 0.8761457571333588
    },
    {
      "model": "PerTarget_LGBM",
      "homo_mae": 0.13687209834456363,
      "homo_rmse": 0.18927292480141436,
      "homo_r2": 0.8530433291797528,
      "lumo_mae": 0.14628876438622157,
      "lumo_rmse": 0.2092538592838399,
      "lumo_r2": 0.92288078082961,
      "gap_mae": 0.1957826835734809,
      "gap_rmse": 0.27733518569538057,
      "gap_r2": 0.8800916726910359,
      "average_mae": 0.1596478487680887,
      "average_rmse": 0.2252873232602116,
      "average_r2": 0.8853385942334663
    }
  ]
}