{
  "n_target": 500,
  "n_predicted": 498,
  "mw_range": [
    200,
    1000
  ],
  "elements": "CHONSFCl",
  "metrics_p4": {
    "homo": {
      "mae": 0.18649368350170833,
      "rmse": 0.2756255058731398,
      "r2": 0.6501285736160494
    },
    "lumo": {
      "mae": 0.2372267763252919,
      "rmse": 0.46418736992122406,
      "r2": 0.7312558362897351
    },
    "gap": {
      "mae": 0.2699693361819964,
      "rmse": 0.4289967555381279,
      "r2": 0.8070338146413593
    },
    "average": {
      "mae": 0.2312299320029989,
      "rmse": 0.38960321044416385,
      "r2": 0.7294727415157146
    }
  },
  "metrics_p6": {
    "homo": {
      "mae": 0.1839376153122753,
      "rmse": 0.24858048486266077,
      "r2": 0.7154204231009739
    },
    "lumo": {
      "mae": 0.2368030439721857,
      "rmse": 0.34357643376836255,
      "r2": 0.8527690421863519
    },
    "gap": {
      "mae": 0.2897291509117721,
      "rmse": 0.4113463599364148,
      "r2": 0.8225857444149105
    },
    "average": {
      "mae": 0.23682327006541104,
      "rmse": 0.33450109285581275,
      "r2": 0.7969250699007455
    }
  }
}