{
  "homo": {
    "mae": 0.13717014337346242,
    "rmse": 0.19968691246382286,
    "r2": 0.883149679107452
  },
  "lumo": {
    "mae": 0.15116852960388774,
    "rmse": 0.2199436959965946,
    "r2": 0.9419307477063851
  },
  "gap": {
    "mae": 0.18764344775511232,
    "rmse": 0.2954800789366284,
    "r2": 0.904480910003645
  },
  "average": {
    "mae": 0.15866070691082082,
    "rmse": 0.23837022913234862,
    "r2": 0.9098537789391606
  }
}