{
  "homo": {
    "mae": 0.18157068784192007,
    "rmse": 0.2718931543983777,
    "r2": 0.7833656841917975
  },
  "lumo": {
    "mae": 0.17675952995426847,
    "rmse": 0.2771509990107912,
    "r2": 0.9077946558354153
  },
  "gap": {
    "mae": 0.2144307152284905,
    "rmse": 0.342749189385301,
    "r2": 0.8714752889214779
  },
  "average": {
    "mae": 0.19092031100822635,
    "rmse": 0.2972644475981567,
    "r2": 0.8542118763162302
  }
}