phase,n_molecules,n_features,homo_mae,homo_rmse,homo_r2,lumo_mae,lumo_rmse,lumo_r2,gap_mae,gap_rmse,gap_r2,average_mae,average_rmse,average_r2
Phase 2 (10k),10000,5874,0.14403693991202546,0.2108862608143334,0.8488673328324048,0.16640133188264866,0.24678481296370955,0.9077454513625051,0.2158569386465597,0.3218705775258725,0.864098542023715,0.17543173681374458,0.25984721710130515,0.873570442072875
Phase 3 (30k),30000,6028,0.1448412035018747,0.19520493149519894,0.8436874353943771,0.15686287815499608,0.2191234180873285,0.9154344927168371,0.21018587167862074,0.29153531105760044,0.8674982149496282,0.17062998444516383,0.23528788688004262,0.8755400476869474
