phase,n_molecules,n_features,homo_mae,homo_rmse,homo_r2,lumo_mae,lumo_rmse,lumo_r2,gap_mae,gap_rmse,gap_r2,average_mae,average_rmse,average_r2
Phase 2 (10k),10000,5874,0.14403693991202546,0.2108862608143334,0.8488673328324048,0.16640133188264866,0.24678481296370955,0.9077454513625051,0.2158569386465597,0.3218705775258725,0.864098542023715,0.17543173681374458,0.25984721710130515,0.873570442072875
Phase 3 (30k),30000,6030,0.14316430083567097,0.1937916515465871,0.8459426419712992,0.15616358356781093,0.2167026828993791,0.9172926231464267,0.20868706595236722,0.28924848901543226,0.8695687675494497,0.16933831678528302,0.23324760782046616,0.8776013442223919
