{
  "phase": "phase3_scaleup",
  "elements": [
    "C",
    "Cl",
    "F",
    "H",
    "N",
    "O",
    "S"
  ],
  "mw_range": "200-500",
  "max_records_requested": 30000,
  "n_molecules": 30000,
  "n_features": 6030,
  "n_train": 27000,
  "n_test": 3000,
  "metrics": {
    "homo": {
      "mae": 0.14316430083567097,
      "rmse": 0.1937916515465871,
      "r2": 0.8459426419712992
    },
    "lumo": {
      "mae": 0.15616358356781093,
      "rmse": 0.2167026828993791,
      "r2": 0.9172926231464267
    },
    "gap": {
      "mae": 0.20868706595236722,
      "rmse": 0.28924848901543226,
      "r2": 0.8695687675494497
    },
    "average": {
      "mae": 0.16933831678528302,
      "rmse": 0.23324760782046616,
      "r2": 0.8776013442223919
    }
  }
}