{
  "phase": "phase3_scaleup",
  "elements": [
    "C",
    "Cl",
    "F",
    "H",
    "N",
    "O",
    "S"
  ],
  "mw_range": "200-500",
  "max_records_requested": 30000,
  "n_molecules": 30000,
  "n_features": 6028,
  "n_train": 27000,
  "n_test": 3000,
  "metrics": {
    "homo": {
      "mae": 0.1448412035018747,
      "rmse": 0.19520493149519894,
      "r2": 0.8436874353943771
    },
    "lumo": {
      "mae": 0.15686287815499608,
      "rmse": 0.2191234180873285,
      "r2": 0.9154344927168371
    },
    "gap": {
      "mae": 0.21018587167862074,
      "rmse": 0.29153531105760044,
      "r2": 0.8674982149496282
    },
    "average": {
      "mae": 0.17062998444516383,
      "rmse": 0.23528788688004262,
      "r2": 0.8755400476869474
    }
  }
}