{
  "experiment": "archive-r03 30k from-scratch heterogeneous expert feasibility gate",
  "expert_order": [
    "local",
    "global",
    "geometry"
  ],
  "validation_n": 1604,
  "internal_test_n": 1592,
  "static_weights": [
    [
      0.882128156018985,
      0.059375099450588165,
      0.05849674453042698
    ],
    [
      0.6123032278333971,
      0.2622970103953142,
      0.12539976177128875
    ],
    [
      0.6391496126993729,
      0.23329667353494363,
      0.12755371376568364
    ]
  ],
  "metrics": {
    "local": {
      "homo": {
        "mae": 0.16426153144098213
      },
      "lumo": {
        "mae": 0.16829757803892495
      },
      "gap": {
        "mae": 0.20752394274406172
      },
      "weighted_mae": 0.18690174874200766
    },
    "global": {
      "homo": {
        "mae": 0.19182028470678264
      },
      "lumo": {
        "mae": 0.18435922235750385
      },
      "gap": {
        "mae": 0.22728457694066523
      },
      "weighted_mae": 0.20768716523640424
    },
    "geometry": {
      "homo": {
        "mae": 0.2541947843167567
      },
      "lumo": {
        "mae": 0.27008001616468136
      },
      "gap": {
        "mae": 0.38113584574863907
      },
      "weighted_mae": 0.32163662299467904
    },
    "equal_average": {
      "homo": {
        "mae": 0.1782895873739971
      },
      "lumo": {
        "mae": 0.17441156357006846
      },
      "gap": {
        "mae": 0.2332221286922402
      },
      "weighted_mae": 0.20478635208213644
    },
    "static_weights": {
      "homo": {
        "mae": 0.1642764004667508
      },
      "lumo": {
        "mae": 0.16186401713629953
      },
      "gap": {
        "mae": 0.20674457241998578
      },
      "weighted_mae": 0.18490739061075548
    },
    "oracle": {
      "homo": {
        "mae": 0.11043214562890283
      },
      "lumo": {
        "mae": 0.10207640563797134
      },
      "gap": {
        "mae": 0.13229304626634403
      },
      "weighted_mae": 0.11927366094989056
    }
  },
  "complementarity": {
    "targets": {
      "homo": {
        "win_fraction": [
          0.4045226130653266,
          0.292713567839196,
          0.3027638190954774
        ],
        "absolute_error_correlation": [
          [
            1.0,
            0.7143923591627437,
            0.3893903073652916
          ],
          [
            0.7143923591627437,
            1.0,
            0.35371762114909416
          ],
          [
            0.3893903073652916,
            0.35371762114909416,
            1.0
          ]
        ]
      },
      "lumo": {
        "win_fraction": [
          0.40766331658291455,
          0.31344221105527637,
          0.27889447236180903
        ],
        "absolute_error_correlation": [
          [
            1.0,
            0.7212063268368463,
            0.3518040976864463
          ],
          [
            0.7212063268368463,
            1.0,
            0.22236334752447653
          ],
          [
            0.3518040976864463,
            0.22236334752447653,
            1.0
          ]
        ]
      },
      "gap": {
        "win_fraction": [
          0.42525125628140703,
          0.3297738693467337,
          0.2449748743718593
        ],
        "absolute_error_correlation": [
          [
            1.0,
            0.7263476071084783,
            0.1848120219054508
          ],
          [
            0.7263476071084783,
            1.0,
            0.3083378157544743
          ],
          [
            0.1848120219054508,
            0.3083378157544743,
            1.0
          ]
        ]
      }
    },
    "slices": {
      "descriptor_diverse": {
        "homo": {
          "n": 297,
          "expert_gap_or_orbital_mae": [
            0.15927683685802152,
            0.1918460835408638,
            0.2737916750302176
          ],
          "win_fraction": [
            0.4377104377104377,
            0.27946127946127947,
            0.2828282828282828
          ]
        },
        "lumo": {
          "n": 297,
          "expert_gap_or_orbital_mae": [
            0.18607304278095038,
            0.18760789361819719,
            0.3286594559224513
          ],
          "win_fraction": [
            0.37037037037037035,
            0.3434343434343434,
            0.28619528619528617
          ]
        },
        "gap": {
          "n": 297,
          "expert_gap_or_orbital_mae": [
            0.2119017513045371,
            0.24442214622998362,
            0.47520792950969637
          ],
          "win_fraction": [
            0.46464646464646464,
            0.27946127946127947,
            0.2558922558922559
          ]
        }
      },
      "flexible": {
        "homo": {
          "n": 95,
          "expert_gap_or_orbital_mae": [
            0.16111847236846646,
            0.1780316095078039,
            0.20431927929070265
          ],
          "win_fraction": [
            0.3473684210526316,
            0.25263157894736843,
            0.4
          ]
        },
        "lumo": {
          "n": 95,
          "expert_gap_or_orbital_mae": [
            0.1720778135752223,
            0.17214065620928376,
            0.25677053191288773
          ],
          "win_fraction": [
            0.3473684210526316,
            0.3894736842105263,
            0.2631578947368421
          ]
        },
        "gap": {
          "n": 95,
          "expert_gap_or_orbital_mae": [
            0.20278357595059135,
            0.22703000655424774,
            0.34209171539513994
          ],
          "win_fraction": [
            0.3894736842105263,
            0.35789473684210527,
            0.25263157894736843
          ]
        }
      },
      "large_heteroatom": {
        "homo": {
          "n": 88,
          "expert_gap_or_orbital_mae": [
            0.15305829249293013,
            0.15906058314220786,
            0.21060982723618513
          ],
          "win_fraction": [
            0.36363636363636365,
            0.36363636363636365,
            0.2727272727272727
          ]
        },
        "lumo": {
          "n": 88,
          "expert_gap_or_orbital_mae": [
            0.15575268444749615,
            0.17704782088129667,
            0.20623903663654033
          ],
          "win_fraction": [
            0.4659090909090909,
            0.17045454545454544,
            0.36363636363636365
          ]
        },
        "gap": {
          "n": 88,
          "expert_gap_or_orbital_mae": [
            0.2113942242101844,
            0.19994719716900705,
            0.3295918969133036
          ],
          "win_fraction": [
            0.3181818181818182,
            0.4090909090909091,
            0.2727272727272727
          ]
        }
      },
      "narrow_conjugated": {
        "homo": {
          "n": 120,
          "expert_gap_or_orbital_mae": [
            0.14660346524887255,
            0.14937641965094398,
            0.2818620639839049
          ],
          "win_fraction": [
            0.38333333333333336,
            0.4,
            0.21666666666666667
          ]
        },
        "lumo": {
          "n": 120,
          "expert_gap_or_orbital_mae": [
            0.1485270356420119,
            0.17515911953373905,
            0.27030659222467485
          ],
          "win_fraction": [
            0.525,
            0.31666666666666665,
            0.15833333333333333
          ]
        },
        "gap": {
          "n": 120,
          "expert_gap_or_orbital_mae": [
            0.19877831135454047,
            0.22169103552082142,
            0.4459948553942822
          ],
          "win_fraction": [
            0.5166666666666667,
            0.375,
            0.10833333333333334
          ]
        }
      },
      "random": {
        "homo": {
          "n": 992,
          "expert_gap_or_orbital_mae": [
            0.16918481558766565,
            0.20117348978194802,
            0.25362351324680676
          ],