{
  "traditional_ridge": {
    "homo": {
      "mae": 0.17027556896209717,
      "rmse": 0.23719593585948803,
      "r2": 0.835128664970398
    },
    "lumo": {
      "mae": 0.20821765065193176,
      "rmse": 0.2933366754031709,
      "r2": 0.8967105746269226
    },
    "gap": {
      "mae": 0.27240949869155884,
      "rmse": 0.393450398979804,
      "r2": 0.8306388854980469
    },
    "average": {
      "mae": 0.21696757276852927,
      "rmse": 0.3079943367474876,
      "r2": 0.8541593750317892
    }
  },
  "traditional_lightgbm": {
    "homo": {
      "mae": 0.13717014337346242,
      "rmse": 0.19968691246382286,
      "r2": 0.883149679107452
    },
    "lumo": {
      "mae": 0.15116852960388774,
      "rmse": 0.2199436959965946,
      "r2": 0.9419307477063851
    },
    "gap": {
      "mae": 0.18764344775511232,
      "rmse": 0.2954800789366284,
      "r2": 0.904480910003645
    },
    "average": {
      "mae": 0.15866070691082082,
      "rmse": 0.23837022913234862,
      "r2": 0.9098537789391606
    }
  },
  "chemberta_only_ridge": {
    "homo": {
      "mae": 0.269628643989563,
      "rmse": 0.3532912242886785,
      "r2": 0.6342398524284363
    },
    "lumo": {
      "mae": 0.31909826397895813,
      "rmse": 0.4145174046751817,
      "r2": 0.7937430143356323
    },
    "gap": {
      "mae": 0.36726146936416626,
      "rmse": 0.48789312577351174,
      "r2": 0.7395747303962708
    },
    "average": {
      "mae": 0.3186627924442291,
      "rmse": 0.41856725157912394,
      "r2": 0.7225191990534464
    }
  },
  "chemberta_only_lightgbm": {
    "homo": {
      "mae": 0.24949345137644713,
      "rmse": 0.337237733726529,
      "r2": 0.6667247755272121
    },
    "lumo": {
      "mae": 0.28346335407724166,
      "rmse": 0.38830998090529395,
      "r2": 0.8189992795282858
    },
    "gap": {
      "mae": 0.327576165005594,
      "rmse": 0.4507268591903848,
      "r2": 0.777740342279261
    },
    "average": {
      "mae": 0.2868443234864276,
      "rmse": 0.3920915246074026,
      "r2": 0.7544881324449196
    }
  },
  "fusion_chemberta_ridge": {
    "homo": {
      "mae": 0.18177935481071472,
      "rmse": 0.24945658991098082,
      "r2": 0.8176437616348267
    },
    "lumo": {
      "mae": 0.21143080294132233,
      "rmse": 0.29733144655496807,
      "r2": 0.8938781023025513
    },
    "gap": {
      "mae": 0.2776333689689636,
      "rmse": 0.39900105955585535,
      "r2": 0.8258265852928162
    },
    "average": {
      "mae": 0.22361450890700021,
      "rmse": 0.3152630320072681,
      "r2": 0.8457828164100647
    }
  },
  "fusion_chemberta_lightgbm": {
    "homo": {
      "mae": 0.15185837334141172,
      "rmse": 0.2183802112977022,
      "r2": 0.8602482454461697
    },
    "lumo": {
      "mae": 0.15123888775794195,
      "rmse": 0.22576341654531662,
      "r2": 0.938817061145254
    },
    "gap": {
      "mae": 0.20114099330273102,
      "rmse": 0.31052492433303874,
      "r2": 0.8945062591566866
    },
    "average": {
      "mae": 0.16807941813402824,
      "rmse": 0.25155618405868585,
      "r2": 0.8978571885827034
    }
  },
  "molformer_only_ridge": {
    "homo": {
      "mae": 0.22107486426830292,
      "rmse": 0.2944648941129262,
      "r2": 0.7459040880203247
    },
    "lumo": {
      "mae": 0.26468437910079956,
      "rmse": 0.355534201664159,
      "r2": 0.8482649326324463
    },
    "gap": {
      "mae": 0.3272384703159332,
      "rmse": 0.44686575259797595,
      "r2": 0.7815319895744324
    },
    "average": {
      "mae": 0.2709992378950119,
      "rmse": 0.36562161612502037,
      "r2": 0.7919003367424011
    }
  },
  "molformer_only_lightgbm": {
    "homo": {
      "mae": 0.19784665444064164,
      "rmse": 0.27612423714327383,
      "r2": 0.7765708859582392
    },
    "lumo": {
      "mae": 0.25190147146490016,
      "rmse": 0.342438601407789,
      "r2": 0.8592369638276884
    },
    "gap": {
      "mae": 0.28530848944983406,
      "rmse": 0.4067020274276358,
      "r2": 0.8190383954717937
    },
    "average": {
      "mae": 0.2450188717851253,
      "rmse": 0.3417549553262329,
      "r2": 0.8182820817525739
    }
  },
  "fusion_molformer_ridge": {
    "homo": {
      "mae": 0.178422749042511,
      "rmse": 0.24778514480175845,
      "r2": 0.8200792670249939
    },
    "lumo": {
      "mae": 0.20937089622020721,
      "rmse": 0.2949837752301322,
      "r2": 0.8955473899841309
    },
    "gap": {
      "mae": 0.2799515128135681,
      "rmse": 0.39918772806471964,
      "r2": 0.8256635665893555
    },
    "average": {
      "mae": 0.22258171935876211,
      "rmse": 0.31398554936553674,
      "r2": 0.8470967411994934
    }
  },
  "fusion_molformer_lightgbm": {
    "homo": {
      "mae": 0.1514095504670414,
      "rmse": 0.21314615824748132,
      "r2": 0.8668669983053254
    },
    "lumo": {
      "mae": 0.15749028324741499,
      "rmse": 0.22491127262527352,
      "r2": 0.9392780594348223
    },
    "gap": {
      "mae": 0.2055684877615047,
      "rmse": 0.31116039653683053,
      "r2": 0.8940740430615399
    },
    "average": {
      "mae": 0.17148944049198703,
      "rmse": 0.2497392758031951,
      "r2": 0.9000730336005626
    }
  },
  "both_emb_only_ridge": {
    "homo": {
      "mae": 0.21393537521362305,
      "rmse": 0.28391438320856954,
      "r2": 0.7637860774993896
    },
    "lumo": {
      "mae": 0.2593825161457062,
      "rmse": 0.3507535209825703,
      "r2": 0.8523181080818176
    },
    "gap": {
      "mae": 0.31684795022010803,
      "rmse": 0.43360708405208154,
      "r2": 0.7943037152290344
    },
    "average": {
      "mae": 0.26338861385981244,
      "rmse": 0.35609166274774046,
      "r2": 0.8034693002700806
    }
  },
  "both_emb_only_lightgbm": {
    "homo": {
      "mae": 0.1969274594904589,
      "rmse": 0.273949688159146,
      "r2": 0.7800761517887866
    },
    "lumo": {
      "mae": 0.2366603434031354,
      "rmse": 0.32306969017899495,
      "r2": 0.874710225708227
    },
    "gap": {
      "mae": 0.27324696608044835,
      "rmse": 0.38433589555363123,
      "r2": 0.8383946778525184
    },
    "average": {
      "mae": 0.2356115896580142,
      "rmse": 0.32711842463059077,
      "r2": 0.8310603517831773
    }
  },
  "fusion_both_emb_ridge": {
    "homo": {
      "mae": 0.1906564086675644,
      "rmse": 0.2611868420830168,
      "r2": 0.8000905513763428
    },
    "lumo": {
      "mae": 0.214656800031662,
      "rmse": 0.30276469417227536,
      "r2": 0.8899642825126648
    },
    "gap": {
      "mae": 0.28866326808929443,
      "rmse": 0.40819921902334666,
      "r2": 0.8177036046981812
    },
    "average": {
      "mae": 0.23132549226284027,
      "rmse": 0.32405025175954627,
      "r2": 0.8359194795290629
    }
  },
  "fusion_both_emb_lightgbm": {
    "homo": {
      "mae": 0.15603840850883996,
      "rmse": 0.2199657052919507,
      "r2": 0.8582116148124493
    },
    "lumo": {
      "mae": 0.1590806486710124,
      "rmse": 0.23104259138296102,
      "r2": 0.9359222445813292
    },
    "gap": {
      "mae": 0.20909113808663954,
      "rmse": 0.31575161463262424,
      "r2": 0.8909250748412112
    },
    "average": {
      "mae": 0.1747367317554973,
      "rmse": 0.255586637102512,
      "r2": 0.8950196447449965
    }
  }
}