{
  "split": "random",
  "experts": 4,
  "max_samples": 30000,
  "runs": [
    {
      "seed": 42,
      "baseline": {
        "best_val_mae": 0.06710644553105037,
        "HOMO": {
          "mae": 0.0673934668302536,
          "r2": 0.9531618356704712
        },
        "LUMO": {
          "mae": 0.06308890134096146,
          "r2": 0.9841866493225098
        },
        "Gap": {
          "mae": 0.07940707355737686,
          "r2": 0.9748714566230774
        },
        "n_params": 203907
      },
      "moe": {
        "best_val_mae": 0.06686750280857086,
        "HOMO": {
          "mae": 0.06655128300189972,
          "r2": 0.9554333090782166
        },
        "LUMO": {
          "mae": 0.06300370395183563,
          "r2": 0.9842255711555481
        },
        "Gap": {
          "mae": 0.07881290465593338,
          "r2": 0.9750648736953735
        },
        "n_params": 409360
      },
      "time_s": 35.46112370491028
    },
    {
      "seed": 1,
      "baseline": {
        "best_val_mae": 0.06675520859162012,
        "HOMO": {
          "mae": 0.06705305725336075,
          "r2": 0.950325071811676
        },
        "LUMO": {
          "mae": 0.06260712444782257,
          "r2": 0.9843312501907349
        },
        "Gap": {
          "mae": 0.07845896482467651,
          "r2": 0.9743245840072632
        },
        "n_params": 203907
      },
      "moe": {
        "best_val_mae": 0.06664015078544616,
        "HOMO": {
          "mae": 0.06693947315216064,
          "r2": 0.9545518755912781
        },
        "LUMO": {
          "mae": 0.06240161135792732,
          "r2": 0.9847373366355896
        },
        "Gap": {
          "mae": 0.07822824269533157,
          "r2": 0.9753379225730896
        },
        "n_params": 409360
      },
      "time_s": 42.4530975818634
    },
    {
      "seed": 2,
      "baseline": {
        "best_val_mae": 0.06632722914218903,
        "HOMO": {
          "mae": 0.0664338618516922,
          "r2": 0.9539850354194641
        },
        "LUMO": {
          "mae": 0.06260672211647034,
          "r2": 0.9841602444648743
        },
        "Gap": {
          "mae": 0.07847423106431961,
          "r2": 0.9749316573143005
        },
        "n_params": 203907
      },
      "moe": {
        "best_val_mae": 0.06687387547890346,
        "HOMO": {
          "mae": 0.06740999966859818,
          "r2": 0.9533464908599854
        },
        "LUMO": {
          "mae": 0.0624656081199646,
          "r2": 0.984484076499939
        },
        "Gap": {
          "mae": 0.07867652922868729,
          "r2": 0.9749875068664551
        },
        "n_params": 409360
      },
      "time_s": 43.52556753158569
    }
  ],
  "summary": {
    "baseline_gap_mae_mean": 0.07878008981545766,
    "baseline_gap_mae_std": 0.00044338826025013434,
    "moe_gap_mae_mean": 0.07857255885998408,
    "moe_gap_mae_std": 0.00024975291819435947,
    "delta_gap_mae_mean": -0.0002075309554735727
  }
}