{
  "split": "scaffold",
  "experts": 4,
  "max_samples": 30000,
  "runs": [
    {
      "seed": 42,
      "baseline": {
        "best_val_mae": 0.06302281320095063,
        "HOMO": {
          "mae": 0.06503666192293167,
          "r2": 0.9738584756851196
        },
        "LUMO": {
          "mae": 0.06432502716779709,
          "r2": 0.9766370058059692
        },
        "Gap": {
          "mae": 0.07103795558214188,
          "r2": 0.9622568488121033
        },
        "n_params": 203907
      },
      "moe": {
        "best_val_mae": 0.0625163909594218,
        "HOMO": {
          "mae": 0.06418681889772415,
          "r2": 0.9743559956550598
        },
        "LUMO": {
          "mae": 0.06424936652183533,
          "r2": 0.9769463539123535
        },
        "Gap": {
          "mae": 0.0694596990942955,
          "r2": 0.9630348682403564
        },
        "n_params": 409360
      },
      "time_s": 39.985071659088135
    },
    {
      "seed": 1,
      "baseline": {
        "best_val_mae": 0.06271180029710134,
        "HOMO": {
          "mae": 0.06332027167081833,
          "r2": 0.9749785661697388
        },
        "LUMO": {
          "mae": 0.06418000161647797,
          "r2": 0.9768263697624207
        },
        "Gap": {
          "mae": 0.07017780095338821,
          "r2": 0.9625691771507263
        },
        "n_params": 203907
      },
      "moe": {
        "best_val_mae": 0.06301478977998098,
        "HOMO": {
          "mae": 0.06663709878921509,
          "r2": 0.9728561639785767
        },
        "LUMO": {
          "mae": 0.06314483284950256,
          "r2": 0.9773266315460205
        },
        "Gap": {
          "mae": 0.07060616463422775,
          "r2": 0.9624553918838501
        },
        "n_params": 409360
      },
      "time_s": 40.2050199508667
    },
    {
      "seed": 2,
      "baseline": {
        "best_val_mae": 0.06216412079334259,
        "HOMO": {
          "mae": 0.06311061978340149,
          "r2": 0.9749828577041626
        },
        "LUMO": {
          "mae": 0.06347689032554626,
          "r2": 0.976962149143219
        },
        "Gap": {
          "mae": 0.0697869285941124,
          "r2": 0.9625454545021057
        },
        "n_params": 203907
      },
      "moe": {
        "best_val_mae": 0.06267189369599024,
        "HOMO": {
          "mae": 0.06404851377010345,
          "r2": 0.9743457436561584
        },
        "LUMO": {
          "mae": 0.06313981115818024,
          "r2": 0.9772104024887085
        },
        "Gap": {
          "mae": 0.06966011971235275,
          "r2": 0.9627067446708679
        },
        "n_params": 409360
      },
      "time_s": 39.0462110042572
    }
  ],
  "summary": {
    "baseline_gap_mae_mean": 0.0703342283765475,
    "baseline_gap_mae_std": 0.0005225701134659461,
    "moe_gap_mae_mean": 0.06990866114695866,
    "moe_gap_mae_std": 0.0004999502922624823,
    "delta_gap_mae_mean": -0.00042556722958883575
  }
}