{
  "checkpoint": "D:\\\u6587\u6863\\molgap\\models\\hybrid_fusion_moe_e4.pt",
  "train": {
    "best_val_mae": 0.0671636678398304,
    "train_time_s": 238.33951950073242
  },
  "ood": {
    "n": 999,
    "2d": {
      "homo": {
        "mae": 0.11785032600164413,
        "r2": 0.8852282762527466
      },
      "lumo": {
        "mae": 0.11567422747612,
        "r2": 0.9680433869361877
      },
      "gap": {
        "mae": 0.15614767372608185,
        "r2": 0.9516589641571045
      },
      "average": {
        "mae": 0.12989074240128198,
        "r2": 0.9349768757820129
      }
    },
    "3d": {
      "homo": {
        "mae": 0.13414500653743744,
        "r2": 0.8607650995254517
      },
      "lumo": {
        "mae": 0.13287179172039032,
        "r2": 0.9597947597503662
      },
      "gap": {
        "mae": 0.17577412724494934,
        "r2": 0.9443044662475586
      },
      "average": {
        "mae": 0.14759697516759238,
        "r2": 0.9216214418411255
      }
    },
    "hybrid": {
      "homo": {
        "mae": 0.11275860667228699,
        "r2": 0.8955515027046204
      },
      "lumo": {
        "mae": 0.11152483522891998,
        "r2": 0.9706025719642639
      },
      "gap": {
        "mae": 0.1484992355108261,
        "r2": 0.9567112922668457
      },
      "average": {
        "mae": 0.12426089247067769,
        "r2": 0.94095512231191
      }
    },
    "moe": {
      "homo": {
        "mae": 0.11263146251440048,
        "r2": 0.8955358266830444
      },
      "lumo": {
        "mae": 0.11172473430633545,
        "r2": 0.9704553484916687
      },
      "gap": {
        "mae": 0.14894931018352509,
        "r2": 0.9565750956535339
      },
      "average": {
        "mae": 0.12443516900142033,
        "r2": 0.9408554236094157
      }
    }
  }
}