{
  "checkpoint": "D:\\\u6587\u6863\\molgap\\models\\hybrid_fusion_context.pt",
  "features": [
    "mw",
    "heavy_atoms",
    "fragments",
    "hetero_atoms",
    "rotatable_bonds",
    "ring_count",
    "aromatic_rings",
    "conjugated_bonds",
    "frac_csp3",
    "tpsa",
    "formal_charge",
    "has_cl",
    "has_f",
    "has_s",
    "has_salt",
    "is_charged"
  ],
  "train": {
    "best_val_mae": 0.06749009257648109,
    "train_time_s": 277.1839511394501
  },
  "ood": {
    "n": 999,
    "2d": {
      "homo": {
        "mae": 0.11785031855106354,
        "r2": 0.8852282762527466
      },
      "lumo": {
        "mae": 0.11567423492670059,
        "r2": 0.9680433869361877
      },
      "gap": {
        "mae": 0.15614768862724304,
        "r2": 0.9516589641571045
      },
      "average": {
        "mae": 0.12989074736833572,
        "r2": 0.9349768757820129
      }
    },
    "3d": {
      "homo": {
        "mae": 0.13414497673511505,
        "r2": 0.8607650995254517
      },
      "lumo": {
        "mae": 0.1328718066215515,
        "r2": 0.9597947597503662
      },
      "gap": {
        "mae": 0.17577412724494934,
        "r2": 0.9443044662475586
      },
      "average": {
        "mae": 0.14759697020053864,
        "r2": 0.9216214418411255
      }
    },
    "hybrid": {
      "homo": {
        "mae": 0.11275862902402878,
        "r2": 0.8955515027046204
      },
      "lumo": {
        "mae": 0.11152484267950058,
        "r2": 0.9706025719642639
      },
      "gap": {
        "mae": 0.1484992355108261,
        "r2": 0.9567112922668457
      },
      "average": {
        "mae": 0.12426090240478516,
        "r2": 0.94095512231191
      }
    },
    "context": {
      "homo": {
        "mae": 0.11225324869155884,
        "r2": 0.8960427045822144
      },
      "lumo": {
        "mae": 0.11159221082925797,
        "r2": 0.9706404805183411
      },
      "gap": {
        "mae": 0.1484757512807846,
        "r2": 0.9572687149047852
      },
      "average": {
        "mae": 0.12410707026720047,
        "r2": 0.9413173000017802
      }
    }
  }
}