{
  "seed": 44,
  "win_delta_eV": 0.002,
  "selection": "R0-R3 and policy thresholds selected on weighted scaffold validation only",
  "feature_ablation": {
    "R0": {
      "n_features": 1,
      "features": [
        "base_gap"
      ],
      "ood_threshold": 2.016700081281927,
      "validation_policies": {
        "full_replacement": {
          "strategy": "full_replacement",
          "alpha": 0.0,
          "keep_utility": -0.0010233984048633792,
          "keep_probability": 0.5,
          "add_utility": -0.0010233984048633792,
          "add_probability": 0.5,
          "max_route_fraction": 0.25,
          "route_n": 153,
          "route_fraction": 0.018429294145988918,
          "weighted_gap_mae": 0.14760235728534557,
          "weighted_gap_delta_vs_fixed": -4.933416754032693e-06
        },
        "suppress_only": {
          "strategy": "suppress_only",
          "alpha": 1.0,
          "keep_utility": -0.016314455727033078,
          "keep_probability": 0.45,
          "add_utility": -0.016314455727033078,
          "add_probability": 0.45,
          "max_route_fraction": 0.25,
          "route_n": 507,
          "route_fraction": 0.061069621777884844,
          "weighted_gap_mae": 0.14748725546727542,
          "weighted_gap_delta_vs_fixed": -0.00012003523482417844
        },
        "add_only": {
          "strategy": "add_only",
          "alpha": 0.0,
          "keep_utility": -0.0010233984048633792,
          "keep_probability": 0.5,
          "add_utility": -0.0010233984048633792,
          "add_probability": 0.5,
          "max_route_fraction": 0.25,
          "route_n": 1077,
          "route_fraction": 0.1297277764394122,
          "weighted_gap_mae": 0.1476072907020996,
          "weighted_gap_delta_vs_fixed": 0.0
        },
        "bidirectional": {
          "strategy": "bidirectional",
          "alpha": 1.0,
          "keep_utility": -0.016314455727033078,
          "keep_probability": 0.45,
          "add_utility": -0.016278139742084887,
          "add_probability": 0.55,
          "max_route_fraction": 0.25,
          "route_n": 507,
          "route_fraction": 0.061069621777884844,
          "weighted_gap_mae": 0.14748725546727542,
          "weighted_gap_delta_vs_fixed": -0.00012003523482417844
        }
      }
    },
    "R1": {
      "n_features": 7,
      "features": [
        "base_homo",
        "base_lumo",
        "base_gap",
        "gap_consistency_signed",
        "gap_consistency_abs",
        "fixed_route_flag",
        "fixed_route_margin"
      ],
      "ood_threshold": 3.429830086056569,
      "validation_policies": {
        "full_replacement": {
          "strategy": "full_replacement",
          "alpha": 0.0,
          "keep_utility": -0.0009411680083312302,
          "keep_probability": 0.5,
          "add_utility": -0.0009411680083312302,
          "add_probability": 0.5,
          "max_route_fraction": 0.25,
          "route_n": 326,
          "route_fraction": 0.03926764635027704,
          "weighted_gap_mae": 0.14745785361768338,
          "weighted_gap_delta_vs_fixed": -0.00014943708441622627
        },
        "suppress_only": {
          "strategy": "suppress_only",
          "alpha": 0.0,
          "keep_utility": -0.0006324843424394494,
          "keep_probability": 0.45,
          "add_utility": -0.0006324843424394494,
          "add_probability": 0.45,
          "max_route_fraction": 0.25,
          "route_n": 290,
          "route_fraction": 0.03493134184533847,
          "weighted_gap_mae": 0.14752900115696535,
          "weighted_gap_delta_vs_fixed": -7.828954513425246e-05
        },
        "add_only": {
          "strategy": "add_only",
          "alpha": 0.0,
          "keep_utility": -0.0010684363577009946,
          "keep_probability": 0.5,
          "add_utility": -0.0010684363577009946,
          "add_probability": 0.5,
          "max_route_fraction": 0.25,
          "route_n": 1153,
          "route_fraction": 0.13888219706094918,
          "weighted_gap_mae": 0.14745629062446358,
          "weighted_gap_delta_vs_fixed": -0.00015100007763602097
        },
        "bidirectional": {
          "strategy": "bidirectional",
          "alpha": 0.0,
          "keep_utility": -0.0006324843424394494,
          "keep_probability": 0.45,
          "add_utility": -0.0009411680083312302,
          "add_probability": 0.55,
          "max_route_fraction": 0.25,
          "route_n": 342,
          "route_fraction": 0.041194892796916405,
          "weighted_gap_mae": 0.147398158260106,
          "weighted_gap_delta_vs_fixed": -0.00020913244199360914
        }
      }
    },
    "R2": {
      "n_features": 29,
      "features": [
        "base_homo",
        "base_lumo",
        "base_gap",
        "gap_consistency_signed",
        "gap_consistency_abs",
        "fixed_route_flag",
        "fixed_route_margin",
        "mw",
        "heavy_atoms",
        "ring_count",
        "aromatic_rings",
        "rotatable_bonds",
        "tpsa",
        "logp",
        "fraction_csp3",
        "hbd",
        "hba",
        "formal_charge",
        "conjugated_bonds",
        "aromatic_atom_fraction",
        "n_N",
        "n_O",
        "n_S",
        "n_F",
        "n_Cl",
        "n_Br",
        "n_B",
        "n_P",
        "n_Si"
      ],
      "ood_threshold": 6.277600907178832,
      "validation_policies": {
        "full_replacement": {
          "strategy": "full_replacement",
          "alpha": 0.0,
          "keep_utility": -0.0007390132568067684,
          "keep_probability": 0.5,
          "add_utility": -0.0007390132568067684,
          "add_probability": 0.5,
          "max_route_fraction": 0.25,
          "route_n": 771,
          "route_fraction": 0.09286918814743435,
          "weighted_gap_mae": 0.1472582953890961,
          "weighted_gap_delta_vs_fixed": -0.00034899531300350284
        },
        "suppress_only": {
          "strategy": "suppress_only",
          "alpha": 0.0,
          "keep_utility": -0.0011901293515864785,
          "keep_probability": 0.45,
          "add_utility": -0.0011901293515864785,
          "add_probability": 0.45,
          "max_route_fraction": 0.25,
          "route_n": 665,
          "route_fraction": 0.08010118043844856,
          "weighted_gap_mae": 0.14756505789117866,
          "weighted_gap_delta_vs_fixed": -4.223281092094466e-05
        },
        "add_only": {
          "strategy": "add_only",
          "alpha": 0.0,
          "keep_utility": -0.0010205845300720225,
          "keep_probability": 0.5,
          "add_utility": -0.0010205845300720225,
          "add_probability": 0.5,
          "max_route_fraction": 0.25,
          "route_n": 1802,
          "route_fraction": 0.21705613105275837,
          "weighted_gap_mae": 0.14719772293462915,
          "weighted_gap_delta_vs_fixed": -0.0004095677674704479
        },
        "bidirectional": {
          "strategy": "bidirectional",
          "alpha": 0.0,
          "keep_utility": -0.0011901293515864785,
          "keep_probability": 0.45,
          "add_utility": -0.0009272152896609239,
          "add_probability": 0.55,
          "max_route_fraction": 0.25,
          "route_n": 764,
          "route_fraction": 0.09202601782702963,
          "weighted_gap_mae": 0.1474713768052009,
          "weighted_gap_delta_vs_fixed": -0.00013591389689870947
        }
      }
    },
    "R3": {
      "n_features": 38,