{
  "n": 1980,
  "scopes": {
    "all": {
      "n": 1980,
      "metrics": {
        "control_a": {
          "homo": {
            "mae_eV": 0.09384916105897854,
            "r2": 0.9193369515132259
          },
          "lumo": {
            "mae_eV": 0.09418380520041655,
            "r2": 0.9708174246366268
          },
          "gap": {
            "mae_eV": 0.11907017627338468,
            "r2": 0.9622340007644657
          },
          "average": {
            "mae_eV": 0.10236771417759324,
            "r2": 0.9507961256381061
          }
        },
        "repair_v2": {
          "homo": {
            "mae_eV": 0.09382904990149499,
            "r2": 0.92054612585524
          },
          "lumo": {
            "mae_eV": 0.09388925242561048,
            "r2": 0.9711954075174574
          },
          "gap": {
            "mae_eV": 0.1205434279423319,
            "r2": 0.9616716659782348
          },
          "average": {
            "mae_eV": 0.10275391008981245,
            "r2": 0.9511377331169774
          }
        },
        "teacher": {
          "homo": {
            "mae_eV": 0.09195236095285952,
            "r2": 0.9223514664797832
          },
          "lumo": {
            "mae_eV": 0.09200866507504431,
            "r2": 0.9718884335017904
          },
          "gap": {
            "mae_eV": 0.1169113330983594,
            "r2": 0.9632214257209526
          },
          "average": {
            "mae_eV": 0.10029078637542108,
            "r2": 0.9524871085675087
          }
        },
        "student_w30": {
          "homo": {
            "mae_eV": 0.09735808357424465,
            "r2": 0.9173679942346411
          },
          "lumo": {
            "mae_eV": 0.09535321828087057,
            "r2": 0.9710095472245405
          },
          "gap": {
            "mae_eV": 0.12260891766223628,
            "r2": 0.9608150975245685
          },
          "average": {
            "mae_eV": 0.10510673983911718,
            "r2": 0.9497308796612501
          }
        }
      },
      "student_delta_vs": {
        "control_a": {
          "homo": {
            "delta": 0.00350892251526611,
            "ci95": [
              0.0013367919974762584,
              0.005690874892790527
            ],
            "probability_better": 0.0006,
            "n_bootstrap": 10000,
            "seed": 42
          },
          "lumo": {
            "delta": 0.0011694130804540278,
            "ci95": [
              -0.0011731173821028283,
              0.003421158539369732
            ],
            "probability_better": 0.1619,
            "n_bootstrap": 10000,
            "seed": 43
          },
          "gap": {
            "delta": 0.0035387413888516143,
            "ci95": [
              0.0004769341863948814,
              0.00661553785562155
            ],
            "probability_better": 0.0118,
            "n_bootstrap": 10000,
            "seed": 44
          },
          "average": {
            "delta": 0.0027390256615239176,
            "ci95": [
              0.0007334058554933204,
              0.0046692113500722224
            ],
            "probability_better": 0.0034,
            "n_bootstrap": 10000,
            "seed": 45
          }
        },
        "teacher": {
          "homo": {
            "delta": 0.005405722621385134,
            "ci95": [
              0.0035799581206437613,
              0.007198392249755664
            ],
            "probability_better": 0.0,
            "n_bootstrap": 10000,
            "seed": 42
          },
          "lumo": {
            "delta": 0.0033445532058262563,
            "ci95": [
              0.0013570965016995032,
              0.005269725796466846
            ],
            "probability_better": 0.0008,
            "n_bootstrap": 10000,
            "seed": 43
          },
          "gap": {
            "delta": 0.005697584563876895,
            "ci95": [
              0.0030810828712930526,
              0.008334767822753402
            ],
            "probability_better": 0.0001,
            "n_bootstrap": 10000,
            "seed": 44
          },
          "average": {
            "delta": 0.004815953463696096,
            "ci95": [
              0.003123772438851955,
              0.006465909025135734
            ],
            "probability_better": 0.0,
            "n_bootstrap": 10000,
            "seed": 45
          }
        }
      }
    },
    "ood1000": {
      "n": 999,
      "metrics": {
        "control_a": {
          "homo": {
            "mae_eV": 0.10691221583461685,
            "r2": 0.9039374578882229
          },
          "lumo": {
            "mae_eV": 0.10530758008465282,
            "r2": 0.972817064183359
          },
          "gap": {
            "mae_eV": 0.13535913725166415,
            "r2": 0.962467419086303
          },
          "average": {
            "mae_eV": 0.11585964439031125,
            "r2": 0.9464073137192951
          }
        },
        "repair_v2": {
          "homo": {
            "mae_eV": 0.10600730873820385,
            "r2": 0.9065277968142136
          },
          "lumo": {
            "mae_eV": 0.10105447801006752,
            "r2": 0.9749724774579087
          },
          "gap": {
            "mae_eV": 0.13286085500700118,
            "r2": 0.9635537188854411
          },
          "average": {
            "mae_eV": 0.11330754725175754,
            "r2": 0.9483513310525211
          }
        },
        "teacher": {
          "homo": {
            "mae_eV": 0.10476740934075046,
            "r2": 0.9077591443888817
          },
          "lumo": {
            "mae_eV": 0.10114846220513797,
            "r2": 0.9748444155368637
          },
          "gap": {
            "mae_eV": 0.13115783533788966,
            "r2": 0.9642597590587841
          },
          "average": {
            "mae_eV": 0.1123579022945927,
            "r2": 0.9489544396615098
          }
        },
        "student_w30": {
          "homo": {
            "mae_eV": 0.10515635234012817,
            "r2": 0.9077759720850694
          },
          "lumo": {
            "mae_eV": 0.0976837945006852,
            "r2": 0.9772974791808154
          },
          "gap": {
            "mae_eV": 0.12791111148353973,
            "r2": 0.9667166247840616
          },
          "average": {
            "mae_eV": 0.11025041944145104,
            "r2": 0.9505966920166489
          }
        }
      },
      "student_delta_vs": {
        "control_a": {
          "homo": {
            "delta": -0.0017558634944886767,
            "ci95": [
              -0.0047208003598049,
              0.0011655621349077982
            ],
            "probability_better": 0.8773,
            "n_bootstrap": 10000,
            "seed": 42
          },
          "lumo": {
            "delta": -0.007623785583967614,
            "ci95": [
              -0.011049902414409818,
              -0.0043169842738890185
            ],
            "probability_better": 1.0,
            "n_bootstrap": 10000,
            "seed": 43
          },
          "gap": {
            "delta": -0.007448025768124388,
            "ci95": [
              -0.011798208949542721,
              -0.0030800264585238903
            ],
            "probability_better": 0.9997,
            "n_bootstrap": 10000,
            "seed": 44
          },
          "average": {
            "delta": -0.005609224948860226,
            "ci95": [
              -0.00832799239670824,
              -0.0028677644140703853
            ],
            "probability_better": 1.0,
            "n_bootstrap": 10000,
            "seed": 45
          }
        },
        "teacher": {
          "homo": {
            "delta": 0.00038894299937771354,
            "ci95": [
              -0.0022332983898148057,
              0.002894738705841338
            ],
            "probability_better": 0.3849,
            "n_bootstrap": 10000,
            "seed": 42
          },
          "lumo": {
            "delta": -0.0034646677044527533,