{
  "n": 5000,
  "metrics": {
    "control_a": {
      "gap": {
        "mae_eV": 0.3130064205736374,
        "r2": 0.7980759565508448
      }
    },
    "repair_v2": {
      "gap": {
        "mae_eV": 0.3172687195693588,
        "r2": 0.7941956558192461
      }
    },
    "teacher": {
      "gap": {
        "mae_eV": 0.3124634577953042,
        "r2": 0.7990147775535499
      }
    },
    "student_w30": {
      "gap": {
        "mae_eV": 0.3092364800631011,
        "r2": 0.791661798007125
      }
    }
  },
  "student_delta_vs": {
    "control_a": {
      "gap": {
        "delta": -0.003769940510536355,
        "ci95": [
          -0.007025114522441386,
          -0.0005951787757185478
        ],
        "probability_better": 0.9891,
        "n_bootstrap": 10000,
        "seed": 142
      }
    },
    "teacher": {
      "gap": {
        "delta": -0.003226977732203126,
        "ci95": [
          -0.006054267163686456,
          -0.00042551647038733143
        ],
        "probability_better": 0.9881,
        "n_bootstrap": 10000,
        "seed": 142
      }
    }
  }
}