{
  "n_valid": 1980,
  "scopes": {
    "all": {
      "n": 1980,
      "original1m_equal_cost_control": {
        "homo": {
          "mae_eV": 0.09384915853029664,
          "r2": 0.9193369487989838
        },
        "lumo": {
          "mae_eV": 0.09418380769523217,
          "r2": 0.9708174244794162
        },
        "gap": {
          "mae_eV": 0.11907017332325578,
          "r2": 0.962234005809188
        },
        "average": {
          "mae_eV": 0.1023677131829282,
          "r2": 0.9507961263625294
        }
      },
      "broad_residual98k_uniform": {
        "homo": {
          "mae_eV": 0.0937788217242383,
          "r2": 0.9196345197575512
        },
        "lumo": {
          "mae_eV": 0.09431768525526034,
          "r2": 0.9708646059149988
        },
        "gap": {
          "mae_eV": 0.11964403157430578,
          "r2": 0.9622155950204693
        },
        "average": {
          "mae_eV": 0.10258017951793479,
          "r2": 0.950904906897673
        }
      },
      "candidate_minus_baseline": {
        "homo": {
          "mae_delta_eV": -7.033680605834468e-05,
          "ci95_eV": [
            -0.0007015392458364574,
            0.0005451890554968071
          ],
          "p_candidate_better": 0.5917
        },
        "lumo": {
          "mae_delta_eV": 0.00013387756002817606,
          "ci95_eV": [
            -0.0004888012007729169,
            0.0007678126315506781
          ],
          "p_candidate_better": 0.3403
        },
        "gap": {
          "mae_delta_eV": 0.0005738582510499885,
          "ci95_eV": [
            -0.0003010730706809144,
            0.0014320774318607773
          ],
          "p_candidate_better": 0.0988
        },
        "average": {
          "mae_delta_eV": 0.00021246633500660673,
          "ci95_eV": [
            -0.0002740667906294276,
            0.0007013488834110959
          ],
          "p_candidate_better": 0.1916
        }
      }
    },
    "ood1000": {
      "n": 999,
      "original1m_equal_cost_control": {
        "homo": {
          "mae_eV": 0.10691221392535896,
          "r2": 0.9039374565125067
        },
        "lumo": {
          "mae_eV": 0.10530758340348002,
          "r2": 0.9728170650249617
        },
        "gap": {
          "mae_eV": 0.13535912913731812,
          "r2": 0.962467421699463
        },
        "average": {
          "mae_eV": 0.11585964215538568,
          "r2": 0.9464073144123105
        }
      },
      "broad_residual98k_uniform": {
        "homo": {
          "mae_eV": 0.10625548147864926,
          "r2": 0.9045462397160678
        },
        "lumo": {
          "mae_eV": 0.105095632206651,
          "r2": 0.9733303237024558
        },
        "gap": {
          "mae_eV": 0.13481471996288666,
          "r2": 0.963046434312549
        },
        "average": {
          "mae_eV": 0.1153886112160623,
          "r2": 0.9469743325770241
        }
      },
      "candidate_minus_baseline": {
        "homo": {
          "mae_delta_eV": -0.0006567324467097064,
          "ci95_eV": [
            -0.0014780968143030479,
            0.00013151977437049944
          ],
          "p_candidate_better": 0.9486
        },
        "lumo": {
          "mae_delta_eV": -0.00021195119682900697,
          "ci95_eV": [
            -0.001056749448248572,
            0.0006187968020553007
          ],
          "p_candidate_better": 0.6822
        },
        "gap": {
          "mae_delta_eV": -0.0005444091744314453,
          "ci95_eV": [
            -0.0016714800340838886,
            0.0006035009318532009
          ],
          "p_candidate_better": 0.8185
        },
        "average": {
          "mae_delta_eV": -0.00047103093932338643,
          "ci95_eV": [
            -0.0011817937798631745,
            0.00020553866367479815
          ],
          "p_candidate_better": 0.9105
        }
      }
    },
    "p8_targeted_hard": {
      "n": 981,
      "original1m_equal_cost_control": {
        "homo": {
          "mae_eV": 0.08054641404541668,
          "r2": 0.9253660348361678
        },
        "lumo": {
          "mae_eV": 0.08285592601068618,
          "r2": 0.9584015280005406
        },
        "gap": {
          "mae_eV": 0.10248233758599967,
          "r2": 0.9407012990032388
        },
        "average": {
          "mae_eV": 0.08862822588070085,
          "r2": 0.9414896206133158
        }
      },
      "broad_residual98k_uniform": {
        "homo": {
          "mae_eV": 0.08107323243304917,
          "r2": 0.9253672115231559
        },
        "lumo": {
          "mae_eV": 0.08334197780934874,
          "r2": 0.9575858117383067
        },
        "gap": {
          "mae_eV": 0.10419498193088855,
          "r2": 0.9394201951822715
        },
        "average": {
          "mae_eV": 0.08953673072442882,
          "r2": 0.940791072814578
        }
      },
      "candidate_minus_baseline": {
        "homo": {
          "mae_delta_eV": 0.0005268183876324916,
          "ci95_eV": [
            -0.00042558669535786573,
            0.001534148035533703
          ],
          "p_candidate_better": 0.1504
        },
        "lumo": {
          "mae_delta_eV": 0.0004860517986625551,
          "ci95_eV": [
            -0.00045482292329928486,
            0.0014361369769342843
          ],
          "p_candidate_better": 0.1477
        },
        "gap": {
          "mae_delta_eV": 0.00171264434488888,
          "ci95_eV": [
            0.0004067219801801798,
            0.003008199646112087
          ],
          "p_candidate_better": 0.0044
        },
        "average": {
          "mae_delta_eV": 0.0009085048437279759,
          "ci95_eV": [
            0.00021762358642653533,
            0.0016263824067702494
          ],
          "p_candidate_better": 0.0051
        }
      }
    }
  }
}