{
  "n_valid": 5000,
  "original1m_equal_cost_control": {
    "homo": {
      "mae_eV": 0.14203141045881676,
      "r2": 0.7968671211811109
    },
    "lumo": {
      "mae_eV": 0.1387612587780187,
      "r2": 0.9291871295973702
    },
    "gap": {
      "mae_eV": 0.1947974717648644,
      "r2": 0.8698317834893929
    },
    "average": {
      "mae_eV": 0.15853004700056664,
      "r2": 0.865295344755958
    }
  },
  "broad_residual98k_uniform": {
    "homo": {
      "mae_eV": 0.13650257518535963,
      "r2": 0.8130292953793079
    },
    "lumo": {
      "mae_eV": 0.13250074669298173,
      "r2": 0.9342243261049553
    },
    "gap": {
      "mae_eV": 0.18486361344778265,
      "r2": 0.8825486490096008
    },
    "average": {
      "mae_eV": 0.15128897844204137,
      "r2": 0.8766007568312881
    }
  },
  "candidate_minus_baseline": {
    "homo": {
      "mae_delta_eV": -0.005528835273457115,
      "ci95_eV": [
        -0.006420512128349035,
        -0.004665571052817026
      ],
      "p_candidate_better": 1.0
    },
    "lumo": {
      "mae_delta_eV": -0.006260512085036987,
      "ci95_eV": [
        -0.00711756779230646,
        -0.005429808063125992
      ],
      "p_candidate_better": 1.0
    },
    "gap": {
      "mae_delta_eV": -0.00993385831708172,
      "ci95_eV": [
        -0.011428206105879416,
        -0.008541736001939582
      ],
      "p_candidate_better": 1.0
    },
    "average": {
      "mae_delta_eV": -0.007241068558525274,
      "ci95_eV": [
        -0.008174041089994833,
        -0.006381367406254678
      ],
      "p_candidate_better": 1.0
    }
  }
}