{
  "n_eval": 1977,
  "eval_set_counts": {
    "ood1000": 999,
    "p8_targeted_hard": 978
  },
  "models": {
    "phase7_full": {
      "gps_2d": {
        "all": {
          "HOMO": {
            "mae": 0.13443243503570557,
            "r2": 0.8475059866905212
          },
          "LUMO": {
            "mae": 0.13411986827850342,
            "r2": 0.9433275461196899
          },
          "Gap": {
            "mae": 0.18902559578418732,
            "r2": 0.9106847643852234
          },
          "average": {
            "mae": 0.1525259663661321,
            "r2": 0.9005060990651449
          }
        },
        "ood1000": {
          "HOMO": {
            "mae": 0.11790592223405838,
            "r2": 0.8852291107177734
          },
          "LUMO": {
            "mae": 0.11591943353414536,
            "r2": 0.9679263830184937
          },
          "Gap": {
            "mae": 0.15654341876506805,
            "r2": 0.9514508247375488
          },
          "average": {
            "mae": 0.13012292484442392,
            "r2": 0.9348687728246053
          }
        },
        "p8_targeted_hard": {
          "HOMO": {
            "mae": 0.15131379663944244,
            "r2": 0.7864410281181335
          },
          "LUMO": {
            "mae": 0.15271107852458954,
            "r2": 0.8798419237136841
          },
          "Gap": {
            "mae": 0.222205251455307,
            "r2": 0.7749761343002319
          },
          "average": {
            "mae": 0.17541004220644632,
            "r2": 0.8137530287106832
          }
        }
      },
      "schnet_3d": {
        "all": {
          "HOMO": {
            "mae": 0.14355185627937317,
            "r2": 0.8328711986541748
          },
          "LUMO": {
            "mae": 0.14858092367649078,
            "r2": 0.9317691326141357
          },
          "Gap": {
            "mae": 0.20284263789653778,
            "r2": 0.9025280475616455
          },
          "average": {
            "mae": 0.16499180595080057,
            "r2": 0.889056126276652
          }
        },
        "ood1000": {
          "HOMO": {
            "mae": 0.13341973721981049,
            "r2": 0.8646953701972961
          },
          "LUMO": {
            "mae": 0.13339990377426147,
            "r2": 0.9593313336372375
          },
          "Gap": {
            "mae": 0.17800579965114594,
            "r2": 0.9440425038337708
          },
          "average": {
            "mae": 0.1482751468817393,
            "r2": 0.9226897358894348
          }
        },
        "p8_targeted_hard": {
          "HOMO": {
            "mae": 0.15390154719352722,
            "r2": 0.7762670516967773
          },
          "LUMO": {
            "mae": 0.1640879064798355,
            "r2": 0.8592228293418884
          },
          "Gap": {
            "mae": 0.22821278870105743,
            "r2": 0.760680079460144
          },
          "average": {
            "mae": 0.18206741412480673,
            "r2": 0.7987233201662699
          }
        }
      },
      "hybrid": {
        "all": {
          "HOMO": {
            "mae": 0.12735363841056824,
            "r2": 0.8626466989517212
          },
          "LUMO": {
            "mae": 0.12920187413692474,
            "r2": 0.9468684196472168
          },
          "Gap": {
            "mae": 0.1792980134487152,
            "r2": 0.9186787009239197
          },
          "average": {
            "mae": 0.14528450866540274,
            "r2": 0.9093979398409525
          }
        },
        "ood1000": {
          "HOMO": {
            "mae": 0.11227814853191376,
            "r2": 0.8967688083648682
          },
          "LUMO": {
            "mae": 0.11183933168649673,
            "r2": 0.9703791737556458
          },
          "Gap": {
            "mae": 0.14880840480327606,
            "r2": 0.9566240310668945
          },
          "average": {
            "mae": 0.12430862834056218,
            "r2": 0.9412573377291361
          }
        },
        "p8_targeted_hard": {
          "HOMO": {
            "mae": 0.14275284111499786,
            "r2": 0.8074881434440613
          },
          "LUMO": {
            "mae": 0.14693720638751984,
            "r2": 0.8864997625350952
          },
          "Gap": {
            "mae": 0.21044230461120605,
            "r2": 0.793375551700592
          },
          "average": {
            "mae": 0.16671078403790793,
            "r2": 0.8291211525599161
          }
        }
      }
    },
    "replacement300k_full": {
      "gps_2d": {
        "all": {
          "HOMO": {
            "mae": 0.1306760162115097,
            "r2": 0.8602092862129211
          },
          "LUMO": {
            "mae": 0.12840302288532257,
            "r2": 0.9497470855712891
          },
          "Gap": {
            "mae": 0.18111805617809296,
            "r2": 0.923010528087616
          },
          "average": {
            "mae": 0.14673236509164175,
            "r2": 0.910988966623942
          }
        },
        "ood1000": {
          "HOMO": {
            "mae": 0.1235208734869957,
            "r2": 0.8833969235420227
          },
          "LUMO": {
            "mae": 0.1169448047876358,
            "r2": 0.9686282277107239
          },
          "Gap": {
            "mae": 0.16375766694545746,
            "r2": 0.9510088562965393
          },
          "average": {
            "mae": 0.13474111507336298,
            "r2": 0.9343446691830953
          }
        },
        "p8_targeted_hard": {
          "HOMO": {
            "mae": 0.13798482716083527,
            "r2": 0.8165839910507202
          },
          "LUMO": {
            "mae": 0.14010728895664215,
            "r2": 0.8990013599395752
          },
          "Gap": {
            "mae": 0.19885122776031494,
            "r2": 0.8210465312004089
          },
          "average": {
            "mae": 0.1589811146259308,
            "r2": 0.8455439607302347
          }
        }
      },
      "schnet_3d": {
        "all": {
          "HOMO": {
            "mae": 0.12920895218849182,
            "r2": 0.8635419011116028
          },
          "LUMO": {
            "mae": 0.1321149319410324,
            "r2": 0.9431182742118835
          },
          "Gap": {
            "mae": 0.17842906713485718,
            "r2": 0.9216962456703186
          },
          "average": {
            "mae": 0.14658431708812714,
            "r2": 0.9094521403312683
          }
        },
        "ood1000": {
          "HOMO": {
            "mae": 0.13115926086902618,
            "r2": 0.8707735538482666
          },
          "LUMO": {
            "mae": 0.1256922483444214,
            "r2": 0.962992250919342
          },
          "Gap": {
            "mae": 0.1688982993364334,
            "r2": 0.9497936367988586
          },
          "average": {
            "mae": 0.14191660284996033,
            "r2": 0.9278531471888224
          }
        },
        "p8_targeted_hard": {
          "HOMO": {
            "mae": 0.12721677124500275,
            "r2": 0.8376573324203491
          },
          "LUMO": {
            "mae": 0.1386755257844925,
            "r2": 0.8885139226913452
          },
          "Gap": {
            "mae": 0.18816448748111725,
            "r2": 0.8187882900238037
          },
          "average": {
            "mae": 0.1513522615035375,
            "r2": 0.8483198483784994
          }
        }
      },
      "hybrid": {
        "all": {
          "HOMO": {
            "mae": 0.11496271193027496,
            "r2": 0.8859754204750061
          },
          "LUMO": {
            "mae": 0.1140933558344841,
            "r2": 0.9581181406974792
          },
          "Gap": {
            "mae": 0.1560906171798706,
            "r2": 0.9388691782951355
          },
          "average": {
            "mae": 0.12838222831487656,
            "r2": 0.9276542464892069
          }
        },
        "ood1000": {
          "HOMO": {
            "mae": 0.11308291554450989,