{
  "blend": "equal_prediction_average",
  "weight_a": 0.5,
  "weight_b": 0.5,
  "metrics": {
    "validation": {
      "HOMO": {
        "mae": 0.07735535502433777
      },
      "LUMO": {
        "mae": 0.08307137340307236
      },
      "Gap": {
        "mae": 0.10694785416126251
      },
      "average": {
        "mae": 0.08912485092878342
      }
    },
    "test": {
      "HOMO": {
        "mae": 0.07716654241085052
      },
      "LUMO": {
        "mae": 0.08145129680633545
      },
      "Gap": {
        "mae": 0.1062886118888855
      },
      "average": {
        "mae": 0.08830215036869049
      }
    }
  }
}