{
  "kind": "v3_etkdg_conformer_ensemble_probe",
  "hybrid_key": "phase8_expansion_hybrid",
  "k": 8,
  "seed": 42,
  "n_input": 1977,
  "n_valid": 1977,
  "n_conformers": 15791,
  "n_confs_summary": {
    "min": 2,
    "mean": 7.987354577642893,
    "max": 8
  },
  "metrics": {
    "stored_single": {
      "all": {
        "HOMO": {
          "mae": 0.09427028894424438,
          "r2": 0.9200371503829956,
          "bias": -0.00467311916872859
        },
        "LUMO": {
          "mae": 0.09723415970802307,
          "r2": 0.9679349660873413,
          "bias": -0.002560566645115614
        },
        "Gap": {
          "mae": 0.12528079748153687,
          "r2": 0.9568759202957153,
          "bias": -0.0003734708297997713
        },
        "average": {
          "mae": 0.10559508204460144,
          "r2": 0.9482826789220175
        }
      },
      "ood1000": {
        "HOMO": {
          "mae": 0.10365188121795654,
          "r2": 0.9110788702964783,
          "bias": 0.0006422719452530146
        },
        "LUMO": {
          "mae": 0.10354243218898773,
          "r2": 0.9741761088371277,
          "bias": -0.009244311600923538
        },
        "Gap": {
          "mae": 0.13399004936218262,
          "r2": 0.9646732211112976,
          "bias": -0.012674623169004917
        },
        "average": {
          "mae": 0.1137281209230423,
          "r2": 0.9499760667483012
        }
      },
      "p8_targeted_hard": {
        "HOMO": {
          "mae": 0.0846872478723526,
          "r2": 0.9191766381263733,
          "bias": -0.010102644562721252
        },
        "LUMO": {
          "mae": 0.09079043567180634,
          "r2": 0.9465464949607849,
          "bias": 0.004266694653779268
        },
        "Gap": {
          "mae": 0.11638452857732773,
          "r2": 0.9163423776626587,
          "bias": 0.012191818095743656
        },
        "average": {
          "mae": 0.09728740404049556,
          "r2": 0.927355170249939
        }
      }
    },
    "conformer_ensemble": {
      "all": {
        "HOMO": {
          "mae": 0.09334888309240341,
          "r2": 0.9218420386314392,
          "bias": -0.004950185306370258
        },
        "LUMO": {
          "mae": 0.09644263982772827,
          "r2": 0.9681483507156372,
          "bias": -0.0035685657057911158
        },
        "Gap": {
          "mae": 0.12352225929498672,
          "r2": 0.9581446647644043,
          "bias": -0.001109749311581254
        },
        "average": {
          "mae": 0.10443792740503947,
          "r2": 0.9493783513704935
        }
      },
      "ood1000": {
        "HOMO": {
          "mae": 0.1023637130856514,
          "r2": 0.913219153881073,
          "bias": -0.00012205265375087038
        },
        "LUMO": {
          "mae": 0.10217596590518951,
          "r2": 0.9745012521743774,
          "bias": -0.010674613527953625
        },
        "Gap": {
          "mae": 0.1318994164466858,
          "r2": 0.9656641483306885,
          "bias": -0.013327938504517078
        },
        "average": {
          "mae": 0.11214636514584224,
          "r2": 0.9511281847953796
        }
      },
      "p8_targeted_hard": {
        "HOMO": {
          "mae": 0.08414047211408615,
          "r2": 0.9208564758300781,
          "bias": -0.00988199096173048
        },
        "LUMO": {
          "mae": 0.09058620035648346,
          "r2": 0.9466121792793274,
          "bias": 0.003690066747367382
        },
        "Gap": {
          "mae": 0.11496523767709732,
          "r2": 0.9189054369926453,
          "bias": 0.011370792053639889
        },
        "average": {
          "mae": 0.0965639700492223,
          "r2": 0.928791364034017
        }
      }
    }
  },
  "conformer_std_mean": {
    "homo": 0.013279215432703495,
    "lumo": 0.0133900735527277,
    "gap": 0.01782834343612194
  }
}