{
  "kind": "v3_etkdg_conformer_ensemble_probe",
  "hybrid_key": "phase8_expansion_hybrid",
  "k": 4,
  "seed": 42,
  "n_input": 1977,
  "n_valid": 1977,
  "n_conformers": 7893,
  "n_confs_summary": {
    "min": 1,
    "mean": 3.9924127465857357,
    "max": 4
  },
  "metrics": {
    "stored_single": {
      "all": {
        "HOMO": {
          "mae": 0.09427028894424438,
          "r2": 0.9200371503829956,
          "bias": -0.00467311916872859
        },
        "LUMO": {
          "mae": 0.09723415970802307,
          "r2": 0.9679349660873413,
          "bias": -0.002560566645115614
        },
        "Gap": {
          "mae": 0.12528079748153687,
          "r2": 0.9568759202957153,
          "bias": -0.0003734708297997713
        },
        "average": {
          "mae": 0.10559508204460144,
          "r2": 0.9482826789220175
        }
      },
      "ood1000": {
        "HOMO": {
          "mae": 0.10365188121795654,
          "r2": 0.9110788702964783,
          "bias": 0.0006422719452530146
        },
        "LUMO": {
          "mae": 0.10354243218898773,
          "r2": 0.9741761088371277,
          "bias": -0.009244311600923538
        },
        "Gap": {
          "mae": 0.13399004936218262,
          "r2": 0.9646732211112976,
          "bias": -0.012674623169004917
        },
        "average": {
          "mae": 0.1137281209230423,
          "r2": 0.9499760667483012
        }
      },
      "p8_targeted_hard": {
        "HOMO": {
          "mae": 0.0846872478723526,
          "r2": 0.9191766381263733,
          "bias": -0.010102644562721252
        },
        "LUMO": {
          "mae": 0.09079043567180634,
          "r2": 0.9465464949607849,
          "bias": 0.004266694653779268
        },
        "Gap": {
          "mae": 0.11638452857732773,
          "r2": 0.9163423776626587,
          "bias": 0.012191818095743656
        },
        "average": {
          "mae": 0.09728740404049556,
          "r2": 0.927355170249939
        }
      }
    },
    "conformer_ensemble": {
      "all": {
        "HOMO": {
          "mae": 0.09336142987012863,
          "r2": 0.9214780330657959,
          "bias": -0.004893277771770954
        },
        "LUMO": {
          "mae": 0.09670151025056839,
          "r2": 0.9679738283157349,
          "bias": -0.0035610590130090714
        },
        "Gap": {
          "mae": 0.12376192957162857,
          "r2": 0.9578577280044556,
          "bias": -0.0011090402258560061
        },
        "average": {
          "mae": 0.10460828989744186,
          "r2": 0.9491031964619955
        }
      },
      "ood1000": {
        "HOMO": {
          "mae": 0.10220917314291,
          "r2": 0.9130493998527527,
          "bias": 8.648508810438216e-05
        },
        "LUMO": {
          "mae": 0.10247998684644699,
          "r2": 0.9743862152099609,
          "bias": -0.010767973959445953
        },
        "Gap": {
          "mae": 0.13219571113586426,
          "r2": 0.9654908180236816,
          "bias": -0.013577377423644066
        },
        "average": {
          "mae": 0.11229495704174042,
          "r2": 0.9509754776954651
        }
      },
      "p8_targeted_hard": {
        "HOMO": {
          "mae": 0.0843237042427063,
          "r2": 0.9202337861061096,
          "bias": -0.009979967959225178
        },
        "LUMO": {
          "mae": 0.09079893678426743,
          "r2": 0.9462729692459106,
          "bias": 0.003800606122240424
        },
        "Gap": {
          "mae": 0.11514703184366226,
          "r2": 0.9182189702987671,
          "bias": 0.011627022176980972
        },
        "average": {
          "mae": 0.09675655762354533,
          "r2": 0.9282419085502625
        }
      }
    }
  },
  "conformer_std_mean": {
    "homo": 0.011635665781795979,
    "lumo": 0.011692008934915066,
    "gap": 0.0154320253059268
  }
}