{
  "n_valid": 1977,
  "scopes": {
    "all": {
      "n": 1977,
      "original_1m": {
        "homo": {
          "mae_eV": 0.09406982713548716,
          "r2": 0.9191153704313919
        },
        "lumo": {
          "mae_eV": 0.09454098165004043,
          "r2": 0.9704410754864065
        },
        "gap": {
          "mae_eV": 0.11918760567635794,
          "r2": 0.9620961237821681
        },
        "average": {
          "mae_eV": 0.10259947148729519,
          "r2": 0.9505508565666556
        }
      },
      "additive_1p5m": {
        "homo": {
          "mae_eV": 0.09593662742332945,
          "r2": 0.9176236651475568
        },
        "lumo": {
          "mae_eV": 0.09494781707316939,
          "r2": 0.9705748529988429
        },
        "gap": {
          "mae_eV": 0.122268060243319,
          "r2": 0.9609254609998032
        },
        "average": {
          "mae_eV": 0.10438416824660593,
          "r2": 0.9497079930487343
        }
      },
      "candidate_minus_baseline": {
        "homo": {
          "mae_delta_eV": 0.0018668002878422859,
          "ci95_eV": [
            -1.743918218747689e-05,
            0.0037295859578182593
          ],
          "p_candidate_better": 0.0265
        },
        "lumo": {
          "mae_delta_eV": 0.00040683542312895546,
          "ci95_eV": [
            -0.0015745974626731548,
            0.0023463268879876653
          ],
          "p_candidate_better": 0.3449
        },
        "gap": {
          "mae_delta_eV": 0.003080454566961051,
          "ci95_eV": [
            0.0003646824094487046,
            0.005789090265285782
          ],
          "p_candidate_better": 0.0134
        },
        "average": {
          "mae_delta_eV": 0.0017846967593107643,
          "ci95_eV": [
            0.00012590441669798187,
            0.0034185960915538004
          ],
          "p_candidate_better": 0.0163
        }
      }
    },
    "ood1000": {
      "n": 999,
      "original_1m": {
        "homo": {
          "mae_eV": 0.10699275988973399,
          "r2": 0.903976680910116
        },
        "lumo": {
          "mae_eV": 0.10529928825388106,
          "r2": 0.9728999384774794
        },
        "gap": {
          "mae_eV": 0.13490807752162873,
          "r2": 0.9627852066193268
        },
        "average": {
          "mae_eV": 0.11573337522174791,
          "r2": 0.9465539420023074
        }
      },
      "additive_1p5m": {
        "homo": {
          "mae_eV": 0.1057482679668951,
          "r2": 0.9071741367403556
        },
        "lumo": {
          "mae_eV": 0.09957424439159882,
          "r2": 0.9759965438827392
        },
        "gap": {
          "mae_eV": 0.1303474428794857,
          "r2": 0.9654350634010118
        },
        "average": {
          "mae_eV": 0.11188998507932654,
          "r2": 0.9495352480080355
        }
      },
      "candidate_minus_baseline": {
        "homo": {
          "mae_delta_eV": -0.001244491922838885,
          "ci95_eV": [
            -0.004020449091789185,
            0.001442584639707459
          ],
          "p_candidate_better": 0.8136
        },
        "lumo": {
          "mae_delta_eV": -0.005725043862282234,
          "ci95_eV": [
            -0.008539978762278251,
            -0.0029885561818789263
          ],
          "p_candidate_better": 1.0
        },
        "gap": {
          "mae_delta_eV": -0.004560634642143035,
          "ci95_eV": [
            -0.008381150296329886,
            -0.0007746308203168997
          ],
          "p_candidate_better": 0.9906
        },
        "average": {
          "mae_delta_eV": -0.003843390142421384,
          "ci95_eV": [
            -0.006207160276414083,
            -0.001527423114468104
          ],
          "p_candidate_better": 0.9996
        }
      }
    },
    "p8_targeted_hard": {
      "n": 978,
      "original_1m": {
        "homo": {
          "mae_eV": 0.08086940809510619,
          "r2": 0.9248339693934597
        },
        "lumo": {
          "mae_eV": 0.08355166846268176,
          "r2": 0.9569605170201418
        },
        "gap": {
          "mae_eV": 0.10312957768717032,
          "r2": 0.939430326828893
        },
        "average": {
          "mae_eV": 0.0891835514149861,
          "r2": 0.9404082710808316
        }
      },
      "additive_1p5m": {
        "homo": {
          "mae_eV": 0.08591430748158907,
          "r2": 0.9180608631482102
        },
        "lumo": {
          "mae_eV": 0.09022204929084729,
          "r2": 0.9515258581200817
        },
        "gap": {
          "mae_eV": 0.1140151939309156,
          "r2": 0.929571434751017
        },
        "average": {
          "mae_eV": 0.09671718356778398,
          "r2": 0.9330527186731029
        }
      },
      "candidate_minus_baseline": {
        "homo": {
          "mae_delta_eV": 0.0050448993864828685,
          "ci95_eV": [
            0.002517379376521812,
            0.007580464049490105
          ],
          "p_candidate_better": 0.0
        },
        "lumo": {
          "mae_delta_eV": 0.006670380828165537,
          "ci95_eV": [
            0.003960521463987966,
            0.009314650100152283
          ],
          "p_candidate_better": 0.0
        },
        "gap": {
          "mae_delta_eV": 0.010885616243745289,
          "ci95_eV": [
            0.006994790229353989,
            0.014716308138884535
          ],
          "p_candidate_better": 0.0
        },
        "average": {
          "mae_delta_eV": 0.007533632152797897,
          "ci95_eV": [
            0.005231472971480489,
            0.009885071757089886
          ],
          "p_candidate_better": 0.0
        }
      }
    }
  }
}