{
  "n_valid": 2988,
  "original_1m": {
    "gap": {
      "mae_eV": 0.2689850248249256,
      "r2": 0.8207468726974804
    }
  },
  "additive_1p5m": {
    "gap": {
      "mae_eV": 0.265977839155807,
      "r2": 0.8213880665855788
    }
  },
  "candidate_minus_baseline": {
    "gap": {
      "mae_delta_eV": -0.0030071856691185114,
      "ci95_eV": [
        -0.005826648168427892,
        -0.00016458653238522964
      ],
      "p_candidate_better": 0.9805
    }
  }
}