{
  "n_valid": 1977,
  "scopes": {
    "all": {
      "n": 1977,
      "routed_v4_500k": {
        "homo": {
          "mae_eV": 0.09302154330967122,
          "r2": 0.9214894986569758
        },
        "lumo": {
          "mae_eV": 0.0953593451627036,
          "r2": 0.9690569224330617
        },
        "gap": {
          "mae_eV": 0.12258057011659332,
          "r2": 0.9590292439735103
        },
        "average": {
          "mae_eV": 0.10365381952965605,
          "r2": 0.9498585550211827
        }
      },
      "repaired_2m_d_gps7_seed43": {
        "homo": {
          "mae_eV": 0.09267111487895802,
          "r2": 0.9227815075454749
        },
        "lumo": {
          "mae_eV": 0.09138949764867284,
          "r2": 0.9725492094457542
        },
        "gap": {
          "mae_eV": 0.11640245070107992,
          "r2": 0.9637429274244209
        },
        "average": {
          "mae_eV": 0.10015435440957025,
          "r2": 0.9530245481385501
        }
      },
      "candidate_minus_routed_v4_500k": {
        "homo": {
          "mae_delta_eV": -0.000350428430713208,
          "normal_ci95_eV": [
            -0.0030040669151877183,
            0.0023032100537613022
          ],
          "candidate_win_rate": 0.5068285280728376
        },
        "lumo": {
          "mae_delta_eV": -0.00396984751403075,
          "normal_ci95_eV": [
            -0.006675624757086075,
            -0.0012640702709754243
          ],
          "candidate_win_rate": 0.5164390490642388
        },
        "gap": {
          "mae_delta_eV": -0.0061781194155134085,
          "normal_ci95_eV": [
            -0.00994140443944125,
            -0.0024148343915855676
          ],
          "candidate_win_rate": 0.5128983308042488
        },
        "average": {
          "mae_delta_eV": -0.003499465120085789,
          "normal_ci95_eV": [
            -0.0058644823044903625,
            -0.0011344479356812163
          ],
          "candidate_win_rate": 0.5108750632271117
        }
      }
    },
    "ood1000": {
      "n": 999,
      "routed_v4_500k": {
        "homo": {
          "mae_eV": 0.10327928250488991,
          "r2": 0.911385538291508
        },
        "lumo": {
          "mae_eV": 0.10241736727041041,
          "r2": 0.9745330547455251
        },
        "gap": {
          "mae_eV": 0.13265152289234733,
          "r2": 0.9650824653303471
        },
        "average": {
          "mae_eV": 0.11278272422254923,
          "r2": 0.9503336861224602
        }
      },
      "repaired_2m_d_gps7_seed43": {
        "homo": {
          "mae_eV": 0.10362647421381882,
          "r2": 0.9107289923201425
        },
        "lumo": {
          "mae_eV": 0.09776229030997341,
          "r2": 0.97687089665798
        },
        "gap": {
          "mae_eV": 0.12732702480052552,
          "r2": 0.967309792269038
        },
        "average": {
          "mae_eV": 0.10957192977477258,
          "r2": 0.9516365604157202
        }
      },
      "candidate_minus_routed_v4_500k": {
        "homo": {
          "mae_delta_eV": 0.00034719170892891124,
          "normal_ci95_eV": [
            -0.0034438841378396858,
            0.004138267555697508
          ],
          "candidate_win_rate": 0.5075075075075075
        },
        "lumo": {
          "mae_delta_eV": -0.004655076960436998,
          "normal_ci95_eV": [
            -0.008274216562083153,
            -0.0010359373587908428
          ],
          "candidate_win_rate": 0.5125125125125125
        },
        "gap": {
          "mae_delta_eV": -0.005324498091821821,
          "normal_ci95_eV": [
            -0.010214490304101386,
            -0.0004345058795422567
          ],
          "candidate_win_rate": 0.5055055055055055
        },
        "average": {
          "mae_delta_eV": -0.0032107944477766364,
          "normal_ci95_eV": [
            -0.00634986171628904,
            -7.172717926423209e-05
          ],
          "candidate_win_rate": 0.5025025025025025
        }
      }
    },
    "p8_targeted_hard": {
      "n": 978,
      "routed_v4_500k": {
        "homo": {
          "mae_eV": 0.08254354591087422,
          "r2": 0.9220835038195533
        },
        "lumo": {
          "mae_eV": 0.08814977043305217,
          "r2": 0.949400170425258
        },
        "gap": {
          "mae_eV": 0.11229336988859918,
          "r2": 0.9233344813106865
        },
        "average": {
          "mae_eV": 0.09432889541084184,
          "r2": 0.9316060518518325
        }
      },
      "repaired_2m_d_gps7_seed43": {
        "homo": {
          "mae_eV": 0.0814805177669683,
          "r2": 0.9256602804866928
        },
        "lumo": {
          "mae_eV": 0.08487986588114803,
          "r2": 0.9561274706247622
        },
        "gap": {
          "mae_eV": 0.10524329985716768,
          "r2": 0.9359182068558766
        },
        "average": {
          "mae_eV": 0.090534561168428,
          "r2": 0.9392353193224438
        }
      },
      "candidate_minus_routed_v4_500k": {
        "homo": {
          "mae_delta_eV": -0.0010630281439059249,
          "normal_ci95_eV": [
            -0.0047764854466801464,
            0.002650429158868297
          ],
          "candidate_win_rate": 0.5061349693251533
        },
        "lumo": {
          "mae_delta_eV": -0.003269904551904122,
          "normal_ci95_eV": [
            -0.00730249344189941,
            0.0007626843380911658
          ],
          "candidate_win_rate": 0.5204498977505112
        },
        "gap": {
          "mae_delta_eV": -0.007050070031431502,
          "normal_ci95_eV": [
            -0.012789905816304157,
            -0.0013102342465588467
          ],
          "candidate_win_rate": 0.5204498977505112
        },
        "average": {
          "mae_delta_eV": -0.0037943342424138497,
          "normal_ci95_eV": [
            -0.007341964558769674,
            -0.00024670392605802586
          ],
          "candidate_win_rate": 0.5194274028629857
        }
      }
    }
  }
}