{
  "n_valid": 4981,
  "routed_v4_500k_gap_mae_eV": 0.2916908393741398,
  "repaired_2m_d_gps7_seed43_gap_mae_eV": 0.30897176551815303,
  "candidate_minus_routed_v4_500k_gap": {
    "mae_delta_eV": 0.01728092614401323,
    "normal_ci95_eV": [
      0.012398037626544265,
      0.022163814661482196
    ],
    "candidate_win_rate": 0.47219433848624776
  }
}