{
  "kind": "gps",
  "graph_path": "/work1/share/acf9jvb3sm/molgap-results/phase8/repaired_2m_d/pyg_2d_graphs_repaired_2m.pt",
  "n_graphs": 2000000,
  "n_params": 2918787,
  "training_time_s": 16478.997428894043,
  "best_val_mae": 0.10437607247829438,
  "best_epoch": 39,
  "seed": 43,
  "split_seed": 42,
  "init_from": "models/scnet/phase8_repair_v3_1p5m_gps7.pt",
  "init_compatible": false,
  "init_report": null,
  "model_params": {
    "hidden_channels": 192,
    "num_layers": 7,
    "num_heads": 4,
    "dropout": 0.05
  },
  "params": {
    "hidden_channels": 192,
    "num_layers": 7,
    "num_heads": 4,
    "dropout": 0.05,
    "lr": 8e-05,
    "weight_decay": 1.3094136884618282e-05,
    "batch_size": 256,
    "scheduler": "cosine"
  },
  "replay_sampling": {
    "source_idx_lt": 500000,
    "old_train_rows": 399985,
    "new_train_rows": 1200015,
    "old_weight": 3.0,
    "expected_old_draw_fraction": 0.4999874998437481
  },
  "retention_distillation": null,
  "test_metrics": {
    "HOMO": {
      "mae": 0.09725552052259445,
      "r2": 0.9073354136620696
    },
    "LUMO": {
      "mae": 0.09428931772708893,
      "r2": 0.9706830344570885
    },
    "Gap": {
      "mae": 0.1271481215953827,
      "r2": 0.950589511782941
    },
    "average": {
      "mae": 0.10623098661502202,
      "r2": 0.9428693199673663
    }
  },
  "log": [
    {
      "epoch": 0,
      "train_loss": 0.10758673402070999,
      "train_label_mae": 0.10758673402070999,
      "train_retention_mae": 0.0,
      "retained_draw_rows": 0,
      "val_mae": 0.10728625440597535,
      "lr": 7.987823468245856e-05,
      "time_s": 419.28146719932556
    },
    {
      "epoch": 1,
      "train_loss": 0.1069951823604107,
      "train_label_mae": 0.1069951823604107,
      "train_retention_mae": 0.0,
      "retained_draw_rows": 0,
      "val_mae": 0.10694716812610626,
      "lr": 7.951368945350794e-05,
      "time_s": 411.7102358341217
    },
    {
      "epoch": 2,
      "train_loss": 0.10636894195079803,
      "train_label_mae": 0.10636894195079803,
      "train_retention_mae": 0.0,
      "retained_draw_rows": 0,
      "val_mae": 0.1074487340927124,
      "lr": 7.890861185570823e-05,
      "time_s": 412.7061131000519
    },
    {
      "epoch": 3,
      "train_loss": 0.10603575303435325,
      "train_label_mae": 0.10603575303435325,
      "train_retention_mae": 0.0,
      "retained_draw_rows": 0,
      "val_mae": 0.10774276494979858,
      "lr": 7.806673239365857e-05,
      "time_s": 411.66038036346436
    },
    {
      "epoch": 4,
      "train_loss": 0.10557684172987938,
      "train_label_mae": 0.10557684172987938,
      "train_retention_mae": 0.0,
      "retained_draw_rows": 0,
      "val_mae": 0.10777537543296814,
      "lr": 7.699324153419583e-05,
      "time_s": 411.1897523403168
    },
    {
      "epoch": 5,
      "train_loss": 0.10514379787564278,
      "train_label_mae": 0.10514379787564278,
      "train_retention_mae": 0.0,
      "retained_draw_rows": 0,
      "val_mae": 0.10775316605567932,
      "lr": 7.569475770544053e-05,
      "time_s": 410.68822407722473
    },
    {
      "epoch": 6,
      "train_loss": 0.10482626752853394,
      "train_label_mae": 0.10482626752853394,
      "train_retention_mae": 0.0,
      "retained_draw_rows": 0,
      "val_mae": 0.10722627964019775,
      "lr": 7.417928649198665e-05,
      "time_s": 411.25273394584656
    },
    {
      "epoch": 7,
      "train_loss": 0.10435347651124001,
      "train_label_mae": 0.10435347651124001,
      "train_retention_mae": 0.0,
      "retained_draw_rows": 0,
      "val_mae": 0.10697642895698548,
      "lr": 7.245617127781044e-05,
      "time_s": 411.6496968269348
    },
    {
      "epoch": 8,
      "train_loss": 0.10390872404098511,
      "train_label_mae": 0.10390872404098511,
      "train_retention_mae": 0.0,
      "retained_draw_rows": 0,
      "val_mae": 0.10657575222015381,
      "lr": 7.053603564120124e-05,
      "time_s": 412.60092782974243
    },
    {
      "epoch": 9,
      "train_loss": 0.10364848263144492,
      "train_label_mae": 0.10364848263144492,
      "train_retention_mae": 0.0,
      "retained_draw_rows": 0,
      "val_mae": 0.10731212819576263,
      "lr": 6.843071785686864e-05,
      "time_s": 411.89883852005005
    },
    {
      "epoch": 10,
      "train_loss": 0.10313409669280052,
      "train_label_mae": 0.10313409669280052,
      "train_retention_mae": 0.0,
      "retained_draw_rows": 0,
      "val_mae": 0.10670951548099518,
      "lr": 6.615319790904228e-05,
      "time_s": 411.66987466812134
    },
    {
      "epoch": 11,
      "train_loss": 0.10290725023508072,
      "train_label_mae": 0.10290725023508072,
      "train_retention_mae": 0.0,
      "retained_draw_rows": 0,
      "val_mae": 0.10655671428203582,
      "lr": 6.371751746555271e-05,
      "time_s": 410.89443278312683
    },
    {
      "epoch": 12,
      "train_loss": 0.10251453706979752,
      "train_label_mae": 0.10251453706979752,
      "train_retention_mae": 0.0,
      "retained_draw_rows": 0,
      "val_mae": 0.10685207338809967,
      "lr": 6.113869330627999e-05,
      "time_s": 410.9471778869629
    },
    {
      "epoch": 13,
      "train_loss": 0.10213045132398606,
      "train_label_mae": 0.10213045132398606,
      "train_retention_mae": 0.0,
      "retained_draw_rows": 0,
      "val_mae": 0.10665303893566132,
      "lr": 5.843262473971211e-05,
      "time_s": 411.1960620880127
    },
    {
      "epoch": 14,
      "train_loss": 0.10176159357070923,
      "train_label_mae": 0.10176159357070923,
      "train_retention_mae": 0.0,
      "retained_draw_rows": 0,
      "val_mae": 0.10635926904201508,
      "lr": 5.561599557842106e-05,
      "time_s": 411.06973481178284
    },
    {
      "epoch": 15,
      "train_loss": 0.10159640721797943,
      "train_label_mae": 0.10159640721797943,
      "train_retention_mae": 0.0,
      "retained_draw_rows": 0,
      "val_mae": 0.10627699818611146,
      "lr": 5.270617127781044e-05,
      "time_s": 411.08439922332764
    },
    {
      "epoch": 16,
      "train_loss": 0.10127540999412536,
      "train_label_mae": 0.10127540999412536,
      "train_retention_mae": 0.0,
      "retained_draw_rows": 0,
      "val_mae": 0.10619193156242371,
      "lr": 4.9721091872308284e-05,
      "time_s": 410.8523061275482
    },
    {
      "epoch": 17,
      "train_loss": 0.10092469225645065,
      "train_label_mae": 0.10092469225645065,
      "train_retention_mae": 0.0,
      "retained_draw_rows": 0,
      "val_mae": 0.10586308313846589,
      "lr": 4.667916136908914e-05,
      "time_s": 411.215678691864
    },
    {
      "epoch": 18,
      "train_loss": 0.10066640711188317,
      "train_label_mae": 0.10066640711188317,
      "train_retention_mae": 0.0,
      "retained_draw_rows": 0,
      "val_mae": 0.10611644382476806,
      "lr": 4.359913428124989e-05,
      "time_s": 411.04388403892517
    },
    {
      "epoch": 19,
      "train_loss": 0.10029316303133964,
      "train_label_mae": 0.10029316303133964,
      "train_retention_mae": 0.0,
      "retained_draw_rows": 0,
      "val_mae": 0.10602334221839904,
      "lr": 4.050000000000001e-05,
      "time_s": 411.1207022666931
    },
    {
      "epoch": 20,
      "train_loss": 0.09998689837574959,
      "train_label_mae": 0.09998689837574959,
      "train_retention_mae": 0.0,
      "retained_draw_rows": 0,
      "val_mae": 0.1057994766330719,
      "lr": 3.740086571875014e-05,
      "time_s": 411.0619568824768
    },
    {
      "epoch": 21,
      "train_loss": 0.09975240519285201,
      "train_label_mae": 0.09975240519285201,
      "train_retention_mae": 0.0,
      "retained_draw_rows": 0,
      "val_mae": 0.10549084357023239,
      "lr": 3.43208386309109e-05,
      "time_s": 411.1942529678345
    },
    {
      "epoch": 22,
      "train_loss": 0.09944519441962242,
      "train_label_mae": 0.09944519441962242,
      "train_retention_mae": 0.0,
      "retained_draw_rows": 0,
      "val_mae": 0.10561921815633774,