{
  "experiment": "phase8_20_hierarchical_oracle",
  "inputs": {
    "base": "results\\phase8\\repaired_2m\\retention_d_seed42_raw\\common_predictions.csv",
    "base_sha256": "643313c4fe9a5d214de9020066ca328585a9d5cd003e915af0f51679c5b67596",
    "hard_teacher": "results\\phase8\\multi2d_expert_ensemble\\common_predictions.csv",
    "hard_teacher_sha256": "20acf17c517401b64411b6ab8ff73d03f90ccaf2ec4911076cfebf66f4e80205",
    "pcqm_base": "results\\phase8\\repaired_2m\\retention_d_seed42_raw\\pcqm_predictions.csv",
    "pcqm_base_sha256": "9f228b96334afa28f50cec4fceff8f256e11a761aa33a221b1a8177778d504a6",
    "pcqm_expert": "results\\kaggle\\pcqm_gine_expert_pilot\\v4_raw_20260724\\pcqm_official_valid_5k_predictions.csv",
    "pcqm_expert_sha256": "e98625a7b3d6e99dec84252f091e0c614c46fe01d672c209c5210377cc84d011"
  },
  "alignment": {
    "base_rows": 1977,
    "teacher_rows": 1980,
    "aligned_rows": 1977,
    "teacher_only_rows_excluded": 3,
    "sealed_20k_used": false
  },
  "molecular_oracle": {
    "common": {
      "n": 1977,
      "target_names": [
        "homo",
        "lumo",
        "gap"
      ],
      "cost_contract": {
        "base_encoder_passes": 1.0,
        "hard_teacher_encoder_passes_when_called": 4.0
      },
      "methods": {
        "base": {
          "targets": {
            "homo": {
              "mae_eV": 0.09265058526693981
            },
            "lumo": {
              "mae_eV": 0.09065441690558522
            },
            "gap": {
              "mae_eV": 0.11691796622558676
            }
          },
          "average_mae_eV": 0.10007432279937059
        },
        "expert": {
          "targets": {
            "homo": {
              "mae_eV": 0.0918823600872686
            },
            "lumo": {
              "mae_eV": 0.09201293482296155
            },
            "gap": {
              "mae_eV": 0.11674823037612292
            }
          },
          "average_mae_eV": 0.10021450842878435
        },
        "unconstrained_switch": {
          "targets": {
            "homo": {
              "mae_eV": 0.07755917626666162
            },
            "lumo": {
              "mae_eV": 0.07599969203348254
            },
            "gap": {
              "mae_eV": 0.09684713891850025
            }
          },
          "average_mae_eV": 0.08346866907288146
        },
        "unconstrained_residual": {
          "targets": {
            "homo": {
              "mae_eV": 0.07577147677422104
            },
            "lumo": {
              "mae_eV": 0.07428196642453465
            },
            "gap": {
              "mae_eV": 0.09438861731957006
            }
          },
          "average_mae_eV": 0.08148068683944192
        },
        "switch_5pct": {
          "targets": {
            "homo": {
              "mae_eV": 0.08940992915824987
            },
            "lumo": {
              "mae_eV": 0.08743150466389579
            },
            "gap": {
              "mae_eV": 0.11076465200526807
            }
          },
          "average_mae_eV": 0.09586869527580459
        },
        "residual_5pct": {
          "targets": {
            "homo": {
              "mae_eV": 0.08916672430965857
            },
            "lumo": {
              "mae_eV": 0.0871209458452615
            },
            "gap": {
              "mae_eV": 0.11052479720858877
            }
          },
          "average_mae_eV": 0.09560415578783628
        },
        "switch_10pct": {
          "targets": {
            "homo": {
              "mae_eV": 0.08733242427484066
            },
            "lumo": {
              "mae_eV": 0.08553566900513505
            },
            "gap": {
              "mae_eV": 0.10734819018937025
            }
          },
          "average_mae_eV": 0.09340542782311533
        },
        "residual_10pct": {
          "targets": {
            "homo": {
              "mae_eV": 0.08679156272322204
            },
            "lumo": {
              "mae_eV": 0.08513162045104553
            },
            "gap": {
              "mae_eV": 0.10692788477464087
            }
          },
          "average_mae_eV": 0.09295035598296948
        },
        "switch_20pct": {
          "targets": {
            "homo": {
              "mae_eV": 0.08425620986077896
            },
            "lumo": {
              "mae_eV": 0.08232567198304248
            },
            "gap": {
              "mae_eV": 0.10353997949801973
            }
          },
          "average_mae_eV": 0.09004062044728038
        },
        "residual_20pct": {
          "targets": {
            "homo": {
              "mae_eV": 0.08361992864921093
            },
            "lumo": {
              "mae_eV": 0.08193258245802984
            },
            "gap": {
              "mae_eV": 0.10235196512620383
            }
          },
          "average_mae_eV": 0.08930149207781486
        }
      },
      "budgets": {
        "5pct": {
          "requested_fraction": 0.05,
          "called_molecules": 99,
          "actual_fraction": 0.05007587253414264,
          "expected_encoder_passes_per_molecule": 1.2003034901365706
        },
        "10pct": {
          "requested_fraction": 0.1,
          "called_molecules": 198,
          "actual_fraction": 0.10015174506828528,
          "expected_encoder_passes_per_molecule": 1.4006069802731411
        },
        "20pct": {
          "requested_fraction": 0.2,
          "called_molecules": 396,
          "actual_fraction": 0.20030349013657056,
          "expected_encoder_passes_per_molecule": 1.8012139605462822
        }
      },
      "expert_win_rate_by_target": {
        "homo": 0.5174506828528073,
        "lumo": 0.5017703591299949,
        "gap": 0.5209914011127972
      },
      "unconstrained_any_target_call_fraction": 0.8052604957005564,
      "mean_optimal_alpha_by_target": {
        "homo": 0.5162169857336996,
        "lumo": 0.5064689273857574,
        "gap": 0.5185927705143284
      }
    },
    "ood1000": {
      "n": 999,
      "target_names": [
        "homo",
        "lumo",
        "gap"
      ],
      "cost_contract": {
        "base_encoder_passes": 1.0,
        "hard_teacher_encoder_passes_when_called": 4.0
      },
      "methods": {
        "base": {
          "targets": {
            "homo": {
              "mae_eV": 0.10332758320908408
            },
            "lumo": {
              "mae_eV": 0.09678232020755455
            },
            "gap": {
              "mae_eV": 0.12855515129104605
            }
          },
          "average_mae_eV": 0.10955501823589489
        },
        "expert": {
          "targets": {
            "homo": {
              "mae_eV": 0.10476738898757257
            },
            "lumo": {
              "mae_eV": 0.10114847012903903
            },
            "gap": {
              "mae_eV": 0.13115781434822327
            }
          },
          "average_mae_eV": 0.11235789115494496
        },
        "unconstrained_switch": {
          "targets": {
            "homo": {
              "mae_eV": 0.08840611213158657
            },
            "lumo": {
              "mae_eV": 0.08285777465028028
            },
            "gap": {
              "mae_eV": 0.10878053311232735
            }
          },
          "average_mae_eV": 0.09334813996473139
        },
        "unconstrained_residual": {
          "targets": {
            "homo": {
              "mae_eV": 0.08687379040263263
            },
            "lumo": {
              "mae_eV": 0.08115508937163664
            },
            "gap": {
              "mae_eV": 0.106162427163979
            }
          },
          "average_mae_eV": 0.09139710231274943
        },
        "switch_5pct": {
          "targets": {
            "homo": {
              "mae_eV": 0.10008068111903404
            },
            "lumo": {
              "mae_eV": 0.09416595827946647
            },
            "gap": {
              "mae_eV": 0.12230255816236739
            }
          },