{
  "hidden_channels": 256,
  "num_filters": 192,
  "num_interactions": 7,
  "num_gaussians": 50,
  "cutoff": 7.0,
  "dropout": 0.0,
  "lr": 0.0011506408247250173,
  "weight_decay": 0.00013199942261535007,
  "batch_size": 64,
  "scheduler": "plateau"
}