{
  "hidden_channels": 192,
  "num_filters": 256,
  "num_interactions": 6,
  "num_gaussians": 100,
  "cutoff": 6.0,
  "dropout": 0.2,
  "lr": 0.0001666698328606644,
  "weight_decay": 1.5673095467235414e-06,
  "batch_size": 64,
  "scheduler": "plateau"
}