{
  "model": "SchNet_3D_optuna",
  "params": {
    "hidden_channels": 192,
    "num_filters": 256,
    "num_interactions": 6,
    "num_gaussians": 100,
    "cutoff": 6.0,
    "dropout": 0.2,
    "lr": 0.0001666698328606644,
    "weight_decay": 1.5673095467235414e-06,
    "batch_size": 64,
    "scheduler": "plateau"
  },
  "n_params": 1457284,
  "best_epoch": 117,
  "metrics": {
    "homo": {
      "mae": 0.07986646890640259,
      "rmse": 0.12407297736950462,
      "r2": 0.9368509650230408
    },
    "lumo": {
      "mae": 0.08890371024608612,
      "rmse": 0.13724030060794828,
      "r2": 0.9668274521827698
    },
    "gap": {
      "mae": 0.11564695090055466,
      "rmse": 0.18807843511241634,
      "r2": 0.9448535442352295
    },
    "average": {
      "mae": 0.09480571001768112,
      "rmse": 0.1497972376966231,
      "r2": 0.94951065381368
    }
  }
}