{
  "model": "SchNet_3D_ETKDG_optuna",
  "params": {
    "hidden_channels": 192,
    "num_filters": 256,
    "num_interactions": 6,
    "num_gaussians": 100,
    "cutoff": 6.0,
    "dropout": 0.2,
    "lr": 0.0001666698328606644,
    "weight_decay": 1.5673095467235414e-06,
    "batch_size": 64,
    "scheduler": "plateau"
  },
  "n_params": 1457284,
  "best_epoch": 69,
  "epochs_trained": 109,
  "metrics": {
    "homo": {
      "mae": 0.12628307938575745,
      "rmse": 0.1766774115878668,
      "r2": 0.86751389503479
    },
    "lumo": {
      "mae": 0.13659177720546722,
      "rmse": 0.19946723288918783,
      "r2": 0.9302842617034912
    },
    "gap": {
      "mae": 0.17924873530864716,
      "rmse": 0.2640256274736821,
      "r2": 0.8889056444168091
    },
    "average": {
      "mae": 0.14737453063329062,
      "rmse": 0.21339009065024558,
      "r2": 0.8955679337183634
    }
  }
}