{
  "model": "SchNet_3D_optuna",
  "params": {
    "hidden_channels": 256,
    "num_filters": 192,
    "num_interactions": 7,
    "num_gaussians": 50,
    "cutoff": 7.0,
    "dropout": 0.0,
    "lr": 0.0011506408247250173,
    "weight_decay": 0.00013199942261535007,
    "batch_size": 64,
    "scheduler": "plateau"
  },
  "n_params": 1636100,
  "best_epoch": 109,
  "epochs_trained": 144,
  "metrics": {
    "homo": {
      "mae": 0.12370981276035309,
      "rmse": 0.17976386064826563,
      "r2": 0.8683971762657166
    },
    "lumo": {
      "mae": 0.12793466448783875,
      "rmse": 0.18735774922502624,
      "r2": 0.9412145614624023
    },
    "gap": {
      "mae": 0.17253069579601288,
      "rmse": 0.26029436895509533,
      "r2": 0.8988949656486511
    },
    "average": {
      "mae": 0.14139172434806824,
      "rmse": 0.20913865960946243,
      "r2": 0.9028355677922567
    }
  }
}